Copyright 1986-2021 Xilinx, Inc. All Rights Reserved.
-----------------------------------------------------------------------------------------------------------------------------------------------------------------------------------------------------------------------
| Tool Version : Vivado v.2021.1 (lin64) Build 3247384 Thu Jun 10 19:36:07 MDT 2021
| Date         : Tue Dec 30 00:24:37 2025
| Host         : indir-homePc running 64-bit Manjaro Linux
| Command      : report_timing_summary -max_paths 10 -file design_1_wrapper_timing_summary_routed.rpt -pb design_1_wrapper_timing_summary_routed.pb -rpx design_1_wrapper_timing_summary_routed.rpx -warn_on_violation
| Design       : design_1_wrapper
| Device       : 7z010-clg400
| Speed File   : -3  PRODUCTION 1.12 2019-11-22
-----------------------------------------------------------------------------------------------------------------------------------------------------------------------------------------------------------------------

Timing Summary Report

------------------------------------------------------------------------------------------------
| Timer Settings
| --------------
------------------------------------------------------------------------------------------------

  Enable Multi Corner Analysis               :  Yes
  Enable Pessimism Removal                   :  Yes
  Pessimism Removal Resolution               :  Nearest Common Node
  Enable Input Delay Default Clock           :  No
  Enable Preset / Clear Arcs                 :  No
  Disable Flight Delays                      :  No
  Ignore I/O Paths                           :  No
  Timing Early Launch at Borrowing Latches   :  No
  Borrow Time for Max Delay Exceptions       :  Yes
  Merge Timing Exceptions                    :  Yes

  Corner  Analyze    Analyze    
  Name    Max Paths  Min Paths  
  ------  ---------  ---------  
  Slow    Yes        Yes        
  Fast    Yes        Yes        


------------------------------------------------------------------------------------------------
| Report Methodology
| ------------------
------------------------------------------------------------------------------------------------

Rule       Severity          Description                                         Violations  
---------  ----------------  --------------------------------------------------  ----------  
TIMING-1   Critical Warning  Invalid clock waveform on Clock Modifying Block     1           
TIMING-2   Critical Warning  Invalid primary clock source pin                    1           
TIMING-3   Critical Warning  Invalid primary clock on Clock Modifying Block      1           
TIMING-4   Critical Warning  Invalid primary clock redefinition on a clock tree  1           
TIMING-18  Warning           Missing input or output delay                       12          
XDCB-5     Warning           Runtime inefficient way to find pin objects         1           

Note: This report is based on the most recent report_methodology run and may not be up-to-date. Run report_methodology on the current design for the latest report.



check_timing report

Table of Contents
-----------------
1. checking no_clock (0)
2. checking constant_clock (0)
3. checking pulse_width_clock (0)
4. checking unconstrained_internal_endpoints (0)
5. checking no_input_delay (0)
6. checking no_output_delay (8)
7. checking multiple_clock (0)
8. checking generated_clocks (0)
9. checking loops (0)
10. checking partial_input_delay (0)
11. checking partial_output_delay (0)
12. checking latch_loops (0)

1. checking no_clock (0)
------------------------
 There are 0 register/latch pins with no clock.


2. checking constant_clock (0)
------------------------------
 There are 0 register/latch pins with constant_clock.


3. checking pulse_width_clock (0)
---------------------------------
 There are 0 register/latch pins which need pulse_width check


4. checking unconstrained_internal_endpoints (0)
------------------------------------------------
 There are 0 pins that are not constrained for maximum delay.

 There are 0 pins that are not constrained for maximum delay due to constant clock.


5. checking no_input_delay (0)
------------------------------
 There are 0 input ports with no input delay specified.

 There are 0 input ports with no input delay but user has a false path constraint.


6. checking no_output_delay (8)
-------------------------------
 There are 8 ports with no output delay specified. (HIGH)

 There are 0 ports with no output delay but user has a false path constraint

 There are 0 ports with no output delay but with a timing clock defined on it or propagating through it


7. checking multiple_clock (0)
------------------------------
 There are 0 register/latch pins with multiple clocks.


8. checking generated_clocks (0)
--------------------------------
 There are 0 generated clocks that are not connected to a clock source.


9. checking loops (0)
---------------------
 There are 0 combinational loops in the design.


10. checking partial_input_delay (0)
------------------------------------
 There are 0 input ports with partial input delay specified.


11. checking partial_output_delay (0)
-------------------------------------
 There are 0 ports with partial output delay specified.


12. checking latch_loops (0)
----------------------------
 There are 0 combinational latch loops in the design through latch input



------------------------------------------------------------------------------------------------
| Design Timing Summary
| ---------------------
------------------------------------------------------------------------------------------------

    WNS(ns)      TNS(ns)  TNS Failing Endpoints  TNS Total Endpoints      WHS(ns)      THS(ns)  THS Failing Endpoints  THS Total Endpoints     WPWS(ns)     TPWS(ns)  TPWS Failing Endpoints  TPWS Total Endpoints  
    -------      -------  ---------------------  -------------------      -------      -------  ---------------------  -------------------     --------     --------  ----------------------  --------------------  
      0.547        0.000                      0                14884        0.059        0.000                      0                14771       -0.170       -1.332                      10                  6542  


Timing constraints are not met.


------------------------------------------------------------------------------------------------
| Clock Summary
| -------------
------------------------------------------------------------------------------------------------

Clock             Waveform(ns)         Period(ns)      Frequency(MHz)
-----             ------------         ----------      --------------
clk_fpga_0        {0.000 500.000}      1000.000        1.000           
clk_fpga_1        {0.000 10.000}       20.000          50.000          
clk_fpga_2        {0.000 5.000}        10.000          100.000         
clk_fpga_3        {0.000 3.250}        6.499           153.870         
  I               {0.000 0.650}        1.300           769.349         
  mmcm_fbclk_out  {0.000 3.250}        6.499           153.870         
hdmi_pxlClk       {0.000 3.367}        6.734           148.500         
hdmi_serClk       {0.000 0.673}        1.347           742.391         


------------------------------------------------------------------------------------------------
| Intra Clock Table
| -----------------
------------------------------------------------------------------------------------------------

Clock                 WNS(ns)      TNS(ns)  TNS Failing Endpoints  TNS Total Endpoints      WHS(ns)      THS(ns)  THS Failing Endpoints  THS Total Endpoints     WPWS(ns)     TPWS(ns)  TPWS Failing Endpoints  TPWS Total Endpoints  
-----                 -------      -------  ---------------------  -------------------      -------      -------  ---------------------  -------------------     --------     --------  ----------------------  --------------------  
clk_fpga_0            983.356        0.000                      0                   20        0.249        0.000                      0                   20      499.500        0.000                       0                    21  
clk_fpga_3              1.140        0.000                      0                 8842        0.059        0.000                      0                 8842        0.750        0.000                       0                  3533  
  I                                                                                                                                                                -0.170       -0.340                       2                     3  
  mmcm_fbclk_out                                                                                                                                                    5.250        0.000                       0                     2  
hdmi_pxlClk             0.547        0.000                      0                 5909        0.105        0.000                      0                 5909        2.597        0.000                       0                  2975  
hdmi_serClk                                                                                                                                                        -0.124       -0.992                       8                     8  


------------------------------------------------------------------------------------------------
| Inter Clock Table
| -----------------
------------------------------------------------------------------------------------------------

From Clock    To Clock          WNS(ns)      TNS(ns)  TNS Failing Endpoints  TNS Total Endpoints      WHS(ns)      THS(ns)  THS Failing Endpoints  THS Total Endpoints  
----------    --------          -------      -------  ---------------------  -------------------      -------      -------  ---------------------  -------------------  
hdmi_pxlClk   clk_fpga_3          5.315        0.000                      0                   46                                                                        
clk_fpga_3    hdmi_pxlClk         5.229        0.000                      0                   67                                                                        


------------------------------------------------------------------------------------------------
| Other Path Groups Table
| -----------------------
------------------------------------------------------------------------------------------------

Path Group    From Clock    To Clock          WNS(ns)      TNS(ns)  TNS Failing Endpoints  TNS Total Endpoints      WHS(ns)      THS(ns)  THS Failing Endpoints  THS Total Endpoints  
----------    ----------    --------          -------      -------  ---------------------  -------------------      -------      -------  ---------------------  -------------------  


------------------------------------------------------------------------------------------------
| Timing Details
| --------------
------------------------------------------------------------------------------------------------


---------------------------------------------------------------------------------------------------
From Clock:  clk_fpga_0
  To Clock:  clk_fpga_0

Setup :            0  Failing Endpoints,  Worst Slack      983.356ns,  Total Violation        0.000ns
Hold  :            0  Failing Endpoints,  Worst Slack        0.249ns,  Total Violation        0.000ns
PW    :            0  Failing Endpoints,  Worst Slack      499.500ns,  Total Violation        0.000ns
---------------------------------------------------------------------------------------------------


Max Delay Paths
--------------------------------------------------------------------------------------
Slack (MET) :             983.356ns  (required time - arrival time)
  Source:                 design_1_i/c_counter_binary_0/U0/i_synth/i_baseblox.i_baseblox_counter/the_addsub/no_pipelining.the_addsub/i_lut6.i_lut6_addsub/i_q.i_simple.qreg/i_no_async_controls.output_reg[1]/C
                            (rising edge-triggered cell FDRE clocked by clk_fpga_0  {rise@0.000ns fall@500.000ns period=1000.000ns})
  Destination:            design_1_i/c_counter_binary_0/U0/i_synth/i_baseblox.i_baseblox_counter/the_addsub/no_pipelining.the_addsub/i_lut6.i_lut6_addsub/i_q.i_simple.qreg/i_no_async_controls.output_reg[20]/D
                            (rising edge-triggered cell FDRE clocked by clk_fpga_0  {rise@0.000ns fall@500.000ns period=1000.000ns})
  Path Group:             clk_fpga_0
  Path Type:              Setup (Max at Slow Process Corner)
  Requirement:            1000.000ns  (clk_fpga_0 rise@1000.000ns - clk_fpga_0 rise@0.000ns)
  Data Path Delay:        1.680ns  (logic 1.334ns (79.404%)  route 0.346ns (20.596%))
  Logic Levels:           6  (CARRY4=5 LUT1=1)
  Clock Path Skew:        -0.020ns (DCD - SCD + CPR)
    Destination Clock Delay (DCD):    2.062ns = ( 1002.062 - 1000.000 ) 
    Source Clock Delay      (SCD):    2.286ns
    Clock Pessimism Removal (CPR):    0.204ns
  Clock Uncertainty:      15.000ns  ((TSJ^2 + TIJ^2)^1/2 + DJ) / 2 + PE
    Total System Jitter     (TSJ):    0.071ns
    Total Input Jitter      (TIJ):    30.000ns
    Discrete Jitter          (DJ):    0.000ns
    Phase Error              (PE):    0.000ns

    Location             Delay type                Incr(ns)  Path(ns)    Netlist Resource(s)
  -------------------------------------------------------------------    -------------------
                         (clock clk_fpga_0 rise edge)
                                                      0.000     0.000 r  
    PS7_X0Y0             PS7                          0.000     0.000 r  design_1_i/processing_system7_0/inst/PS7_i/FCLKCLK[0]
                         net (fo=1, routed)           0.874     0.874    design_1_i/processing_system7_0/inst/FCLK_CLK_unbuffered[0]
    BUFGCTRL_X0Y1        BUFG (Prop_bufg_I_O)         0.079     0.953 r  design_1_i/processing_system7_0/inst/buffer_fclk_clk_0.FCLK_CLK_0_BUFG/O
                         net (fo=20, routed)          1.333     2.286    design_1_i/c_counter_binary_0/U0/i_synth/i_baseblox.i_baseblox_counter/the_addsub/no_pipelining.the_addsub/i_lut6.i_lut6_addsub/i_q.i_simple.qreg/CLK
    SLICE_X43Y33         FDRE                                         r  design_1_i/c_counter_binary_0/U0/i_synth/i_baseblox.i_baseblox_counter/the_addsub/no_pipelining.the_addsub/i_lut6.i_lut6_addsub/i_q.i_simple.qreg/i_no_async_controls.output_reg[1]/C
  -------------------------------------------------------------------    -------------------
    SLICE_X43Y33         FDRE (Prop_fdre_C_Q)         0.341     2.627 f  design_1_i/c_counter_binary_0/U0/i_synth/i_baseblox.i_baseblox_counter/the_addsub/no_pipelining.the_addsub/i_lut6.i_lut6_addsub/i_q.i_simple.qreg/i_no_async_controls.output_reg[1]/Q
                         net (fo=1, routed)           0.346     2.973    design_1_i/c_counter_binary_0/U0/i_synth/i_baseblox.i_baseblox_counter/the_addsub/no_pipelining.the_addsub/i_lut6.i_lut6_addsub/i_q.i_simple.qreg/Q[0]
    SLICE_X43Y33         LUT1 (Prop_lut1_I0_O)        0.097     3.070 r  design_1_i/c_counter_binary_0/U0/i_synth/i_baseblox.i_baseblox_counter/the_addsub/no_pipelining.the_addsub/i_lut6.i_lut6_addsub/i_q.i_simple.qreg/i_simple_model.carrymux0_i_1/O
                         net (fo=1, routed)           0.000     3.070    design_1_i/c_counter_binary_0/U0/i_synth/i_baseblox.i_baseblox_counter/the_addsub/no_pipelining.the_addsub/i_lut6.i_lut6_addsub/S
    SLICE_X43Y33         CARRY4 (Prop_carry4_S[0]_CO[3])
                                                      0.395     3.465 r  design_1_i/c_counter_binary_0/U0/i_synth/i_baseblox.i_baseblox_counter/the_addsub/no_pipelining.the_addsub/i_lut6.i_lut6_addsub/i_simple_model.carrymux0_CARRY4/CO[3]
                         net (fo=1, routed)           0.000     3.465    design_1_i/c_counter_binary_0/U0/i_synth/i_baseblox.i_baseblox_counter/the_addsub/no_pipelining.the_addsub/i_lut6.i_lut6_addsub/carry_simple_3
    SLICE_X43Y34         CARRY4 (Prop_carry4_CI_CO[3])
                                                      0.089     3.554 r  design_1_i/c_counter_binary_0/U0/i_synth/i_baseblox.i_baseblox_counter/the_addsub/no_pipelining.the_addsub/i_lut6.i_lut6_addsub/i_simple_model.i_gt_1.carrychaingen[4].carrymux_CARRY4/CO[3]
                         net (fo=1, routed)           0.000     3.554    design_1_i/c_counter_binary_0/U0/i_synth/i_baseblox.i_baseblox_counter/the_addsub/no_pipelining.the_addsub/i_lut6.i_lut6_addsub/carry_simple_7
    SLICE_X43Y35         CARRY4 (Prop_carry4_CI_CO[3])
                                                      0.089     3.643 r  design_1_i/c_counter_binary_0/U0/i_synth/i_baseblox.i_baseblox_counter/the_addsub/no_pipelining.the_addsub/i_lut6.i_lut6_addsub/i_simple_model.i_gt_1.carrychaingen[8].carrymux_CARRY4/CO[3]
                         net (fo=1, routed)           0.000     3.643    design_1_i/c_counter_binary_0/U0/i_synth/i_baseblox.i_baseblox_counter/the_addsub/no_pipelining.the_addsub/i_lut6.i_lut6_addsub/carry_simple_11
    SLICE_X43Y36         CARRY4 (Prop_carry4_CI_CO[3])
                                                      0.089     3.732 r  design_1_i/c_counter_binary_0/U0/i_synth/i_baseblox.i_baseblox_counter/the_addsub/no_pipelining.the_addsub/i_lut6.i_lut6_addsub/i_simple_model.i_gt_1.carrychaingen[12].carrymux_CARRY4/CO[3]
                         net (fo=1, routed)           0.000     3.732    design_1_i/c_counter_binary_0/U0/i_synth/i_baseblox.i_baseblox_counter/the_addsub/no_pipelining.the_addsub/i_lut6.i_lut6_addsub/carry_simple_15
    SLICE_X43Y37         CARRY4 (Prop_carry4_CI_O[3])
                                                      0.234     3.966 r  design_1_i/c_counter_binary_0/U0/i_synth/i_baseblox.i_baseblox_counter/the_addsub/no_pipelining.the_addsub/i_lut6.i_lut6_addsub/i_simple_model.i_gt_1.carrychaingen[16].carrymux_CARRY4/O[3]
                         net (fo=1, routed)           0.000     3.966    design_1_i/c_counter_binary_0/U0/i_synth/i_baseblox.i_baseblox_counter/the_addsub/no_pipelining.the_addsub/i_lut6.i_lut6_addsub/i_q.i_simple.qreg/s[19]
    SLICE_X43Y37         FDRE                                         r  design_1_i/c_counter_binary_0/U0/i_synth/i_baseblox.i_baseblox_counter/the_addsub/no_pipelining.the_addsub/i_lut6.i_lut6_addsub/i_q.i_simple.qreg/i_no_async_controls.output_reg[20]/D
  -------------------------------------------------------------------    -------------------

                         (clock clk_fpga_0 rise edge)
                                                   1000.000  1000.000 r  
    PS7_X0Y0             PS7                          0.000  1000.000 r  design_1_i/processing_system7_0/inst/PS7_i/FCLKCLK[0]
                         net (fo=1, routed)           0.795  1000.795    design_1_i/processing_system7_0/inst/FCLK_CLK_unbuffered[0]
    BUFGCTRL_X0Y1        BUFG (Prop_bufg_I_O)         0.072  1000.867 r  design_1_i/processing_system7_0/inst/buffer_fclk_clk_0.FCLK_CLK_0_BUFG/O
                         net (fo=20, routed)          1.195  1002.062    design_1_i/c_counter_binary_0/U0/i_synth/i_baseblox.i_baseblox_counter/the_addsub/no_pipelining.the_addsub/i_lut6.i_lut6_addsub/i_q.i_simple.qreg/CLK
    SLICE_X43Y37         FDRE                                         r  design_1_i/c_counter_binary_0/U0/i_synth/i_baseblox.i_baseblox_counter/the_addsub/no_pipelining.the_addsub/i_lut6.i_lut6_addsub/i_q.i_simple.qreg/i_no_async_controls.output_reg[20]/C
                         clock pessimism              0.204  1002.266    
                         clock uncertainty          -15.000   987.266    
    SLICE_X43Y37         FDRE (Setup_fdre_C_D)        0.056   987.322    design_1_i/c_counter_binary_0/U0/i_synth/i_baseblox.i_baseblox_counter/the_addsub/no_pipelining.the_addsub/i_lut6.i_lut6_addsub/i_q.i_simple.qreg/i_no_async_controls.output_reg[20]
  -------------------------------------------------------------------
                         required time                        987.322    
                         arrival time                          -3.966    
  -------------------------------------------------------------------
                         slack                                983.356    

Slack (MET) :             983.360ns  (required time - arrival time)
  Source:                 design_1_i/c_counter_binary_0/U0/i_synth/i_baseblox.i_baseblox_counter/the_addsub/no_pipelining.the_addsub/i_lut6.i_lut6_addsub/i_q.i_simple.qreg/i_no_async_controls.output_reg[1]/C
                            (rising edge-triggered cell FDRE clocked by clk_fpga_0  {rise@0.000ns fall@500.000ns period=1000.000ns})
  Destination:            design_1_i/c_counter_binary_0/U0/i_synth/i_baseblox.i_baseblox_counter/the_addsub/no_pipelining.the_addsub/i_lut6.i_lut6_addsub/i_q.i_simple.qreg/i_no_async_controls.output_reg[18]/D
                            (rising edge-triggered cell FDRE clocked by clk_fpga_0  {rise@0.000ns fall@500.000ns period=1000.000ns})
  Path Group:             clk_fpga_0
  Path Type:              Setup (Max at Slow Process Corner)
  Requirement:            1000.000ns  (clk_fpga_0 rise@1000.000ns - clk_fpga_0 rise@0.000ns)
  Data Path Delay:        1.676ns  (logic 1.330ns (79.355%)  route 0.346ns (20.645%))
  Logic Levels:           6  (CARRY4=5 LUT1=1)
  Clock Path Skew:        -0.020ns (DCD - SCD + CPR)
    Destination Clock Delay (DCD):    2.062ns = ( 1002.062 - 1000.000 ) 
    Source Clock Delay      (SCD):    2.286ns
    Clock Pessimism Removal (CPR):    0.204ns
  Clock Uncertainty:      15.000ns  ((TSJ^2 + TIJ^2)^1/2 + DJ) / 2 + PE
    Total System Jitter     (TSJ):    0.071ns
    Total Input Jitter      (TIJ):    30.000ns
    Discrete Jitter          (DJ):    0.000ns
    Phase Error              (PE):    0.000ns

    Location             Delay type                Incr(ns)  Path(ns)    Netlist Resource(s)
  -------------------------------------------------------------------    -------------------
                         (clock clk_fpga_0 rise edge)
                                                      0.000     0.000 r  
    PS7_X0Y0             PS7                          0.000     0.000 r  design_1_i/processing_system7_0/inst/PS7_i/FCLKCLK[0]
                         net (fo=1, routed)           0.874     0.874    design_1_i/processing_system7_0/inst/FCLK_CLK_unbuffered[0]
    BUFGCTRL_X0Y1        BUFG (Prop_bufg_I_O)         0.079     0.953 r  design_1_i/processing_system7_0/inst/buffer_fclk_clk_0.FCLK_CLK_0_BUFG/O
                         net (fo=20, routed)          1.333     2.286    design_1_i/c_counter_binary_0/U0/i_synth/i_baseblox.i_baseblox_counter/the_addsub/no_pipelining.the_addsub/i_lut6.i_lut6_addsub/i_q.i_simple.qreg/CLK
    SLICE_X43Y33         FDRE                                         r  design_1_i/c_counter_binary_0/U0/i_synth/i_baseblox.i_baseblox_counter/the_addsub/no_pipelining.the_addsub/i_lut6.i_lut6_addsub/i_q.i_simple.qreg/i_no_async_controls.output_reg[1]/C
  -------------------------------------------------------------------    -------------------
    SLICE_X43Y33         FDRE (Prop_fdre_C_Q)         0.341     2.627 f  design_1_i/c_counter_binary_0/U0/i_synth/i_baseblox.i_baseblox_counter/the_addsub/no_pipelining.the_addsub/i_lut6.i_lut6_addsub/i_q.i_simple.qreg/i_no_async_controls.output_reg[1]/Q
                         net (fo=1, routed)           0.346     2.973    design_1_i/c_counter_binary_0/U0/i_synth/i_baseblox.i_baseblox_counter/the_addsub/no_pipelining.the_addsub/i_lut6.i_lut6_addsub/i_q.i_simple.qreg/Q[0]
    SLICE_X43Y33         LUT1 (Prop_lut1_I0_O)        0.097     3.070 r  design_1_i/c_counter_binary_0/U0/i_synth/i_baseblox.i_baseblox_counter/the_addsub/no_pipelining.the_addsub/i_lut6.i_lut6_addsub/i_q.i_simple.qreg/i_simple_model.carrymux0_i_1/O
                         net (fo=1, routed)           0.000     3.070    design_1_i/c_counter_binary_0/U0/i_synth/i_baseblox.i_baseblox_counter/the_addsub/no_pipelining.the_addsub/i_lut6.i_lut6_addsub/S
    SLICE_X43Y33         CARRY4 (Prop_carry4_S[0]_CO[3])
                                                      0.395     3.465 r  design_1_i/c_counter_binary_0/U0/i_synth/i_baseblox.i_baseblox_counter/the_addsub/no_pipelining.the_addsub/i_lut6.i_lut6_addsub/i_simple_model.carrymux0_CARRY4/CO[3]
                         net (fo=1, routed)           0.000     3.465    design_1_i/c_counter_binary_0/U0/i_synth/i_baseblox.i_baseblox_counter/the_addsub/no_pipelining.the_addsub/i_lut6.i_lut6_addsub/carry_simple_3
    SLICE_X43Y34         CARRY4 (Prop_carry4_CI_CO[3])
                                                      0.089     3.554 r  design_1_i/c_counter_binary_0/U0/i_synth/i_baseblox.i_baseblox_counter/the_addsub/no_pipelining.the_addsub/i_lut6.i_lut6_addsub/i_simple_model.i_gt_1.carrychaingen[4].carrymux_CARRY4/CO[3]
                         net (fo=1, routed)           0.000     3.554    design_1_i/c_counter_binary_0/U0/i_synth/i_baseblox.i_baseblox_counter/the_addsub/no_pipelining.the_addsub/i_lut6.i_lut6_addsub/carry_simple_7
    SLICE_X43Y35         CARRY4 (Prop_carry4_CI_CO[3])
                                                      0.089     3.643 r  design_1_i/c_counter_binary_0/U0/i_synth/i_baseblox.i_baseblox_counter/the_addsub/no_pipelining.the_addsub/i_lut6.i_lut6_addsub/i_simple_model.i_gt_1.carrychaingen[8].carrymux_CARRY4/CO[3]
                         net (fo=1, routed)           0.000     3.643    design_1_i/c_counter_binary_0/U0/i_synth/i_baseblox.i_baseblox_counter/the_addsub/no_pipelining.the_addsub/i_lut6.i_lut6_addsub/carry_simple_11
    SLICE_X43Y36         CARRY4 (Prop_carry4_CI_CO[3])
                                                      0.089     3.732 r  design_1_i/c_counter_binary_0/U0/i_synth/i_baseblox.i_baseblox_counter/the_addsub/no_pipelining.the_addsub/i_lut6.i_lut6_addsub/i_simple_model.i_gt_1.carrychaingen[12].carrymux_CARRY4/CO[3]
                         net (fo=1, routed)           0.000     3.732    design_1_i/c_counter_binary_0/U0/i_synth/i_baseblox.i_baseblox_counter/the_addsub/no_pipelining.the_addsub/i_lut6.i_lut6_addsub/carry_simple_15
    SLICE_X43Y37         CARRY4 (Prop_carry4_CI_O[1])
                                                      0.230     3.962 r  design_1_i/c_counter_binary_0/U0/i_synth/i_baseblox.i_baseblox_counter/the_addsub/no_pipelining.the_addsub/i_lut6.i_lut6_addsub/i_simple_model.i_gt_1.carrychaingen[16].carrymux_CARRY4/O[1]
                         net (fo=1, routed)           0.000     3.962    design_1_i/c_counter_binary_0/U0/i_synth/i_baseblox.i_baseblox_counter/the_addsub/no_pipelining.the_addsub/i_lut6.i_lut6_addsub/i_q.i_simple.qreg/s[17]
    SLICE_X43Y37         FDRE                                         r  design_1_i/c_counter_binary_0/U0/i_synth/i_baseblox.i_baseblox_counter/the_addsub/no_pipelining.the_addsub/i_lut6.i_lut6_addsub/i_q.i_simple.qreg/i_no_async_controls.output_reg[18]/D
  -------------------------------------------------------------------    -------------------

                         (clock clk_fpga_0 rise edge)
                                                   1000.000  1000.000 r  
    PS7_X0Y0             PS7                          0.000  1000.000 r  design_1_i/processing_system7_0/inst/PS7_i/FCLKCLK[0]
                         net (fo=1, routed)           0.795  1000.795    design_1_i/processing_system7_0/inst/FCLK_CLK_unbuffered[0]
    BUFGCTRL_X0Y1        BUFG (Prop_bufg_I_O)         0.072  1000.867 r  design_1_i/processing_system7_0/inst/buffer_fclk_clk_0.FCLK_CLK_0_BUFG/O
                         net (fo=20, routed)          1.195  1002.062    design_1_i/c_counter_binary_0/U0/i_synth/i_baseblox.i_baseblox_counter/the_addsub/no_pipelining.the_addsub/i_lut6.i_lut6_addsub/i_q.i_simple.qreg/CLK
    SLICE_X43Y37         FDRE                                         r  design_1_i/c_counter_binary_0/U0/i_synth/i_baseblox.i_baseblox_counter/the_addsub/no_pipelining.the_addsub/i_lut6.i_lut6_addsub/i_q.i_simple.qreg/i_no_async_controls.output_reg[18]/C
                         clock pessimism              0.204  1002.266    
                         clock uncertainty          -15.000   987.266    
    SLICE_X43Y37         FDRE (Setup_fdre_C_D)        0.056   987.322    design_1_i/c_counter_binary_0/U0/i_synth/i_baseblox.i_baseblox_counter/the_addsub/no_pipelining.the_addsub/i_lut6.i_lut6_addsub/i_q.i_simple.qreg/i_no_async_controls.output_reg[18]
  -------------------------------------------------------------------
                         required time                        987.322    
                         arrival time                          -3.962    
  -------------------------------------------------------------------
                         slack                                983.360    

Slack (MET) :             983.409ns  (required time - arrival time)
  Source:                 design_1_i/c_counter_binary_0/U0/i_synth/i_baseblox.i_baseblox_counter/the_addsub/no_pipelining.the_addsub/i_lut6.i_lut6_addsub/i_q.i_simple.qreg/i_no_async_controls.output_reg[1]/C
                            (rising edge-triggered cell FDRE clocked by clk_fpga_0  {rise@0.000ns fall@500.000ns period=1000.000ns})
  Destination:            design_1_i/c_counter_binary_0/U0/i_synth/i_baseblox.i_baseblox_counter/the_addsub/no_pipelining.the_addsub/i_lut6.i_lut6_addsub/i_q.i_simple.qreg/i_no_async_controls.output_reg[19]/D
                            (rising edge-triggered cell FDRE clocked by clk_fpga_0  {rise@0.000ns fall@500.000ns period=1000.000ns})
  Path Group:             clk_fpga_0
  Path Type:              Setup (Max at Slow Process Corner)
  Requirement:            1000.000ns  (clk_fpga_0 rise@1000.000ns - clk_fpga_0 rise@0.000ns)
  Data Path Delay:        1.627ns  (logic 1.281ns (78.734%)  route 0.346ns (21.266%))
  Logic Levels:           6  (CARRY4=5 LUT1=1)
  Clock Path Skew:        -0.020ns (DCD - SCD + CPR)
    Destination Clock Delay (DCD):    2.062ns = ( 1002.062 - 1000.000 ) 
    Source Clock Delay      (SCD):    2.286ns
    Clock Pessimism Removal (CPR):    0.204ns
  Clock Uncertainty:      15.000ns  ((TSJ^2 + TIJ^2)^1/2 + DJ) / 2 + PE
    Total System Jitter     (TSJ):    0.071ns
    Total Input Jitter      (TIJ):    30.000ns
    Discrete Jitter          (DJ):    0.000ns
    Phase Error              (PE):    0.000ns

    Location             Delay type                Incr(ns)  Path(ns)    Netlist Resource(s)
  -------------------------------------------------------------------    -------------------
                         (clock clk_fpga_0 rise edge)
                                                      0.000     0.000 r  
    PS7_X0Y0             PS7                          0.000     0.000 r  design_1_i/processing_system7_0/inst/PS7_i/FCLKCLK[0]
                         net (fo=1, routed)           0.874     0.874    design_1_i/processing_system7_0/inst/FCLK_CLK_unbuffered[0]
    BUFGCTRL_X0Y1        BUFG (Prop_bufg_I_O)         0.079     0.953 r  design_1_i/processing_system7_0/inst/buffer_fclk_clk_0.FCLK_CLK_0_BUFG/O
                         net (fo=20, routed)          1.333     2.286    design_1_i/c_counter_binary_0/U0/i_synth/i_baseblox.i_baseblox_counter/the_addsub/no_pipelining.the_addsub/i_lut6.i_lut6_addsub/i_q.i_simple.qreg/CLK
    SLICE_X43Y33         FDRE                                         r  design_1_i/c_counter_binary_0/U0/i_synth/i_baseblox.i_baseblox_counter/the_addsub/no_pipelining.the_addsub/i_lut6.i_lut6_addsub/i_q.i_simple.qreg/i_no_async_controls.output_reg[1]/C
  -------------------------------------------------------------------    -------------------
    SLICE_X43Y33         FDRE (Prop_fdre_C_Q)         0.341     2.627 f  design_1_i/c_counter_binary_0/U0/i_synth/i_baseblox.i_baseblox_counter/the_addsub/no_pipelining.the_addsub/i_lut6.i_lut6_addsub/i_q.i_simple.qreg/i_no_async_controls.output_reg[1]/Q
                         net (fo=1, routed)           0.346     2.973    design_1_i/c_counter_binary_0/U0/i_synth/i_baseblox.i_baseblox_counter/the_addsub/no_pipelining.the_addsub/i_lut6.i_lut6_addsub/i_q.i_simple.qreg/Q[0]
    SLICE_X43Y33         LUT1 (Prop_lut1_I0_O)        0.097     3.070 r  design_1_i/c_counter_binary_0/U0/i_synth/i_baseblox.i_baseblox_counter/the_addsub/no_pipelining.the_addsub/i_lut6.i_lut6_addsub/i_q.i_simple.qreg/i_simple_model.carrymux0_i_1/O
                         net (fo=1, routed)           0.000     3.070    design_1_i/c_counter_binary_0/U0/i_synth/i_baseblox.i_baseblox_counter/the_addsub/no_pipelining.the_addsub/i_lut6.i_lut6_addsub/S
    SLICE_X43Y33         CARRY4 (Prop_carry4_S[0]_CO[3])
                                                      0.395     3.465 r  design_1_i/c_counter_binary_0/U0/i_synth/i_baseblox.i_baseblox_counter/the_addsub/no_pipelining.the_addsub/i_lut6.i_lut6_addsub/i_simple_model.carrymux0_CARRY4/CO[3]
                         net (fo=1, routed)           0.000     3.465    design_1_i/c_counter_binary_0/U0/i_synth/i_baseblox.i_baseblox_counter/the_addsub/no_pipelining.the_addsub/i_lut6.i_lut6_addsub/carry_simple_3
    SLICE_X43Y34         CARRY4 (Prop_carry4_CI_CO[3])
                                                      0.089     3.554 r  design_1_i/c_counter_binary_0/U0/i_synth/i_baseblox.i_baseblox_counter/the_addsub/no_pipelining.the_addsub/i_lut6.i_lut6_addsub/i_simple_model.i_gt_1.carrychaingen[4].carrymux_CARRY4/CO[3]
                         net (fo=1, routed)           0.000     3.554    design_1_i/c_counter_binary_0/U0/i_synth/i_baseblox.i_baseblox_counter/the_addsub/no_pipelining.the_addsub/i_lut6.i_lut6_addsub/carry_simple_7
    SLICE_X43Y35         CARRY4 (Prop_carry4_CI_CO[3])
                                                      0.089     3.643 r  design_1_i/c_counter_binary_0/U0/i_synth/i_baseblox.i_baseblox_counter/the_addsub/no_pipelining.the_addsub/i_lut6.i_lut6_addsub/i_simple_model.i_gt_1.carrychaingen[8].carrymux_CARRY4/CO[3]
                         net (fo=1, routed)           0.000     3.643    design_1_i/c_counter_binary_0/U0/i_synth/i_baseblox.i_baseblox_counter/the_addsub/no_pipelining.the_addsub/i_lut6.i_lut6_addsub/carry_simple_11
    SLICE_X43Y36         CARRY4 (Prop_carry4_CI_CO[3])
                                                      0.089     3.732 r  design_1_i/c_counter_binary_0/U0/i_synth/i_baseblox.i_baseblox_counter/the_addsub/no_pipelining.the_addsub/i_lut6.i_lut6_addsub/i_simple_model.i_gt_1.carrychaingen[12].carrymux_CARRY4/CO[3]
                         net (fo=1, routed)           0.000     3.732    design_1_i/c_counter_binary_0/U0/i_synth/i_baseblox.i_baseblox_counter/the_addsub/no_pipelining.the_addsub/i_lut6.i_lut6_addsub/carry_simple_15
    SLICE_X43Y37         CARRY4 (Prop_carry4_CI_O[2])
                                                      0.181     3.913 r  design_1_i/c_counter_binary_0/U0/i_synth/i_baseblox.i_baseblox_counter/the_addsub/no_pipelining.the_addsub/i_lut6.i_lut6_addsub/i_simple_model.i_gt_1.carrychaingen[16].carrymux_CARRY4/O[2]
                         net (fo=1, routed)           0.000     3.913    design_1_i/c_counter_binary_0/U0/i_synth/i_baseblox.i_baseblox_counter/the_addsub/no_pipelining.the_addsub/i_lut6.i_lut6_addsub/i_q.i_simple.qreg/s[18]
    SLICE_X43Y37         FDRE                                         r  design_1_i/c_counter_binary_0/U0/i_synth/i_baseblox.i_baseblox_counter/the_addsub/no_pipelining.the_addsub/i_lut6.i_lut6_addsub/i_q.i_simple.qreg/i_no_async_controls.output_reg[19]/D
  -------------------------------------------------------------------    -------------------

                         (clock clk_fpga_0 rise edge)
                                                   1000.000  1000.000 r  
    PS7_X0Y0             PS7                          0.000  1000.000 r  design_1_i/processing_system7_0/inst/PS7_i/FCLKCLK[0]
                         net (fo=1, routed)           0.795  1000.795    design_1_i/processing_system7_0/inst/FCLK_CLK_unbuffered[0]
    BUFGCTRL_X0Y1        BUFG (Prop_bufg_I_O)         0.072  1000.867 r  design_1_i/processing_system7_0/inst/buffer_fclk_clk_0.FCLK_CLK_0_BUFG/O
                         net (fo=20, routed)          1.195  1002.062    design_1_i/c_counter_binary_0/U0/i_synth/i_baseblox.i_baseblox_counter/the_addsub/no_pipelining.the_addsub/i_lut6.i_lut6_addsub/i_q.i_simple.qreg/CLK
    SLICE_X43Y37         FDRE                                         r  design_1_i/c_counter_binary_0/U0/i_synth/i_baseblox.i_baseblox_counter/the_addsub/no_pipelining.the_addsub/i_lut6.i_lut6_addsub/i_q.i_simple.qreg/i_no_async_controls.output_reg[19]/C
                         clock pessimism              0.204  1002.266    
                         clock uncertainty          -15.000   987.266    
    SLICE_X43Y37         FDRE (Setup_fdre_C_D)        0.056   987.322    design_1_i/c_counter_binary_0/U0/i_synth/i_baseblox.i_baseblox_counter/the_addsub/no_pipelining.the_addsub/i_lut6.i_lut6_addsub/i_q.i_simple.qreg/i_no_async_controls.output_reg[19]
  -------------------------------------------------------------------
                         required time                        987.322    
                         arrival time                          -3.913    
  -------------------------------------------------------------------
                         slack                                983.409    

Slack (MET) :             983.431ns  (required time - arrival time)
  Source:                 design_1_i/c_counter_binary_0/U0/i_synth/i_baseblox.i_baseblox_counter/the_addsub/no_pipelining.the_addsub/i_lut6.i_lut6_addsub/i_q.i_simple.qreg/i_no_async_controls.output_reg[1]/C
                            (rising edge-triggered cell FDRE clocked by clk_fpga_0  {rise@0.000ns fall@500.000ns period=1000.000ns})
  Destination:            design_1_i/c_counter_binary_0/U0/i_synth/i_baseblox.i_baseblox_counter/the_addsub/no_pipelining.the_addsub/i_lut6.i_lut6_addsub/i_q.i_simple.qreg/i_no_async_controls.output_reg[17]/D
                            (rising edge-triggered cell FDRE clocked by clk_fpga_0  {rise@0.000ns fall@500.000ns period=1000.000ns})
  Path Group:             clk_fpga_0
  Path Type:              Setup (Max at Slow Process Corner)
  Requirement:            1000.000ns  (clk_fpga_0 rise@1000.000ns - clk_fpga_0 rise@0.000ns)
  Data Path Delay:        1.605ns  (logic 1.259ns (78.442%)  route 0.346ns (21.558%))
  Logic Levels:           6  (CARRY4=5 LUT1=1)
  Clock Path Skew:        -0.020ns (DCD - SCD + CPR)
    Destination Clock Delay (DCD):    2.062ns = ( 1002.062 - 1000.000 ) 
    Source Clock Delay      (SCD):    2.286ns
    Clock Pessimism Removal (CPR):    0.204ns
  Clock Uncertainty:      15.000ns  ((TSJ^2 + TIJ^2)^1/2 + DJ) / 2 + PE
    Total System Jitter     (TSJ):    0.071ns
    Total Input Jitter      (TIJ):    30.000ns
    Discrete Jitter          (DJ):    0.000ns
    Phase Error              (PE):    0.000ns

    Location             Delay type                Incr(ns)  Path(ns)    Netlist Resource(s)
  -------------------------------------------------------------------    -------------------
                         (clock clk_fpga_0 rise edge)
                                                      0.000     0.000 r  
    PS7_X0Y0             PS7                          0.000     0.000 r  design_1_i/processing_system7_0/inst/PS7_i/FCLKCLK[0]
                         net (fo=1, routed)           0.874     0.874    design_1_i/processing_system7_0/inst/FCLK_CLK_unbuffered[0]
    BUFGCTRL_X0Y1        BUFG (Prop_bufg_I_O)         0.079     0.953 r  design_1_i/processing_system7_0/inst/buffer_fclk_clk_0.FCLK_CLK_0_BUFG/O
                         net (fo=20, routed)          1.333     2.286    design_1_i/c_counter_binary_0/U0/i_synth/i_baseblox.i_baseblox_counter/the_addsub/no_pipelining.the_addsub/i_lut6.i_lut6_addsub/i_q.i_simple.qreg/CLK
    SLICE_X43Y33         FDRE                                         r  design_1_i/c_counter_binary_0/U0/i_synth/i_baseblox.i_baseblox_counter/the_addsub/no_pipelining.the_addsub/i_lut6.i_lut6_addsub/i_q.i_simple.qreg/i_no_async_controls.output_reg[1]/C
  -------------------------------------------------------------------    -------------------
    SLICE_X43Y33         FDRE (Prop_fdre_C_Q)         0.341     2.627 f  design_1_i/c_counter_binary_0/U0/i_synth/i_baseblox.i_baseblox_counter/the_addsub/no_pipelining.the_addsub/i_lut6.i_lut6_addsub/i_q.i_simple.qreg/i_no_async_controls.output_reg[1]/Q
                         net (fo=1, routed)           0.346     2.973    design_1_i/c_counter_binary_0/U0/i_synth/i_baseblox.i_baseblox_counter/the_addsub/no_pipelining.the_addsub/i_lut6.i_lut6_addsub/i_q.i_simple.qreg/Q[0]
    SLICE_X43Y33         LUT1 (Prop_lut1_I0_O)        0.097     3.070 r  design_1_i/c_counter_binary_0/U0/i_synth/i_baseblox.i_baseblox_counter/the_addsub/no_pipelining.the_addsub/i_lut6.i_lut6_addsub/i_q.i_simple.qreg/i_simple_model.carrymux0_i_1/O
                         net (fo=1, routed)           0.000     3.070    design_1_i/c_counter_binary_0/U0/i_synth/i_baseblox.i_baseblox_counter/the_addsub/no_pipelining.the_addsub/i_lut6.i_lut6_addsub/S
    SLICE_X43Y33         CARRY4 (Prop_carry4_S[0]_CO[3])
                                                      0.395     3.465 r  design_1_i/c_counter_binary_0/U0/i_synth/i_baseblox.i_baseblox_counter/the_addsub/no_pipelining.the_addsub/i_lut6.i_lut6_addsub/i_simple_model.carrymux0_CARRY4/CO[3]
                         net (fo=1, routed)           0.000     3.465    design_1_i/c_counter_binary_0/U0/i_synth/i_baseblox.i_baseblox_counter/the_addsub/no_pipelining.the_addsub/i_lut6.i_lut6_addsub/carry_simple_3
    SLICE_X43Y34         CARRY4 (Prop_carry4_CI_CO[3])
                                                      0.089     3.554 r  design_1_i/c_counter_binary_0/U0/i_synth/i_baseblox.i_baseblox_counter/the_addsub/no_pipelining.the_addsub/i_lut6.i_lut6_addsub/i_simple_model.i_gt_1.carrychaingen[4].carrymux_CARRY4/CO[3]
                         net (fo=1, routed)           0.000     3.554    design_1_i/c_counter_binary_0/U0/i_synth/i_baseblox.i_baseblox_counter/the_addsub/no_pipelining.the_addsub/i_lut6.i_lut6_addsub/carry_simple_7
    SLICE_X43Y35         CARRY4 (Prop_carry4_CI_CO[3])
                                                      0.089     3.643 r  design_1_i/c_counter_binary_0/U0/i_synth/i_baseblox.i_baseblox_counter/the_addsub/no_pipelining.the_addsub/i_lut6.i_lut6_addsub/i_simple_model.i_gt_1.carrychaingen[8].carrymux_CARRY4/CO[3]
                         net (fo=1, routed)           0.000     3.643    design_1_i/c_counter_binary_0/U0/i_synth/i_baseblox.i_baseblox_counter/the_addsub/no_pipelining.the_addsub/i_lut6.i_lut6_addsub/carry_simple_11
    SLICE_X43Y36         CARRY4 (Prop_carry4_CI_CO[3])
                                                      0.089     3.732 r  design_1_i/c_counter_binary_0/U0/i_synth/i_baseblox.i_baseblox_counter/the_addsub/no_pipelining.the_addsub/i_lut6.i_lut6_addsub/i_simple_model.i_gt_1.carrychaingen[12].carrymux_CARRY4/CO[3]
                         net (fo=1, routed)           0.000     3.732    design_1_i/c_counter_binary_0/U0/i_synth/i_baseblox.i_baseblox_counter/the_addsub/no_pipelining.the_addsub/i_lut6.i_lut6_addsub/carry_simple_15
    SLICE_X43Y37         CARRY4 (Prop_carry4_CI_O[0])
                                                      0.159     3.891 r  design_1_i/c_counter_binary_0/U0/i_synth/i_baseblox.i_baseblox_counter/the_addsub/no_pipelining.the_addsub/i_lut6.i_lut6_addsub/i_simple_model.i_gt_1.carrychaingen[16].carrymux_CARRY4/O[0]
                         net (fo=1, routed)           0.000     3.891    design_1_i/c_counter_binary_0/U0/i_synth/i_baseblox.i_baseblox_counter/the_addsub/no_pipelining.the_addsub/i_lut6.i_lut6_addsub/i_q.i_simple.qreg/s[16]
    SLICE_X43Y37         FDRE                                         r  design_1_i/c_counter_binary_0/U0/i_synth/i_baseblox.i_baseblox_counter/the_addsub/no_pipelining.the_addsub/i_lut6.i_lut6_addsub/i_q.i_simple.qreg/i_no_async_controls.output_reg[17]/D
  -------------------------------------------------------------------    -------------------

                         (clock clk_fpga_0 rise edge)
                                                   1000.000  1000.000 r  
    PS7_X0Y0             PS7                          0.000  1000.000 r  design_1_i/processing_system7_0/inst/PS7_i/FCLKCLK[0]
                         net (fo=1, routed)           0.795  1000.795    design_1_i/processing_system7_0/inst/FCLK_CLK_unbuffered[0]
    BUFGCTRL_X0Y1        BUFG (Prop_bufg_I_O)         0.072  1000.867 r  design_1_i/processing_system7_0/inst/buffer_fclk_clk_0.FCLK_CLK_0_BUFG/O
                         net (fo=20, routed)          1.195  1002.062    design_1_i/c_counter_binary_0/U0/i_synth/i_baseblox.i_baseblox_counter/the_addsub/no_pipelining.the_addsub/i_lut6.i_lut6_addsub/i_q.i_simple.qreg/CLK
    SLICE_X43Y37         FDRE                                         r  design_1_i/c_counter_binary_0/U0/i_synth/i_baseblox.i_baseblox_counter/the_addsub/no_pipelining.the_addsub/i_lut6.i_lut6_addsub/i_q.i_simple.qreg/i_no_async_controls.output_reg[17]/C
                         clock pessimism              0.204  1002.266    
                         clock uncertainty          -15.000   987.266    
    SLICE_X43Y37         FDRE (Setup_fdre_C_D)        0.056   987.322    design_1_i/c_counter_binary_0/U0/i_synth/i_baseblox.i_baseblox_counter/the_addsub/no_pipelining.the_addsub/i_lut6.i_lut6_addsub/i_q.i_simple.qreg/i_no_async_controls.output_reg[17]
  -------------------------------------------------------------------
                         required time                        987.322    
                         arrival time                          -3.891    
  -------------------------------------------------------------------
                         slack                                983.431    

Slack (MET) :             983.444ns  (required time - arrival time)
  Source:                 design_1_i/c_counter_binary_0/U0/i_synth/i_baseblox.i_baseblox_counter/the_addsub/no_pipelining.the_addsub/i_lut6.i_lut6_addsub/i_q.i_simple.qreg/i_no_async_controls.output_reg[1]/C
                            (rising edge-triggered cell FDRE clocked by clk_fpga_0  {rise@0.000ns fall@500.000ns period=1000.000ns})
  Destination:            design_1_i/c_counter_binary_0/U0/i_synth/i_baseblox.i_baseblox_counter/the_addsub/no_pipelining.the_addsub/i_lut6.i_lut6_addsub/i_q.i_simple.qreg/i_no_async_controls.output_reg[16]/D
                            (rising edge-triggered cell FDRE clocked by clk_fpga_0  {rise@0.000ns fall@500.000ns period=1000.000ns})
  Path Group:             clk_fpga_0
  Path Type:              Setup (Max at Slow Process Corner)
  Requirement:            1000.000ns  (clk_fpga_0 rise@1000.000ns - clk_fpga_0 rise@0.000ns)
  Data Path Delay:        1.591ns  (logic 1.245ns (78.252%)  route 0.346ns (21.748%))
  Logic Levels:           5  (CARRY4=4 LUT1=1)
  Clock Path Skew:        -0.021ns (DCD - SCD + CPR)
    Destination Clock Delay (DCD):    2.061ns = ( 1002.061 - 1000.000 ) 
    Source Clock Delay      (SCD):    2.286ns
    Clock Pessimism Removal (CPR):    0.204ns
  Clock Uncertainty:      15.000ns  ((TSJ^2 + TIJ^2)^1/2 + DJ) / 2 + PE
    Total System Jitter     (TSJ):    0.071ns
    Total Input Jitter      (TIJ):    30.000ns
    Discrete Jitter          (DJ):    0.000ns
    Phase Error              (PE):    0.000ns

    Location             Delay type                Incr(ns)  Path(ns)    Netlist Resource(s)
  -------------------------------------------------------------------    -------------------
                         (clock clk_fpga_0 rise edge)
                                                      0.000     0.000 r  
    PS7_X0Y0             PS7                          0.000     0.000 r  design_1_i/processing_system7_0/inst/PS7_i/FCLKCLK[0]
                         net (fo=1, routed)           0.874     0.874    design_1_i/processing_system7_0/inst/FCLK_CLK_unbuffered[0]
    BUFGCTRL_X0Y1        BUFG (Prop_bufg_I_O)         0.079     0.953 r  design_1_i/processing_system7_0/inst/buffer_fclk_clk_0.FCLK_CLK_0_BUFG/O
                         net (fo=20, routed)          1.333     2.286    design_1_i/c_counter_binary_0/U0/i_synth/i_baseblox.i_baseblox_counter/the_addsub/no_pipelining.the_addsub/i_lut6.i_lut6_addsub/i_q.i_simple.qreg/CLK
    SLICE_X43Y33         FDRE                                         r  design_1_i/c_counter_binary_0/U0/i_synth/i_baseblox.i_baseblox_counter/the_addsub/no_pipelining.the_addsub/i_lut6.i_lut6_addsub/i_q.i_simple.qreg/i_no_async_controls.output_reg[1]/C
  -------------------------------------------------------------------    -------------------
    SLICE_X43Y33         FDRE (Prop_fdre_C_Q)         0.341     2.627 f  design_1_i/c_counter_binary_0/U0/i_synth/i_baseblox.i_baseblox_counter/the_addsub/no_pipelining.the_addsub/i_lut6.i_lut6_addsub/i_q.i_simple.qreg/i_no_async_controls.output_reg[1]/Q
                         net (fo=1, routed)           0.346     2.973    design_1_i/c_counter_binary_0/U0/i_synth/i_baseblox.i_baseblox_counter/the_addsub/no_pipelining.the_addsub/i_lut6.i_lut6_addsub/i_q.i_simple.qreg/Q[0]
    SLICE_X43Y33         LUT1 (Prop_lut1_I0_O)        0.097     3.070 r  design_1_i/c_counter_binary_0/U0/i_synth/i_baseblox.i_baseblox_counter/the_addsub/no_pipelining.the_addsub/i_lut6.i_lut6_addsub/i_q.i_simple.qreg/i_simple_model.carrymux0_i_1/O
                         net (fo=1, routed)           0.000     3.070    design_1_i/c_counter_binary_0/U0/i_synth/i_baseblox.i_baseblox_counter/the_addsub/no_pipelining.the_addsub/i_lut6.i_lut6_addsub/S
    SLICE_X43Y33         CARRY4 (Prop_carry4_S[0]_CO[3])
                                                      0.395     3.465 r  design_1_i/c_counter_binary_0/U0/i_synth/i_baseblox.i_baseblox_counter/the_addsub/no_pipelining.the_addsub/i_lut6.i_lut6_addsub/i_simple_model.carrymux0_CARRY4/CO[3]
                         net (fo=1, routed)           0.000     3.465    design_1_i/c_counter_binary_0/U0/i_synth/i_baseblox.i_baseblox_counter/the_addsub/no_pipelining.the_addsub/i_lut6.i_lut6_addsub/carry_simple_3
    SLICE_X43Y34         CARRY4 (Prop_carry4_CI_CO[3])
                                                      0.089     3.554 r  design_1_i/c_counter_binary_0/U0/i_synth/i_baseblox.i_baseblox_counter/the_addsub/no_pipelining.the_addsub/i_lut6.i_lut6_addsub/i_simple_model.i_gt_1.carrychaingen[4].carrymux_CARRY4/CO[3]
                         net (fo=1, routed)           0.000     3.554    design_1_i/c_counter_binary_0/U0/i_synth/i_baseblox.i_baseblox_counter/the_addsub/no_pipelining.the_addsub/i_lut6.i_lut6_addsub/carry_simple_7
    SLICE_X43Y35         CARRY4 (Prop_carry4_CI_CO[3])
                                                      0.089     3.643 r  design_1_i/c_counter_binary_0/U0/i_synth/i_baseblox.i_baseblox_counter/the_addsub/no_pipelining.the_addsub/i_lut6.i_lut6_addsub/i_simple_model.i_gt_1.carrychaingen[8].carrymux_CARRY4/CO[3]
                         net (fo=1, routed)           0.000     3.643    design_1_i/c_counter_binary_0/U0/i_synth/i_baseblox.i_baseblox_counter/the_addsub/no_pipelining.the_addsub/i_lut6.i_lut6_addsub/carry_simple_11
    SLICE_X43Y36         CARRY4 (Prop_carry4_CI_O[3])
                                                      0.234     3.877 r  design_1_i/c_counter_binary_0/U0/i_synth/i_baseblox.i_baseblox_counter/the_addsub/no_pipelining.the_addsub/i_lut6.i_lut6_addsub/i_simple_model.i_gt_1.carrychaingen[12].carrymux_CARRY4/O[3]
                         net (fo=1, routed)           0.000     3.877    design_1_i/c_counter_binary_0/U0/i_synth/i_baseblox.i_baseblox_counter/the_addsub/no_pipelining.the_addsub/i_lut6.i_lut6_addsub/i_q.i_simple.qreg/s[15]
    SLICE_X43Y36         FDRE                                         r  design_1_i/c_counter_binary_0/U0/i_synth/i_baseblox.i_baseblox_counter/the_addsub/no_pipelining.the_addsub/i_lut6.i_lut6_addsub/i_q.i_simple.qreg/i_no_async_controls.output_reg[16]/D
  -------------------------------------------------------------------    -------------------

                         (clock clk_fpga_0 rise edge)
                                                   1000.000  1000.000 r  
    PS7_X0Y0             PS7                          0.000  1000.000 r  design_1_i/processing_system7_0/inst/PS7_i/FCLKCLK[0]
                         net (fo=1, routed)           0.795  1000.795    design_1_i/processing_system7_0/inst/FCLK_CLK_unbuffered[0]
    BUFGCTRL_X0Y1        BUFG (Prop_bufg_I_O)         0.072  1000.867 r  design_1_i/processing_system7_0/inst/buffer_fclk_clk_0.FCLK_CLK_0_BUFG/O
                         net (fo=20, routed)          1.194  1002.061    design_1_i/c_counter_binary_0/U0/i_synth/i_baseblox.i_baseblox_counter/the_addsub/no_pipelining.the_addsub/i_lut6.i_lut6_addsub/i_q.i_simple.qreg/CLK
    SLICE_X43Y36         FDRE                                         r  design_1_i/c_counter_binary_0/U0/i_synth/i_baseblox.i_baseblox_counter/the_addsub/no_pipelining.the_addsub/i_lut6.i_lut6_addsub/i_q.i_simple.qreg/i_no_async_controls.output_reg[16]/C
                         clock pessimism              0.204  1002.265    
                         clock uncertainty          -15.000   987.265    
    SLICE_X43Y36         FDRE (Setup_fdre_C_D)        0.056   987.321    design_1_i/c_counter_binary_0/U0/i_synth/i_baseblox.i_baseblox_counter/the_addsub/no_pipelining.the_addsub/i_lut6.i_lut6_addsub/i_q.i_simple.qreg/i_no_async_controls.output_reg[16]
  -------------------------------------------------------------------
                         required time                        987.321    
                         arrival time                          -3.877    
  -------------------------------------------------------------------
                         slack                                983.444    

Slack (MET) :             983.448ns  (required time - arrival time)
  Source:                 design_1_i/c_counter_binary_0/U0/i_synth/i_baseblox.i_baseblox_counter/the_addsub/no_pipelining.the_addsub/i_lut6.i_lut6_addsub/i_q.i_simple.qreg/i_no_async_controls.output_reg[1]/C
                            (rising edge-triggered cell FDRE clocked by clk_fpga_0  {rise@0.000ns fall@500.000ns period=1000.000ns})
  Destination:            design_1_i/c_counter_binary_0/U0/i_synth/i_baseblox.i_baseblox_counter/the_addsub/no_pipelining.the_addsub/i_lut6.i_lut6_addsub/i_q.i_simple.qreg/i_no_async_controls.output_reg[14]/D
                            (rising edge-triggered cell FDRE clocked by clk_fpga_0  {rise@0.000ns fall@500.000ns period=1000.000ns})
  Path Group:             clk_fpga_0
  Path Type:              Setup (Max at Slow Process Corner)
  Requirement:            1000.000ns  (clk_fpga_0 rise@1000.000ns - clk_fpga_0 rise@0.000ns)
  Data Path Delay:        1.587ns  (logic 1.241ns (78.198%)  route 0.346ns (21.802%))
  Logic Levels:           5  (CARRY4=4 LUT1=1)
  Clock Path Skew:        -0.021ns (DCD - SCD + CPR)
    Destination Clock Delay (DCD):    2.061ns = ( 1002.061 - 1000.000 ) 
    Source Clock Delay      (SCD):    2.286ns
    Clock Pessimism Removal (CPR):    0.204ns
  Clock Uncertainty:      15.000ns  ((TSJ^2 + TIJ^2)^1/2 + DJ) / 2 + PE
    Total System Jitter     (TSJ):    0.071ns
    Total Input Jitter      (TIJ):    30.000ns
    Discrete Jitter          (DJ):    0.000ns
    Phase Error              (PE):    0.000ns

    Location             Delay type                Incr(ns)  Path(ns)    Netlist Resource(s)
  -------------------------------------------------------------------    -------------------
                         (clock clk_fpga_0 rise edge)
                                                      0.000     0.000 r  
    PS7_X0Y0             PS7                          0.000     0.000 r  design_1_i/processing_system7_0/inst/PS7_i/FCLKCLK[0]
                         net (fo=1, routed)           0.874     0.874    design_1_i/processing_system7_0/inst/FCLK_CLK_unbuffered[0]
    BUFGCTRL_X0Y1        BUFG (Prop_bufg_I_O)         0.079     0.953 r  design_1_i/processing_system7_0/inst/buffer_fclk_clk_0.FCLK_CLK_0_BUFG/O
                         net (fo=20, routed)          1.333     2.286    design_1_i/c_counter_binary_0/U0/i_synth/i_baseblox.i_baseblox_counter/the_addsub/no_pipelining.the_addsub/i_lut6.i_lut6_addsub/i_q.i_simple.qreg/CLK
    SLICE_X43Y33         FDRE                                         r  design_1_i/c_counter_binary_0/U0/i_synth/i_baseblox.i_baseblox_counter/the_addsub/no_pipelining.the_addsub/i_lut6.i_lut6_addsub/i_q.i_simple.qreg/i_no_async_controls.output_reg[1]/C
  -------------------------------------------------------------------    -------------------
    SLICE_X43Y33         FDRE (Prop_fdre_C_Q)         0.341     2.627 f  design_1_i/c_counter_binary_0/U0/i_synth/i_baseblox.i_baseblox_counter/the_addsub/no_pipelining.the_addsub/i_lut6.i_lut6_addsub/i_q.i_simple.qreg/i_no_async_controls.output_reg[1]/Q
                         net (fo=1, routed)           0.346     2.973    design_1_i/c_counter_binary_0/U0/i_synth/i_baseblox.i_baseblox_counter/the_addsub/no_pipelining.the_addsub/i_lut6.i_lut6_addsub/i_q.i_simple.qreg/Q[0]
    SLICE_X43Y33         LUT1 (Prop_lut1_I0_O)        0.097     3.070 r  design_1_i/c_counter_binary_0/U0/i_synth/i_baseblox.i_baseblox_counter/the_addsub/no_pipelining.the_addsub/i_lut6.i_lut6_addsub/i_q.i_simple.qreg/i_simple_model.carrymux0_i_1/O
                         net (fo=1, routed)           0.000     3.070    design_1_i/c_counter_binary_0/U0/i_synth/i_baseblox.i_baseblox_counter/the_addsub/no_pipelining.the_addsub/i_lut6.i_lut6_addsub/S
    SLICE_X43Y33         CARRY4 (Prop_carry4_S[0]_CO[3])
                                                      0.395     3.465 r  design_1_i/c_counter_binary_0/U0/i_synth/i_baseblox.i_baseblox_counter/the_addsub/no_pipelining.the_addsub/i_lut6.i_lut6_addsub/i_simple_model.carrymux0_CARRY4/CO[3]
                         net (fo=1, routed)           0.000     3.465    design_1_i/c_counter_binary_0/U0/i_synth/i_baseblox.i_baseblox_counter/the_addsub/no_pipelining.the_addsub/i_lut6.i_lut6_addsub/carry_simple_3
    SLICE_X43Y34         CARRY4 (Prop_carry4_CI_CO[3])
                                                      0.089     3.554 r  design_1_i/c_counter_binary_0/U0/i_synth/i_baseblox.i_baseblox_counter/the_addsub/no_pipelining.the_addsub/i_lut6.i_lut6_addsub/i_simple_model.i_gt_1.carrychaingen[4].carrymux_CARRY4/CO[3]
                         net (fo=1, routed)           0.000     3.554    design_1_i/c_counter_binary_0/U0/i_synth/i_baseblox.i_baseblox_counter/the_addsub/no_pipelining.the_addsub/i_lut6.i_lut6_addsub/carry_simple_7
    SLICE_X43Y35         CARRY4 (Prop_carry4_CI_CO[3])
                                                      0.089     3.643 r  design_1_i/c_counter_binary_0/U0/i_synth/i_baseblox.i_baseblox_counter/the_addsub/no_pipelining.the_addsub/i_lut6.i_lut6_addsub/i_simple_model.i_gt_1.carrychaingen[8].carrymux_CARRY4/CO[3]
                         net (fo=1, routed)           0.000     3.643    design_1_i/c_counter_binary_0/U0/i_synth/i_baseblox.i_baseblox_counter/the_addsub/no_pipelining.the_addsub/i_lut6.i_lut6_addsub/carry_simple_11
    SLICE_X43Y36         CARRY4 (Prop_carry4_CI_O[1])
                                                      0.230     3.873 r  design_1_i/c_counter_binary_0/U0/i_synth/i_baseblox.i_baseblox_counter/the_addsub/no_pipelining.the_addsub/i_lut6.i_lut6_addsub/i_simple_model.i_gt_1.carrychaingen[12].carrymux_CARRY4/O[1]
                         net (fo=1, routed)           0.000     3.873    design_1_i/c_counter_binary_0/U0/i_synth/i_baseblox.i_baseblox_counter/the_addsub/no_pipelining.the_addsub/i_lut6.i_lut6_addsub/i_q.i_simple.qreg/s[13]
    SLICE_X43Y36         FDRE                                         r  design_1_i/c_counter_binary_0/U0/i_synth/i_baseblox.i_baseblox_counter/the_addsub/no_pipelining.the_addsub/i_lut6.i_lut6_addsub/i_q.i_simple.qreg/i_no_async_controls.output_reg[14]/D
  -------------------------------------------------------------------    -------------------

                         (clock clk_fpga_0 rise edge)
                                                   1000.000  1000.000 r  
    PS7_X0Y0             PS7                          0.000  1000.000 r  design_1_i/processing_system7_0/inst/PS7_i/FCLKCLK[0]
                         net (fo=1, routed)           0.795  1000.795    design_1_i/processing_system7_0/inst/FCLK_CLK_unbuffered[0]
    BUFGCTRL_X0Y1        BUFG (Prop_bufg_I_O)         0.072  1000.867 r  design_1_i/processing_system7_0/inst/buffer_fclk_clk_0.FCLK_CLK_0_BUFG/O
                         net (fo=20, routed)          1.194  1002.061    design_1_i/c_counter_binary_0/U0/i_synth/i_baseblox.i_baseblox_counter/the_addsub/no_pipelining.the_addsub/i_lut6.i_lut6_addsub/i_q.i_simple.qreg/CLK
    SLICE_X43Y36         FDRE                                         r  design_1_i/c_counter_binary_0/U0/i_synth/i_baseblox.i_baseblox_counter/the_addsub/no_pipelining.the_addsub/i_lut6.i_lut6_addsub/i_q.i_simple.qreg/i_no_async_controls.output_reg[14]/C
                         clock pessimism              0.204  1002.265    
                         clock uncertainty          -15.000   987.265    
    SLICE_X43Y36         FDRE (Setup_fdre_C_D)        0.056   987.321    design_1_i/c_counter_binary_0/U0/i_synth/i_baseblox.i_baseblox_counter/the_addsub/no_pipelining.the_addsub/i_lut6.i_lut6_addsub/i_q.i_simple.qreg/i_no_async_controls.output_reg[14]
  -------------------------------------------------------------------
                         required time                        987.321    
                         arrival time                          -3.873    
  -------------------------------------------------------------------
                         slack                                983.448    

Slack (MET) :             983.497ns  (required time - arrival time)
  Source:                 design_1_i/c_counter_binary_0/U0/i_synth/i_baseblox.i_baseblox_counter/the_addsub/no_pipelining.the_addsub/i_lut6.i_lut6_addsub/i_q.i_simple.qreg/i_no_async_controls.output_reg[1]/C
                            (rising edge-triggered cell FDRE clocked by clk_fpga_0  {rise@0.000ns fall@500.000ns period=1000.000ns})
  Destination:            design_1_i/c_counter_binary_0/U0/i_synth/i_baseblox.i_baseblox_counter/the_addsub/no_pipelining.the_addsub/i_lut6.i_lut6_addsub/i_q.i_simple.qreg/i_no_async_controls.output_reg[15]/D
                            (rising edge-triggered cell FDRE clocked by clk_fpga_0  {rise@0.000ns fall@500.000ns period=1000.000ns})
  Path Group:             clk_fpga_0
  Path Type:              Setup (Max at Slow Process Corner)
  Requirement:            1000.000ns  (clk_fpga_0 rise@1000.000ns - clk_fpga_0 rise@0.000ns)
  Data Path Delay:        1.538ns  (logic 1.192ns (77.503%)  route 0.346ns (22.497%))
  Logic Levels:           5  (CARRY4=4 LUT1=1)
  Clock Path Skew:        -0.021ns (DCD - SCD + CPR)
    Destination Clock Delay (DCD):    2.061ns = ( 1002.061 - 1000.000 ) 
    Source Clock Delay      (SCD):    2.286ns
    Clock Pessimism Removal (CPR):    0.204ns
  Clock Uncertainty:      15.000ns  ((TSJ^2 + TIJ^2)^1/2 + DJ) / 2 + PE
    Total System Jitter     (TSJ):    0.071ns
    Total Input Jitter      (TIJ):    30.000ns
    Discrete Jitter          (DJ):    0.000ns
    Phase Error              (PE):    0.000ns

    Location             Delay type                Incr(ns)  Path(ns)    Netlist Resource(s)
  -------------------------------------------------------------------    -------------------
                         (clock clk_fpga_0 rise edge)
                                                      0.000     0.000 r  
    PS7_X0Y0             PS7                          0.000     0.000 r  design_1_i/processing_system7_0/inst/PS7_i/FCLKCLK[0]
                         net (fo=1, routed)           0.874     0.874    design_1_i/processing_system7_0/inst/FCLK_CLK_unbuffered[0]
    BUFGCTRL_X0Y1        BUFG (Prop_bufg_I_O)         0.079     0.953 r  design_1_i/processing_system7_0/inst/buffer_fclk_clk_0.FCLK_CLK_0_BUFG/O
                         net (fo=20, routed)          1.333     2.286    design_1_i/c_counter_binary_0/U0/i_synth/i_baseblox.i_baseblox_counter/the_addsub/no_pipelining.the_addsub/i_lut6.i_lut6_addsub/i_q.i_simple.qreg/CLK
    SLICE_X43Y33         FDRE                                         r  design_1_i/c_counter_binary_0/U0/i_synth/i_baseblox.i_baseblox_counter/the_addsub/no_pipelining.the_addsub/i_lut6.i_lut6_addsub/i_q.i_simple.qreg/i_no_async_controls.output_reg[1]/C
  -------------------------------------------------------------------    -------------------
    SLICE_X43Y33         FDRE (Prop_fdre_C_Q)         0.341     2.627 f  design_1_i/c_counter_binary_0/U0/i_synth/i_baseblox.i_baseblox_counter/the_addsub/no_pipelining.the_addsub/i_lut6.i_lut6_addsub/i_q.i_simple.qreg/i_no_async_controls.output_reg[1]/Q
                         net (fo=1, routed)           0.346     2.973    design_1_i/c_counter_binary_0/U0/i_synth/i_baseblox.i_baseblox_counter/the_addsub/no_pipelining.the_addsub/i_lut6.i_lut6_addsub/i_q.i_simple.qreg/Q[0]
    SLICE_X43Y33         LUT1 (Prop_lut1_I0_O)        0.097     3.070 r  design_1_i/c_counter_binary_0/U0/i_synth/i_baseblox.i_baseblox_counter/the_addsub/no_pipelining.the_addsub/i_lut6.i_lut6_addsub/i_q.i_simple.qreg/i_simple_model.carrymux0_i_1/O
                         net (fo=1, routed)           0.000     3.070    design_1_i/c_counter_binary_0/U0/i_synth/i_baseblox.i_baseblox_counter/the_addsub/no_pipelining.the_addsub/i_lut6.i_lut6_addsub/S
    SLICE_X43Y33         CARRY4 (Prop_carry4_S[0]_CO[3])
                                                      0.395     3.465 r  design_1_i/c_counter_binary_0/U0/i_synth/i_baseblox.i_baseblox_counter/the_addsub/no_pipelining.the_addsub/i_lut6.i_lut6_addsub/i_simple_model.carrymux0_CARRY4/CO[3]
                         net (fo=1, routed)           0.000     3.465    design_1_i/c_counter_binary_0/U0/i_synth/i_baseblox.i_baseblox_counter/the_addsub/no_pipelining.the_addsub/i_lut6.i_lut6_addsub/carry_simple_3
    SLICE_X43Y34         CARRY4 (Prop_carry4_CI_CO[3])
                                                      0.089     3.554 r  design_1_i/c_counter_binary_0/U0/i_synth/i_baseblox.i_baseblox_counter/the_addsub/no_pipelining.the_addsub/i_lut6.i_lut6_addsub/i_simple_model.i_gt_1.carrychaingen[4].carrymux_CARRY4/CO[3]
                         net (fo=1, routed)           0.000     3.554    design_1_i/c_counter_binary_0/U0/i_synth/i_baseblox.i_baseblox_counter/the_addsub/no_pipelining.the_addsub/i_lut6.i_lut6_addsub/carry_simple_7
    SLICE_X43Y35         CARRY4 (Prop_carry4_CI_CO[3])
                                                      0.089     3.643 r  design_1_i/c_counter_binary_0/U0/i_synth/i_baseblox.i_baseblox_counter/the_addsub/no_pipelining.the_addsub/i_lut6.i_lut6_addsub/i_simple_model.i_gt_1.carrychaingen[8].carrymux_CARRY4/CO[3]
                         net (fo=1, routed)           0.000     3.643    design_1_i/c_counter_binary_0/U0/i_synth/i_baseblox.i_baseblox_counter/the_addsub/no_pipelining.the_addsub/i_lut6.i_lut6_addsub/carry_simple_11
    SLICE_X43Y36         CARRY4 (Prop_carry4_CI_O[2])
                                                      0.181     3.824 r  design_1_i/c_counter_binary_0/U0/i_synth/i_baseblox.i_baseblox_counter/the_addsub/no_pipelining.the_addsub/i_lut6.i_lut6_addsub/i_simple_model.i_gt_1.carrychaingen[12].carrymux_CARRY4/O[2]
                         net (fo=1, routed)           0.000     3.824    design_1_i/c_counter_binary_0/U0/i_synth/i_baseblox.i_baseblox_counter/the_addsub/no_pipelining.the_addsub/i_lut6.i_lut6_addsub/i_q.i_simple.qreg/s[14]
    SLICE_X43Y36         FDRE                                         r  design_1_i/c_counter_binary_0/U0/i_synth/i_baseblox.i_baseblox_counter/the_addsub/no_pipelining.the_addsub/i_lut6.i_lut6_addsub/i_q.i_simple.qreg/i_no_async_controls.output_reg[15]/D
  -------------------------------------------------------------------    -------------------

                         (clock clk_fpga_0 rise edge)
                                                   1000.000  1000.000 r  
    PS7_X0Y0             PS7                          0.000  1000.000 r  design_1_i/processing_system7_0/inst/PS7_i/FCLKCLK[0]
                         net (fo=1, routed)           0.795  1000.795    design_1_i/processing_system7_0/inst/FCLK_CLK_unbuffered[0]
    BUFGCTRL_X0Y1        BUFG (Prop_bufg_I_O)         0.072  1000.867 r  design_1_i/processing_system7_0/inst/buffer_fclk_clk_0.FCLK_CLK_0_BUFG/O
                         net (fo=20, routed)          1.194  1002.061    design_1_i/c_counter_binary_0/U0/i_synth/i_baseblox.i_baseblox_counter/the_addsub/no_pipelining.the_addsub/i_lut6.i_lut6_addsub/i_q.i_simple.qreg/CLK
    SLICE_X43Y36         FDRE                                         r  design_1_i/c_counter_binary_0/U0/i_synth/i_baseblox.i_baseblox_counter/the_addsub/no_pipelining.the_addsub/i_lut6.i_lut6_addsub/i_q.i_simple.qreg/i_no_async_controls.output_reg[15]/C
                         clock pessimism              0.204  1002.265    
                         clock uncertainty          -15.000   987.265    
    SLICE_X43Y36         FDRE (Setup_fdre_C_D)        0.056   987.321    design_1_i/c_counter_binary_0/U0/i_synth/i_baseblox.i_baseblox_counter/the_addsub/no_pipelining.the_addsub/i_lut6.i_lut6_addsub/i_q.i_simple.qreg/i_no_async_controls.output_reg[15]
  -------------------------------------------------------------------
                         required time                        987.321    
                         arrival time                          -3.824    
  -------------------------------------------------------------------
                         slack                                983.497    

Slack (MET) :             983.519ns  (required time - arrival time)
  Source:                 design_1_i/c_counter_binary_0/U0/i_synth/i_baseblox.i_baseblox_counter/the_addsub/no_pipelining.the_addsub/i_lut6.i_lut6_addsub/i_q.i_simple.qreg/i_no_async_controls.output_reg[1]/C
                            (rising edge-triggered cell FDRE clocked by clk_fpga_0  {rise@0.000ns fall@500.000ns period=1000.000ns})
  Destination:            design_1_i/c_counter_binary_0/U0/i_synth/i_baseblox.i_baseblox_counter/the_addsub/no_pipelining.the_addsub/i_lut6.i_lut6_addsub/i_q.i_simple.qreg/i_no_async_controls.output_reg[13]/D
                            (rising edge-triggered cell FDRE clocked by clk_fpga_0  {rise@0.000ns fall@500.000ns period=1000.000ns})
  Path Group:             clk_fpga_0
  Path Type:              Setup (Max at Slow Process Corner)
  Requirement:            1000.000ns  (clk_fpga_0 rise@1000.000ns - clk_fpga_0 rise@0.000ns)
  Data Path Delay:        1.516ns  (logic 1.170ns (77.176%)  route 0.346ns (22.824%))
  Logic Levels:           5  (CARRY4=4 LUT1=1)
  Clock Path Skew:        -0.021ns (DCD - SCD + CPR)
    Destination Clock Delay (DCD):    2.061ns = ( 1002.061 - 1000.000 ) 
    Source Clock Delay      (SCD):    2.286ns
    Clock Pessimism Removal (CPR):    0.204ns
  Clock Uncertainty:      15.000ns  ((TSJ^2 + TIJ^2)^1/2 + DJ) / 2 + PE
    Total System Jitter     (TSJ):    0.071ns
    Total Input Jitter      (TIJ):    30.000ns
    Discrete Jitter          (DJ):    0.000ns
    Phase Error              (PE):    0.000ns

    Location             Delay type                Incr(ns)  Path(ns)    Netlist Resource(s)
  -------------------------------------------------------------------    -------------------
                         (clock clk_fpga_0 rise edge)
                                                      0.000     0.000 r  
    PS7_X0Y0             PS7                          0.000     0.000 r  design_1_i/processing_system7_0/inst/PS7_i/FCLKCLK[0]
                         net (fo=1, routed)           0.874     0.874    design_1_i/processing_system7_0/inst/FCLK_CLK_unbuffered[0]
    BUFGCTRL_X0Y1        BUFG (Prop_bufg_I_O)         0.079     0.953 r  design_1_i/processing_system7_0/inst/buffer_fclk_clk_0.FCLK_CLK_0_BUFG/O
                         net (fo=20, routed)          1.333     2.286    design_1_i/c_counter_binary_0/U0/i_synth/i_baseblox.i_baseblox_counter/the_addsub/no_pipelining.the_addsub/i_lut6.i_lut6_addsub/i_q.i_simple.qreg/CLK
    SLICE_X43Y33         FDRE                                         r  design_1_i/c_counter_binary_0/U0/i_synth/i_baseblox.i_baseblox_counter/the_addsub/no_pipelining.the_addsub/i_lut6.i_lut6_addsub/i_q.i_simple.qreg/i_no_async_controls.output_reg[1]/C
  -------------------------------------------------------------------    -------------------
    SLICE_X43Y33         FDRE (Prop_fdre_C_Q)         0.341     2.627 f  design_1_i/c_counter_binary_0/U0/i_synth/i_baseblox.i_baseblox_counter/the_addsub/no_pipelining.the_addsub/i_lut6.i_lut6_addsub/i_q.i_simple.qreg/i_no_async_controls.output_reg[1]/Q
                         net (fo=1, routed)           0.346     2.973    design_1_i/c_counter_binary_0/U0/i_synth/i_baseblox.i_baseblox_counter/the_addsub/no_pipelining.the_addsub/i_lut6.i_lut6_addsub/i_q.i_simple.qreg/Q[0]
    SLICE_X43Y33         LUT1 (Prop_lut1_I0_O)        0.097     3.070 r  design_1_i/c_counter_binary_0/U0/i_synth/i_baseblox.i_baseblox_counter/the_addsub/no_pipelining.the_addsub/i_lut6.i_lut6_addsub/i_q.i_simple.qreg/i_simple_model.carrymux0_i_1/O
                         net (fo=1, routed)           0.000     3.070    design_1_i/c_counter_binary_0/U0/i_synth/i_baseblox.i_baseblox_counter/the_addsub/no_pipelining.the_addsub/i_lut6.i_lut6_addsub/S
    SLICE_X43Y33         CARRY4 (Prop_carry4_S[0]_CO[3])
                                                      0.395     3.465 r  design_1_i/c_counter_binary_0/U0/i_synth/i_baseblox.i_baseblox_counter/the_addsub/no_pipelining.the_addsub/i_lut6.i_lut6_addsub/i_simple_model.carrymux0_CARRY4/CO[3]
                         net (fo=1, routed)           0.000     3.465    design_1_i/c_counter_binary_0/U0/i_synth/i_baseblox.i_baseblox_counter/the_addsub/no_pipelining.the_addsub/i_lut6.i_lut6_addsub/carry_simple_3
    SLICE_X43Y34         CARRY4 (Prop_carry4_CI_CO[3])
                                                      0.089     3.554 r  design_1_i/c_counter_binary_0/U0/i_synth/i_baseblox.i_baseblox_counter/the_addsub/no_pipelining.the_addsub/i_lut6.i_lut6_addsub/i_simple_model.i_gt_1.carrychaingen[4].carrymux_CARRY4/CO[3]
                         net (fo=1, routed)           0.000     3.554    design_1_i/c_counter_binary_0/U0/i_synth/i_baseblox.i_baseblox_counter/the_addsub/no_pipelining.the_addsub/i_lut6.i_lut6_addsub/carry_simple_7
    SLICE_X43Y35         CARRY4 (Prop_carry4_CI_CO[3])
                                                      0.089     3.643 r  design_1_i/c_counter_binary_0/U0/i_synth/i_baseblox.i_baseblox_counter/the_addsub/no_pipelining.the_addsub/i_lut6.i_lut6_addsub/i_simple_model.i_gt_1.carrychaingen[8].carrymux_CARRY4/CO[3]
                         net (fo=1, routed)           0.000     3.643    design_1_i/c_counter_binary_0/U0/i_synth/i_baseblox.i_baseblox_counter/the_addsub/no_pipelining.the_addsub/i_lut6.i_lut6_addsub/carry_simple_11
    SLICE_X43Y36         CARRY4 (Prop_carry4_CI_O[0])
                                                      0.159     3.802 r  design_1_i/c_counter_binary_0/U0/i_synth/i_baseblox.i_baseblox_counter/the_addsub/no_pipelining.the_addsub/i_lut6.i_lut6_addsub/i_simple_model.i_gt_1.carrychaingen[12].carrymux_CARRY4/O[0]
                         net (fo=1, routed)           0.000     3.802    design_1_i/c_counter_binary_0/U0/i_synth/i_baseblox.i_baseblox_counter/the_addsub/no_pipelining.the_addsub/i_lut6.i_lut6_addsub/i_q.i_simple.qreg/s[12]
    SLICE_X43Y36         FDRE                                         r  design_1_i/c_counter_binary_0/U0/i_synth/i_baseblox.i_baseblox_counter/the_addsub/no_pipelining.the_addsub/i_lut6.i_lut6_addsub/i_q.i_simple.qreg/i_no_async_controls.output_reg[13]/D
  -------------------------------------------------------------------    -------------------

                         (clock clk_fpga_0 rise edge)
                                                   1000.000  1000.000 r  
    PS7_X0Y0             PS7                          0.000  1000.000 r  design_1_i/processing_system7_0/inst/PS7_i/FCLKCLK[0]
                         net (fo=1, routed)           0.795  1000.795    design_1_i/processing_system7_0/inst/FCLK_CLK_unbuffered[0]
    BUFGCTRL_X0Y1        BUFG (Prop_bufg_I_O)         0.072  1000.867 r  design_1_i/processing_system7_0/inst/buffer_fclk_clk_0.FCLK_CLK_0_BUFG/O
                         net (fo=20, routed)          1.194  1002.061    design_1_i/c_counter_binary_0/U0/i_synth/i_baseblox.i_baseblox_counter/the_addsub/no_pipelining.the_addsub/i_lut6.i_lut6_addsub/i_q.i_simple.qreg/CLK
    SLICE_X43Y36         FDRE                                         r  design_1_i/c_counter_binary_0/U0/i_synth/i_baseblox.i_baseblox_counter/the_addsub/no_pipelining.the_addsub/i_lut6.i_lut6_addsub/i_q.i_simple.qreg/i_no_async_controls.output_reg[13]/C
                         clock pessimism              0.204  1002.265    
                         clock uncertainty          -15.000   987.265    
    SLICE_X43Y36         FDRE (Setup_fdre_C_D)        0.056   987.321    design_1_i/c_counter_binary_0/U0/i_synth/i_baseblox.i_baseblox_counter/the_addsub/no_pipelining.the_addsub/i_lut6.i_lut6_addsub/i_q.i_simple.qreg/i_no_async_controls.output_reg[13]
  -------------------------------------------------------------------
                         required time                        987.321    
                         arrival time                          -3.802    
  -------------------------------------------------------------------
                         slack                                983.519    

Slack (MET) :             983.532ns  (required time - arrival time)
  Source:                 design_1_i/c_counter_binary_0/U0/i_synth/i_baseblox.i_baseblox_counter/the_addsub/no_pipelining.the_addsub/i_lut6.i_lut6_addsub/i_q.i_simple.qreg/i_no_async_controls.output_reg[1]/C
                            (rising edge-triggered cell FDRE clocked by clk_fpga_0  {rise@0.000ns fall@500.000ns period=1000.000ns})
  Destination:            design_1_i/c_counter_binary_0/U0/i_synth/i_baseblox.i_baseblox_counter/the_addsub/no_pipelining.the_addsub/i_lut6.i_lut6_addsub/i_q.i_simple.qreg/i_no_async_controls.output_reg[12]/D
                            (rising edge-triggered cell FDRE clocked by clk_fpga_0  {rise@0.000ns fall@500.000ns period=1000.000ns})
  Path Group:             clk_fpga_0
  Path Type:              Setup (Max at Slow Process Corner)
  Requirement:            1000.000ns  (clk_fpga_0 rise@1000.000ns - clk_fpga_0 rise@0.000ns)
  Data Path Delay:        1.502ns  (logic 1.156ns (76.964%)  route 0.346ns (23.036%))
  Logic Levels:           4  (CARRY4=3 LUT1=1)
  Clock Path Skew:        -0.022ns (DCD - SCD + CPR)
    Destination Clock Delay (DCD):    2.060ns = ( 1002.060 - 1000.000 ) 
    Source Clock Delay      (SCD):    2.286ns
    Clock Pessimism Removal (CPR):    0.204ns
  Clock Uncertainty:      15.000ns  ((TSJ^2 + TIJ^2)^1/2 + DJ) / 2 + PE
    Total System Jitter     (TSJ):    0.071ns
    Total Input Jitter      (TIJ):    30.000ns
    Discrete Jitter          (DJ):    0.000ns
    Phase Error              (PE):    0.000ns

    Location             Delay type                Incr(ns)  Path(ns)    Netlist Resource(s)
  -------------------------------------------------------------------    -------------------
                         (clock clk_fpga_0 rise edge)
                                                      0.000     0.000 r  
    PS7_X0Y0             PS7                          0.000     0.000 r  design_1_i/processing_system7_0/inst/PS7_i/FCLKCLK[0]
                         net (fo=1, routed)           0.874     0.874    design_1_i/processing_system7_0/inst/FCLK_CLK_unbuffered[0]
    BUFGCTRL_X0Y1        BUFG (Prop_bufg_I_O)         0.079     0.953 r  design_1_i/processing_system7_0/inst/buffer_fclk_clk_0.FCLK_CLK_0_BUFG/O
                         net (fo=20, routed)          1.333     2.286    design_1_i/c_counter_binary_0/U0/i_synth/i_baseblox.i_baseblox_counter/the_addsub/no_pipelining.the_addsub/i_lut6.i_lut6_addsub/i_q.i_simple.qreg/CLK
    SLICE_X43Y33         FDRE                                         r  design_1_i/c_counter_binary_0/U0/i_synth/i_baseblox.i_baseblox_counter/the_addsub/no_pipelining.the_addsub/i_lut6.i_lut6_addsub/i_q.i_simple.qreg/i_no_async_controls.output_reg[1]/C
  -------------------------------------------------------------------    -------------------
    SLICE_X43Y33         FDRE (Prop_fdre_C_Q)         0.341     2.627 f  design_1_i/c_counter_binary_0/U0/i_synth/i_baseblox.i_baseblox_counter/the_addsub/no_pipelining.the_addsub/i_lut6.i_lut6_addsub/i_q.i_simple.qreg/i_no_async_controls.output_reg[1]/Q
                         net (fo=1, routed)           0.346     2.973    design_1_i/c_counter_binary_0/U0/i_synth/i_baseblox.i_baseblox_counter/the_addsub/no_pipelining.the_addsub/i_lut6.i_lut6_addsub/i_q.i_simple.qreg/Q[0]
    SLICE_X43Y33         LUT1 (Prop_lut1_I0_O)        0.097     3.070 r  design_1_i/c_counter_binary_0/U0/i_synth/i_baseblox.i_baseblox_counter/the_addsub/no_pipelining.the_addsub/i_lut6.i_lut6_addsub/i_q.i_simple.qreg/i_simple_model.carrymux0_i_1/O
                         net (fo=1, routed)           0.000     3.070    design_1_i/c_counter_binary_0/U0/i_synth/i_baseblox.i_baseblox_counter/the_addsub/no_pipelining.the_addsub/i_lut6.i_lut6_addsub/S
    SLICE_X43Y33         CARRY4 (Prop_carry4_S[0]_CO[3])
                                                      0.395     3.465 r  design_1_i/c_counter_binary_0/U0/i_synth/i_baseblox.i_baseblox_counter/the_addsub/no_pipelining.the_addsub/i_lut6.i_lut6_addsub/i_simple_model.carrymux0_CARRY4/CO[3]
                         net (fo=1, routed)           0.000     3.465    design_1_i/c_counter_binary_0/U0/i_synth/i_baseblox.i_baseblox_counter/the_addsub/no_pipelining.the_addsub/i_lut6.i_lut6_addsub/carry_simple_3
    SLICE_X43Y34         CARRY4 (Prop_carry4_CI_CO[3])
                                                      0.089     3.554 r  design_1_i/c_counter_binary_0/U0/i_synth/i_baseblox.i_baseblox_counter/the_addsub/no_pipelining.the_addsub/i_lut6.i_lut6_addsub/i_simple_model.i_gt_1.carrychaingen[4].carrymux_CARRY4/CO[3]
                         net (fo=1, routed)           0.000     3.554    design_1_i/c_counter_binary_0/U0/i_synth/i_baseblox.i_baseblox_counter/the_addsub/no_pipelining.the_addsub/i_lut6.i_lut6_addsub/carry_simple_7
    SLICE_X43Y35         CARRY4 (Prop_carry4_CI_O[3])
                                                      0.234     3.788 r  design_1_i/c_counter_binary_0/U0/i_synth/i_baseblox.i_baseblox_counter/the_addsub/no_pipelining.the_addsub/i_lut6.i_lut6_addsub/i_simple_model.i_gt_1.carrychaingen[8].carrymux_CARRY4/O[3]
                         net (fo=1, routed)           0.000     3.788    design_1_i/c_counter_binary_0/U0/i_synth/i_baseblox.i_baseblox_counter/the_addsub/no_pipelining.the_addsub/i_lut6.i_lut6_addsub/i_q.i_simple.qreg/s[11]
    SLICE_X43Y35         FDRE                                         r  design_1_i/c_counter_binary_0/U0/i_synth/i_baseblox.i_baseblox_counter/the_addsub/no_pipelining.the_addsub/i_lut6.i_lut6_addsub/i_q.i_simple.qreg/i_no_async_controls.output_reg[12]/D
  -------------------------------------------------------------------    -------------------

                         (clock clk_fpga_0 rise edge)
                                                   1000.000  1000.000 r  
    PS7_X0Y0             PS7                          0.000  1000.000 r  design_1_i/processing_system7_0/inst/PS7_i/FCLKCLK[0]
                         net (fo=1, routed)           0.795  1000.795    design_1_i/processing_system7_0/inst/FCLK_CLK_unbuffered[0]
    BUFGCTRL_X0Y1        BUFG (Prop_bufg_I_O)         0.072  1000.867 r  design_1_i/processing_system7_0/inst/buffer_fclk_clk_0.FCLK_CLK_0_BUFG/O
                         net (fo=20, routed)          1.193  1002.060    design_1_i/c_counter_binary_0/U0/i_synth/i_baseblox.i_baseblox_counter/the_addsub/no_pipelining.the_addsub/i_lut6.i_lut6_addsub/i_q.i_simple.qreg/CLK
    SLICE_X43Y35         FDRE                                         r  design_1_i/c_counter_binary_0/U0/i_synth/i_baseblox.i_baseblox_counter/the_addsub/no_pipelining.the_addsub/i_lut6.i_lut6_addsub/i_q.i_simple.qreg/i_no_async_controls.output_reg[12]/C
                         clock pessimism              0.204  1002.264    
                         clock uncertainty          -15.000   987.264    
    SLICE_X43Y35         FDRE (Setup_fdre_C_D)        0.056   987.320    design_1_i/c_counter_binary_0/U0/i_synth/i_baseblox.i_baseblox_counter/the_addsub/no_pipelining.the_addsub/i_lut6.i_lut6_addsub/i_q.i_simple.qreg/i_no_async_controls.output_reg[12]
  -------------------------------------------------------------------
                         required time                        987.320    
                         arrival time                          -3.788    
  -------------------------------------------------------------------
                         slack                                983.532    

Slack (MET) :             983.536ns  (required time - arrival time)
  Source:                 design_1_i/c_counter_binary_0/U0/i_synth/i_baseblox.i_baseblox_counter/the_addsub/no_pipelining.the_addsub/i_lut6.i_lut6_addsub/i_q.i_simple.qreg/i_no_async_controls.output_reg[1]/C
                            (rising edge-triggered cell FDRE clocked by clk_fpga_0  {rise@0.000ns fall@500.000ns period=1000.000ns})
  Destination:            design_1_i/c_counter_binary_0/U0/i_synth/i_baseblox.i_baseblox_counter/the_addsub/no_pipelining.the_addsub/i_lut6.i_lut6_addsub/i_q.i_simple.qreg/i_no_async_controls.output_reg[10]/D
                            (rising edge-triggered cell FDRE clocked by clk_fpga_0  {rise@0.000ns fall@500.000ns period=1000.000ns})
  Path Group:             clk_fpga_0
  Path Type:              Setup (Max at Slow Process Corner)
  Requirement:            1000.000ns  (clk_fpga_0 rise@1000.000ns - clk_fpga_0 rise@0.000ns)
  Data Path Delay:        1.498ns  (logic 1.152ns (76.902%)  route 0.346ns (23.098%))
  Logic Levels:           4  (CARRY4=3 LUT1=1)
  Clock Path Skew:        -0.022ns (DCD - SCD + CPR)
    Destination Clock Delay (DCD):    2.060ns = ( 1002.060 - 1000.000 ) 
    Source Clock Delay      (SCD):    2.286ns
    Clock Pessimism Removal (CPR):    0.204ns
  Clock Uncertainty:      15.000ns  ((TSJ^2 + TIJ^2)^1/2 + DJ) / 2 + PE
    Total System Jitter     (TSJ):    0.071ns
    Total Input Jitter      (TIJ):    30.000ns
    Discrete Jitter          (DJ):    0.000ns
    Phase Error              (PE):    0.000ns

    Location             Delay type                Incr(ns)  Path(ns)    Netlist Resource(s)
  -------------------------------------------------------------------    -------------------
                         (clock clk_fpga_0 rise edge)
                                                      0.000     0.000 r  
    PS7_X0Y0             PS7                          0.000     0.000 r  design_1_i/processing_system7_0/inst/PS7_i/FCLKCLK[0]
                         net (fo=1, routed)           0.874     0.874    design_1_i/processing_system7_0/inst/FCLK_CLK_unbuffered[0]
    BUFGCTRL_X0Y1        BUFG (Prop_bufg_I_O)         0.079     0.953 r  design_1_i/processing_system7_0/inst/buffer_fclk_clk_0.FCLK_CLK_0_BUFG/O
                         net (fo=20, routed)          1.333     2.286    design_1_i/c_counter_binary_0/U0/i_synth/i_baseblox.i_baseblox_counter/the_addsub/no_pipelining.the_addsub/i_lut6.i_lut6_addsub/i_q.i_simple.qreg/CLK
    SLICE_X43Y33         FDRE                                         r  design_1_i/c_counter_binary_0/U0/i_synth/i_baseblox.i_baseblox_counter/the_addsub/no_pipelining.the_addsub/i_lut6.i_lut6_addsub/i_q.i_simple.qreg/i_no_async_controls.output_reg[1]/C
  -------------------------------------------------------------------    -------------------
    SLICE_X43Y33         FDRE (Prop_fdre_C_Q)         0.341     2.627 f  design_1_i/c_counter_binary_0/U0/i_synth/i_baseblox.i_baseblox_counter/the_addsub/no_pipelining.the_addsub/i_lut6.i_lut6_addsub/i_q.i_simple.qreg/i_no_async_controls.output_reg[1]/Q
                         net (fo=1, routed)           0.346     2.973    design_1_i/c_counter_binary_0/U0/i_synth/i_baseblox.i_baseblox_counter/the_addsub/no_pipelining.the_addsub/i_lut6.i_lut6_addsub/i_q.i_simple.qreg/Q[0]
    SLICE_X43Y33         LUT1 (Prop_lut1_I0_O)        0.097     3.070 r  design_1_i/c_counter_binary_0/U0/i_synth/i_baseblox.i_baseblox_counter/the_addsub/no_pipelining.the_addsub/i_lut6.i_lut6_addsub/i_q.i_simple.qreg/i_simple_model.carrymux0_i_1/O
                         net (fo=1, routed)           0.000     3.070    design_1_i/c_counter_binary_0/U0/i_synth/i_baseblox.i_baseblox_counter/the_addsub/no_pipelining.the_addsub/i_lut6.i_lut6_addsub/S
    SLICE_X43Y33         CARRY4 (Prop_carry4_S[0]_CO[3])
                                                      0.395     3.465 r  design_1_i/c_counter_binary_0/U0/i_synth/i_baseblox.i_baseblox_counter/the_addsub/no_pipelining.the_addsub/i_lut6.i_lut6_addsub/i_simple_model.carrymux0_CARRY4/CO[3]
                         net (fo=1, routed)           0.000     3.465    design_1_i/c_counter_binary_0/U0/i_synth/i_baseblox.i_baseblox_counter/the_addsub/no_pipelining.the_addsub/i_lut6.i_lut6_addsub/carry_simple_3
    SLICE_X43Y34         CARRY4 (Prop_carry4_CI_CO[3])
                                                      0.089     3.554 r  design_1_i/c_counter_binary_0/U0/i_synth/i_baseblox.i_baseblox_counter/the_addsub/no_pipelining.the_addsub/i_lut6.i_lut6_addsub/i_simple_model.i_gt_1.carrychaingen[4].carrymux_CARRY4/CO[3]
                         net (fo=1, routed)           0.000     3.554    design_1_i/c_counter_binary_0/U0/i_synth/i_baseblox.i_baseblox_counter/the_addsub/no_pipelining.the_addsub/i_lut6.i_lut6_addsub/carry_simple_7
    SLICE_X43Y35         CARRY4 (Prop_carry4_CI_O[1])
                                                      0.230     3.784 r  design_1_i/c_counter_binary_0/U0/i_synth/i_baseblox.i_baseblox_counter/the_addsub/no_pipelining.the_addsub/i_lut6.i_lut6_addsub/i_simple_model.i_gt_1.carrychaingen[8].carrymux_CARRY4/O[1]
                         net (fo=1, routed)           0.000     3.784    design_1_i/c_counter_binary_0/U0/i_synth/i_baseblox.i_baseblox_counter/the_addsub/no_pipelining.the_addsub/i_lut6.i_lut6_addsub/i_q.i_simple.qreg/s[9]
    SLICE_X43Y35         FDRE                                         r  design_1_i/c_counter_binary_0/U0/i_synth/i_baseblox.i_baseblox_counter/the_addsub/no_pipelining.the_addsub/i_lut6.i_lut6_addsub/i_q.i_simple.qreg/i_no_async_controls.output_reg[10]/D
  -------------------------------------------------------------------    -------------------

                         (clock clk_fpga_0 rise edge)
                                                   1000.000  1000.000 r  
    PS7_X0Y0             PS7                          0.000  1000.000 r  design_1_i/processing_system7_0/inst/PS7_i/FCLKCLK[0]
                         net (fo=1, routed)           0.795  1000.795    design_1_i/processing_system7_0/inst/FCLK_CLK_unbuffered[0]
    BUFGCTRL_X0Y1        BUFG (Prop_bufg_I_O)         0.072  1000.867 r  design_1_i/processing_system7_0/inst/buffer_fclk_clk_0.FCLK_CLK_0_BUFG/O
                         net (fo=20, routed)          1.193  1002.060    design_1_i/c_counter_binary_0/U0/i_synth/i_baseblox.i_baseblox_counter/the_addsub/no_pipelining.the_addsub/i_lut6.i_lut6_addsub/i_q.i_simple.qreg/CLK
    SLICE_X43Y35         FDRE                                         r  design_1_i/c_counter_binary_0/U0/i_synth/i_baseblox.i_baseblox_counter/the_addsub/no_pipelining.the_addsub/i_lut6.i_lut6_addsub/i_q.i_simple.qreg/i_no_async_controls.output_reg[10]/C
                         clock pessimism              0.204  1002.264    
                         clock uncertainty          -15.000   987.264    
    SLICE_X43Y35         FDRE (Setup_fdre_C_D)        0.056   987.320    design_1_i/c_counter_binary_0/U0/i_synth/i_baseblox.i_baseblox_counter/the_addsub/no_pipelining.the_addsub/i_lut6.i_lut6_addsub/i_q.i_simple.qreg/i_no_async_controls.output_reg[10]
  -------------------------------------------------------------------
                         required time                        987.320    
                         arrival time                          -3.784    
  -------------------------------------------------------------------
                         slack                                983.536    





Min Delay Paths
--------------------------------------------------------------------------------------
Slack (MET) :             0.249ns  (arrival time - required time)
  Source:                 design_1_i/c_counter_binary_0/U0/i_synth/i_baseblox.i_baseblox_counter/the_addsub/no_pipelining.the_addsub/i_lut6.i_lut6_addsub/i_q.i_simple.qreg/i_no_async_controls.output_reg[4]/C
                            (rising edge-triggered cell FDRE clocked by clk_fpga_0  {rise@0.000ns fall@500.000ns period=1000.000ns})
  Destination:            design_1_i/c_counter_binary_0/U0/i_synth/i_baseblox.i_baseblox_counter/the_addsub/no_pipelining.the_addsub/i_lut6.i_lut6_addsub/i_q.i_simple.qreg/i_no_async_controls.output_reg[4]/D
                            (rising edge-triggered cell FDRE clocked by clk_fpga_0  {rise@0.000ns fall@500.000ns period=1000.000ns})
  Path Group:             clk_fpga_0
  Path Type:              Hold (Min at Fast Process Corner)
  Requirement:            0.000ns  (clk_fpga_0 rise@0.000ns - clk_fpga_0 rise@0.000ns)
  Data Path Delay:        0.354ns  (logic 0.249ns (70.248%)  route 0.105ns (29.752%))
  Logic Levels:           1  (CARRY4=1)
  Clock Path Skew:        0.000ns (DCD - SCD - CPR)
    Destination Clock Delay (DCD):    1.224ns
    Source Clock Delay      (SCD):    0.928ns
    Clock Pessimism Removal (CPR):    0.296ns

    Location             Delay type                Incr(ns)  Path(ns)    Netlist Resource(s)
  -------------------------------------------------------------------    -------------------
                         (clock clk_fpga_0 rise edge)
                                                      0.000     0.000 r  
    PS7_X0Y0             PS7                          0.000     0.000 r  design_1_i/processing_system7_0/inst/PS7_i/FCLKCLK[0]
                         net (fo=1, routed)           0.315     0.315    design_1_i/processing_system7_0/inst/FCLK_CLK_unbuffered[0]
    BUFGCTRL_X0Y1        BUFG (Prop_bufg_I_O)         0.026     0.341 r  design_1_i/processing_system7_0/inst/buffer_fclk_clk_0.FCLK_CLK_0_BUFG/O
                         net (fo=20, routed)          0.587     0.928    design_1_i/c_counter_binary_0/U0/i_synth/i_baseblox.i_baseblox_counter/the_addsub/no_pipelining.the_addsub/i_lut6.i_lut6_addsub/i_q.i_simple.qreg/CLK
    SLICE_X43Y33         FDRE                                         r  design_1_i/c_counter_binary_0/U0/i_synth/i_baseblox.i_baseblox_counter/the_addsub/no_pipelining.the_addsub/i_lut6.i_lut6_addsub/i_q.i_simple.qreg/i_no_async_controls.output_reg[4]/C
  -------------------------------------------------------------------    -------------------
    SLICE_X43Y33         FDRE (Prop_fdre_C_Q)         0.141     1.069 r  design_1_i/c_counter_binary_0/U0/i_synth/i_baseblox.i_baseblox_counter/the_addsub/no_pipelining.the_addsub/i_lut6.i_lut6_addsub/i_q.i_simple.qreg/i_no_async_controls.output_reg[4]/Q
                         net (fo=1, routed)           0.105     1.174    design_1_i/c_counter_binary_0/U0/i_synth/i_baseblox.i_baseblox_counter/the_addsub/no_pipelining.the_addsub/i_lut6.i_lut6_addsub/Q[3]
    SLICE_X43Y33         CARRY4 (Prop_carry4_S[3]_O[3])
                                                      0.108     1.282 r  design_1_i/c_counter_binary_0/U0/i_synth/i_baseblox.i_baseblox_counter/the_addsub/no_pipelining.the_addsub/i_lut6.i_lut6_addsub/i_simple_model.carrymux0_CARRY4/O[3]
                         net (fo=1, routed)           0.000     1.282    design_1_i/c_counter_binary_0/U0/i_synth/i_baseblox.i_baseblox_counter/the_addsub/no_pipelining.the_addsub/i_lut6.i_lut6_addsub/i_q.i_simple.qreg/s[3]
    SLICE_X43Y33         FDRE                                         r  design_1_i/c_counter_binary_0/U0/i_synth/i_baseblox.i_baseblox_counter/the_addsub/no_pipelining.the_addsub/i_lut6.i_lut6_addsub/i_q.i_simple.qreg/i_no_async_controls.output_reg[4]/D
  -------------------------------------------------------------------    -------------------

                         (clock clk_fpga_0 rise edge)
                                                      0.000     0.000 r  
    PS7_X0Y0             PS7                          0.000     0.000 r  design_1_i/processing_system7_0/inst/PS7_i/FCLKCLK[0]
                         net (fo=1, routed)           0.341     0.341    design_1_i/processing_system7_0/inst/FCLK_CLK_unbuffered[0]
    BUFGCTRL_X0Y1        BUFG (Prop_bufg_I_O)         0.029     0.370 r  design_1_i/processing_system7_0/inst/buffer_fclk_clk_0.FCLK_CLK_0_BUFG/O
                         net (fo=20, routed)          0.854     1.224    design_1_i/c_counter_binary_0/U0/i_synth/i_baseblox.i_baseblox_counter/the_addsub/no_pipelining.the_addsub/i_lut6.i_lut6_addsub/i_q.i_simple.qreg/CLK
    SLICE_X43Y33         FDRE                                         r  design_1_i/c_counter_binary_0/U0/i_synth/i_baseblox.i_baseblox_counter/the_addsub/no_pipelining.the_addsub/i_lut6.i_lut6_addsub/i_q.i_simple.qreg/i_no_async_controls.output_reg[4]/C
                         clock pessimism             -0.296     0.928    
    SLICE_X43Y33         FDRE (Hold_fdre_C_D)         0.105     1.033    design_1_i/c_counter_binary_0/U0/i_synth/i_baseblox.i_baseblox_counter/the_addsub/no_pipelining.the_addsub/i_lut6.i_lut6_addsub/i_q.i_simple.qreg/i_no_async_controls.output_reg[4]
  -------------------------------------------------------------------
                         required time                         -1.033    
                         arrival time                           1.282    
  -------------------------------------------------------------------
                         slack                                  0.249    

Slack (MET) :             0.249ns  (arrival time - required time)
  Source:                 design_1_i/c_counter_binary_0/U0/i_synth/i_baseblox.i_baseblox_counter/the_addsub/no_pipelining.the_addsub/i_lut6.i_lut6_addsub/i_q.i_simple.qreg/i_no_async_controls.output_reg[12]/C
                            (rising edge-triggered cell FDRE clocked by clk_fpga_0  {rise@0.000ns fall@500.000ns period=1000.000ns})
  Destination:            design_1_i/c_counter_binary_0/U0/i_synth/i_baseblox.i_baseblox_counter/the_addsub/no_pipelining.the_addsub/i_lut6.i_lut6_addsub/i_q.i_simple.qreg/i_no_async_controls.output_reg[12]/D
                            (rising edge-triggered cell FDRE clocked by clk_fpga_0  {rise@0.000ns fall@500.000ns period=1000.000ns})
  Path Group:             clk_fpga_0
  Path Type:              Hold (Min at Fast Process Corner)
  Requirement:            0.000ns  (clk_fpga_0 rise@0.000ns - clk_fpga_0 rise@0.000ns)
  Data Path Delay:        0.354ns  (logic 0.249ns (70.248%)  route 0.105ns (29.752%))
  Logic Levels:           1  (CARRY4=1)
  Clock Path Skew:        0.000ns (DCD - SCD - CPR)
    Destination Clock Delay (DCD):    1.226ns
    Source Clock Delay      (SCD):    0.929ns
    Clock Pessimism Removal (CPR):    0.297ns

    Location             Delay type                Incr(ns)  Path(ns)    Netlist Resource(s)
  -------------------------------------------------------------------    -------------------
                         (clock clk_fpga_0 rise edge)
                                                      0.000     0.000 r  
    PS7_X0Y0             PS7                          0.000     0.000 r  design_1_i/processing_system7_0/inst/PS7_i/FCLKCLK[0]
                         net (fo=1, routed)           0.315     0.315    design_1_i/processing_system7_0/inst/FCLK_CLK_unbuffered[0]
    BUFGCTRL_X0Y1        BUFG (Prop_bufg_I_O)         0.026     0.341 r  design_1_i/processing_system7_0/inst/buffer_fclk_clk_0.FCLK_CLK_0_BUFG/O
                         net (fo=20, routed)          0.588     0.929    design_1_i/c_counter_binary_0/U0/i_synth/i_baseblox.i_baseblox_counter/the_addsub/no_pipelining.the_addsub/i_lut6.i_lut6_addsub/i_q.i_simple.qreg/CLK
    SLICE_X43Y35         FDRE                                         r  design_1_i/c_counter_binary_0/U0/i_synth/i_baseblox.i_baseblox_counter/the_addsub/no_pipelining.the_addsub/i_lut6.i_lut6_addsub/i_q.i_simple.qreg/i_no_async_controls.output_reg[12]/C
  -------------------------------------------------------------------    -------------------
    SLICE_X43Y35         FDRE (Prop_fdre_C_Q)         0.141     1.070 r  design_1_i/c_counter_binary_0/U0/i_synth/i_baseblox.i_baseblox_counter/the_addsub/no_pipelining.the_addsub/i_lut6.i_lut6_addsub/i_q.i_simple.qreg/i_no_async_controls.output_reg[12]/Q
                         net (fo=1, routed)           0.105     1.175    design_1_i/c_counter_binary_0/U0/i_synth/i_baseblox.i_baseblox_counter/the_addsub/no_pipelining.the_addsub/i_lut6.i_lut6_addsub/Q[11]
    SLICE_X43Y35         CARRY4 (Prop_carry4_S[3]_O[3])
                                                      0.108     1.283 r  design_1_i/c_counter_binary_0/U0/i_synth/i_baseblox.i_baseblox_counter/the_addsub/no_pipelining.the_addsub/i_lut6.i_lut6_addsub/i_simple_model.i_gt_1.carrychaingen[8].carrymux_CARRY4/O[3]
                         net (fo=1, routed)           0.000     1.283    design_1_i/c_counter_binary_0/U0/i_synth/i_baseblox.i_baseblox_counter/the_addsub/no_pipelining.the_addsub/i_lut6.i_lut6_addsub/i_q.i_simple.qreg/s[11]
    SLICE_X43Y35         FDRE                                         r  design_1_i/c_counter_binary_0/U0/i_synth/i_baseblox.i_baseblox_counter/the_addsub/no_pipelining.the_addsub/i_lut6.i_lut6_addsub/i_q.i_simple.qreg/i_no_async_controls.output_reg[12]/D
  -------------------------------------------------------------------    -------------------

                         (clock clk_fpga_0 rise edge)
                                                      0.000     0.000 r  
    PS7_X0Y0             PS7                          0.000     0.000 r  design_1_i/processing_system7_0/inst/PS7_i/FCLKCLK[0]
                         net (fo=1, routed)           0.341     0.341    design_1_i/processing_system7_0/inst/FCLK_CLK_unbuffered[0]
    BUFGCTRL_X0Y1        BUFG (Prop_bufg_I_O)         0.029     0.370 r  design_1_i/processing_system7_0/inst/buffer_fclk_clk_0.FCLK_CLK_0_BUFG/O
                         net (fo=20, routed)          0.856     1.226    design_1_i/c_counter_binary_0/U0/i_synth/i_baseblox.i_baseblox_counter/the_addsub/no_pipelining.the_addsub/i_lut6.i_lut6_addsub/i_q.i_simple.qreg/CLK
    SLICE_X43Y35         FDRE                                         r  design_1_i/c_counter_binary_0/U0/i_synth/i_baseblox.i_baseblox_counter/the_addsub/no_pipelining.the_addsub/i_lut6.i_lut6_addsub/i_q.i_simple.qreg/i_no_async_controls.output_reg[12]/C
                         clock pessimism             -0.297     0.929    
    SLICE_X43Y35         FDRE (Hold_fdre_C_D)         0.105     1.034    design_1_i/c_counter_binary_0/U0/i_synth/i_baseblox.i_baseblox_counter/the_addsub/no_pipelining.the_addsub/i_lut6.i_lut6_addsub/i_q.i_simple.qreg/i_no_async_controls.output_reg[12]
  -------------------------------------------------------------------
                         required time                         -1.034    
                         arrival time                           1.283    
  -------------------------------------------------------------------
                         slack                                  0.249    

Slack (MET) :             0.249ns  (arrival time - required time)
  Source:                 design_1_i/c_counter_binary_0/U0/i_synth/i_baseblox.i_baseblox_counter/the_addsub/no_pipelining.the_addsub/i_lut6.i_lut6_addsub/i_q.i_simple.qreg/i_no_async_controls.output_reg[8]/C
                            (rising edge-triggered cell FDRE clocked by clk_fpga_0  {rise@0.000ns fall@500.000ns period=1000.000ns})
  Destination:            design_1_i/c_counter_binary_0/U0/i_synth/i_baseblox.i_baseblox_counter/the_addsub/no_pipelining.the_addsub/i_lut6.i_lut6_addsub/i_q.i_simple.qreg/i_no_async_controls.output_reg[8]/D
                            (rising edge-triggered cell FDRE clocked by clk_fpga_0  {rise@0.000ns fall@500.000ns period=1000.000ns})
  Path Group:             clk_fpga_0
  Path Type:              Hold (Min at Fast Process Corner)
  Requirement:            0.000ns  (clk_fpga_0 rise@0.000ns - clk_fpga_0 rise@0.000ns)
  Data Path Delay:        0.354ns  (logic 0.249ns (70.248%)  route 0.105ns (29.752%))
  Logic Levels:           1  (CARRY4=1)
  Clock Path Skew:        0.000ns (DCD - SCD - CPR)
    Destination Clock Delay (DCD):    1.225ns
    Source Clock Delay      (SCD):    0.929ns
    Clock Pessimism Removal (CPR):    0.296ns

    Location             Delay type                Incr(ns)  Path(ns)    Netlist Resource(s)
  -------------------------------------------------------------------    -------------------
                         (clock clk_fpga_0 rise edge)
                                                      0.000     0.000 r  
    PS7_X0Y0             PS7                          0.000     0.000 r  design_1_i/processing_system7_0/inst/PS7_i/FCLKCLK[0]
                         net (fo=1, routed)           0.315     0.315    design_1_i/processing_system7_0/inst/FCLK_CLK_unbuffered[0]
    BUFGCTRL_X0Y1        BUFG (Prop_bufg_I_O)         0.026     0.341 r  design_1_i/processing_system7_0/inst/buffer_fclk_clk_0.FCLK_CLK_0_BUFG/O
                         net (fo=20, routed)          0.588     0.929    design_1_i/c_counter_binary_0/U0/i_synth/i_baseblox.i_baseblox_counter/the_addsub/no_pipelining.the_addsub/i_lut6.i_lut6_addsub/i_q.i_simple.qreg/CLK
    SLICE_X43Y34         FDRE                                         r  design_1_i/c_counter_binary_0/U0/i_synth/i_baseblox.i_baseblox_counter/the_addsub/no_pipelining.the_addsub/i_lut6.i_lut6_addsub/i_q.i_simple.qreg/i_no_async_controls.output_reg[8]/C
  -------------------------------------------------------------------    -------------------
    SLICE_X43Y34         FDRE (Prop_fdre_C_Q)         0.141     1.070 r  design_1_i/c_counter_binary_0/U0/i_synth/i_baseblox.i_baseblox_counter/the_addsub/no_pipelining.the_addsub/i_lut6.i_lut6_addsub/i_q.i_simple.qreg/i_no_async_controls.output_reg[8]/Q
                         net (fo=1, routed)           0.105     1.175    design_1_i/c_counter_binary_0/U0/i_synth/i_baseblox.i_baseblox_counter/the_addsub/no_pipelining.the_addsub/i_lut6.i_lut6_addsub/Q[7]
    SLICE_X43Y34         CARRY4 (Prop_carry4_S[3]_O[3])
                                                      0.108     1.283 r  design_1_i/c_counter_binary_0/U0/i_synth/i_baseblox.i_baseblox_counter/the_addsub/no_pipelining.the_addsub/i_lut6.i_lut6_addsub/i_simple_model.i_gt_1.carrychaingen[4].carrymux_CARRY4/O[3]
                         net (fo=1, routed)           0.000     1.283    design_1_i/c_counter_binary_0/U0/i_synth/i_baseblox.i_baseblox_counter/the_addsub/no_pipelining.the_addsub/i_lut6.i_lut6_addsub/i_q.i_simple.qreg/s[7]
    SLICE_X43Y34         FDRE                                         r  design_1_i/c_counter_binary_0/U0/i_synth/i_baseblox.i_baseblox_counter/the_addsub/no_pipelining.the_addsub/i_lut6.i_lut6_addsub/i_q.i_simple.qreg/i_no_async_controls.output_reg[8]/D
  -------------------------------------------------------------------    -------------------

                         (clock clk_fpga_0 rise edge)
                                                      0.000     0.000 r  
    PS7_X0Y0             PS7                          0.000     0.000 r  design_1_i/processing_system7_0/inst/PS7_i/FCLKCLK[0]
                         net (fo=1, routed)           0.341     0.341    design_1_i/processing_system7_0/inst/FCLK_CLK_unbuffered[0]
    BUFGCTRL_X0Y1        BUFG (Prop_bufg_I_O)         0.029     0.370 r  design_1_i/processing_system7_0/inst/buffer_fclk_clk_0.FCLK_CLK_0_BUFG/O
                         net (fo=20, routed)          0.855     1.225    design_1_i/c_counter_binary_0/U0/i_synth/i_baseblox.i_baseblox_counter/the_addsub/no_pipelining.the_addsub/i_lut6.i_lut6_addsub/i_q.i_simple.qreg/CLK
    SLICE_X43Y34         FDRE                                         r  design_1_i/c_counter_binary_0/U0/i_synth/i_baseblox.i_baseblox_counter/the_addsub/no_pipelining.the_addsub/i_lut6.i_lut6_addsub/i_q.i_simple.qreg/i_no_async_controls.output_reg[8]/C
                         clock pessimism             -0.296     0.929    
    SLICE_X43Y34         FDRE (Hold_fdre_C_D)         0.105     1.034    design_1_i/c_counter_binary_0/U0/i_synth/i_baseblox.i_baseblox_counter/the_addsub/no_pipelining.the_addsub/i_lut6.i_lut6_addsub/i_q.i_simple.qreg/i_no_async_controls.output_reg[8]
  -------------------------------------------------------------------
                         required time                         -1.034    
                         arrival time                           1.283    
  -------------------------------------------------------------------
                         slack                                  0.249    

Slack (MET) :             0.252ns  (arrival time - required time)
  Source:                 design_1_i/c_counter_binary_0/U0/i_synth/i_baseblox.i_baseblox_counter/the_addsub/no_pipelining.the_addsub/i_lut6.i_lut6_addsub/i_q.i_simple.qreg/i_no_async_controls.output_reg[19]/C
                            (rising edge-triggered cell FDRE clocked by clk_fpga_0  {rise@0.000ns fall@500.000ns period=1000.000ns})
  Destination:            design_1_i/c_counter_binary_0/U0/i_synth/i_baseblox.i_baseblox_counter/the_addsub/no_pipelining.the_addsub/i_lut6.i_lut6_addsub/i_q.i_simple.qreg/i_no_async_controls.output_reg[19]/D
                            (rising edge-triggered cell FDRE clocked by clk_fpga_0  {rise@0.000ns fall@500.000ns period=1000.000ns})
  Path Group:             clk_fpga_0
  Path Type:              Hold (Min at Fast Process Corner)
  Requirement:            0.000ns  (clk_fpga_0 rise@0.000ns - clk_fpga_0 rise@0.000ns)
  Data Path Delay:        0.357ns  (logic 0.252ns (70.494%)  route 0.105ns (29.506%))
  Logic Levels:           1  (CARRY4=1)
  Clock Path Skew:        0.000ns (DCD - SCD - CPR)
    Destination Clock Delay (DCD):    1.227ns
    Source Clock Delay      (SCD):    0.930ns
    Clock Pessimism Removal (CPR):    0.297ns

    Location             Delay type                Incr(ns)  Path(ns)    Netlist Resource(s)
  -------------------------------------------------------------------    -------------------
                         (clock clk_fpga_0 rise edge)
                                                      0.000     0.000 r  
    PS7_X0Y0             PS7                          0.000     0.000 r  design_1_i/processing_system7_0/inst/PS7_i/FCLKCLK[0]
                         net (fo=1, routed)           0.315     0.315    design_1_i/processing_system7_0/inst/FCLK_CLK_unbuffered[0]
    BUFGCTRL_X0Y1        BUFG (Prop_bufg_I_O)         0.026     0.341 r  design_1_i/processing_system7_0/inst/buffer_fclk_clk_0.FCLK_CLK_0_BUFG/O
                         net (fo=20, routed)          0.589     0.929    design_1_i/c_counter_binary_0/U0/i_synth/i_baseblox.i_baseblox_counter/the_addsub/no_pipelining.the_addsub/i_lut6.i_lut6_addsub/i_q.i_simple.qreg/CLK
    SLICE_X43Y37         FDRE                                         r  design_1_i/c_counter_binary_0/U0/i_synth/i_baseblox.i_baseblox_counter/the_addsub/no_pipelining.the_addsub/i_lut6.i_lut6_addsub/i_q.i_simple.qreg/i_no_async_controls.output_reg[19]/C
  -------------------------------------------------------------------    -------------------
    SLICE_X43Y37         FDRE (Prop_fdre_C_Q)         0.141     1.071 r  design_1_i/c_counter_binary_0/U0/i_synth/i_baseblox.i_baseblox_counter/the_addsub/no_pipelining.the_addsub/i_lut6.i_lut6_addsub/i_q.i_simple.qreg/i_no_async_controls.output_reg[19]/Q
                         net (fo=1, routed)           0.105     1.176    design_1_i/c_counter_binary_0/U0/i_synth/i_baseblox.i_baseblox_counter/the_addsub/no_pipelining.the_addsub/i_lut6.i_lut6_addsub/Q[18]
    SLICE_X43Y37         CARRY4 (Prop_carry4_S[2]_O[2])
                                                      0.111     1.287 r  design_1_i/c_counter_binary_0/U0/i_synth/i_baseblox.i_baseblox_counter/the_addsub/no_pipelining.the_addsub/i_lut6.i_lut6_addsub/i_simple_model.i_gt_1.carrychaingen[16].carrymux_CARRY4/O[2]
                         net (fo=1, routed)           0.000     1.287    design_1_i/c_counter_binary_0/U0/i_synth/i_baseblox.i_baseblox_counter/the_addsub/no_pipelining.the_addsub/i_lut6.i_lut6_addsub/i_q.i_simple.qreg/s[18]
    SLICE_X43Y37         FDRE                                         r  design_1_i/c_counter_binary_0/U0/i_synth/i_baseblox.i_baseblox_counter/the_addsub/no_pipelining.the_addsub/i_lut6.i_lut6_addsub/i_q.i_simple.qreg/i_no_async_controls.output_reg[19]/D
  -------------------------------------------------------------------    -------------------

                         (clock clk_fpga_0 rise edge)
                                                      0.000     0.000 r  
    PS7_X0Y0             PS7                          0.000     0.000 r  design_1_i/processing_system7_0/inst/PS7_i/FCLKCLK[0]
                         net (fo=1, routed)           0.341     0.341    design_1_i/processing_system7_0/inst/FCLK_CLK_unbuffered[0]
    BUFGCTRL_X0Y1        BUFG (Prop_bufg_I_O)         0.029     0.370 r  design_1_i/processing_system7_0/inst/buffer_fclk_clk_0.FCLK_CLK_0_BUFG/O
                         net (fo=20, routed)          0.857     1.227    design_1_i/c_counter_binary_0/U0/i_synth/i_baseblox.i_baseblox_counter/the_addsub/no_pipelining.the_addsub/i_lut6.i_lut6_addsub/i_q.i_simple.qreg/CLK
    SLICE_X43Y37         FDRE                                         r  design_1_i/c_counter_binary_0/U0/i_synth/i_baseblox.i_baseblox_counter/the_addsub/no_pipelining.the_addsub/i_lut6.i_lut6_addsub/i_q.i_simple.qreg/i_no_async_controls.output_reg[19]/C
                         clock pessimism             -0.297     0.930    
    SLICE_X43Y37         FDRE (Hold_fdre_C_D)         0.105     1.035    design_1_i/c_counter_binary_0/U0/i_synth/i_baseblox.i_baseblox_counter/the_addsub/no_pipelining.the_addsub/i_lut6.i_lut6_addsub/i_q.i_simple.qreg/i_no_async_controls.output_reg[19]
  -------------------------------------------------------------------
                         required time                         -1.035    
                         arrival time                           1.287    
  -------------------------------------------------------------------
                         slack                                  0.252    

Slack (MET) :             0.252ns  (arrival time - required time)
  Source:                 design_1_i/c_counter_binary_0/U0/i_synth/i_baseblox.i_baseblox_counter/the_addsub/no_pipelining.the_addsub/i_lut6.i_lut6_addsub/i_q.i_simple.qreg/i_no_async_controls.output_reg[15]/C
                            (rising edge-triggered cell FDRE clocked by clk_fpga_0  {rise@0.000ns fall@500.000ns period=1000.000ns})
  Destination:            design_1_i/c_counter_binary_0/U0/i_synth/i_baseblox.i_baseblox_counter/the_addsub/no_pipelining.the_addsub/i_lut6.i_lut6_addsub/i_q.i_simple.qreg/i_no_async_controls.output_reg[15]/D
                            (rising edge-triggered cell FDRE clocked by clk_fpga_0  {rise@0.000ns fall@500.000ns period=1000.000ns})
  Path Group:             clk_fpga_0
  Path Type:              Hold (Min at Fast Process Corner)
  Requirement:            0.000ns  (clk_fpga_0 rise@0.000ns - clk_fpga_0 rise@0.000ns)
  Data Path Delay:        0.357ns  (logic 0.252ns (70.494%)  route 0.105ns (29.506%))
  Logic Levels:           1  (CARRY4=1)
  Clock Path Skew:        0.000ns (DCD - SCD - CPR)
    Destination Clock Delay (DCD):    1.226ns
    Source Clock Delay      (SCD):    0.929ns
    Clock Pessimism Removal (CPR):    0.297ns

    Location             Delay type                Incr(ns)  Path(ns)    Netlist Resource(s)
  -------------------------------------------------------------------    -------------------
                         (clock clk_fpga_0 rise edge)
                                                      0.000     0.000 r  
    PS7_X0Y0             PS7                          0.000     0.000 r  design_1_i/processing_system7_0/inst/PS7_i/FCLKCLK[0]
                         net (fo=1, routed)           0.315     0.315    design_1_i/processing_system7_0/inst/FCLK_CLK_unbuffered[0]
    BUFGCTRL_X0Y1        BUFG (Prop_bufg_I_O)         0.026     0.341 r  design_1_i/processing_system7_0/inst/buffer_fclk_clk_0.FCLK_CLK_0_BUFG/O
                         net (fo=20, routed)          0.588     0.929    design_1_i/c_counter_binary_0/U0/i_synth/i_baseblox.i_baseblox_counter/the_addsub/no_pipelining.the_addsub/i_lut6.i_lut6_addsub/i_q.i_simple.qreg/CLK
    SLICE_X43Y36         FDRE                                         r  design_1_i/c_counter_binary_0/U0/i_synth/i_baseblox.i_baseblox_counter/the_addsub/no_pipelining.the_addsub/i_lut6.i_lut6_addsub/i_q.i_simple.qreg/i_no_async_controls.output_reg[15]/C
  -------------------------------------------------------------------    -------------------
    SLICE_X43Y36         FDRE (Prop_fdre_C_Q)         0.141     1.070 r  design_1_i/c_counter_binary_0/U0/i_synth/i_baseblox.i_baseblox_counter/the_addsub/no_pipelining.the_addsub/i_lut6.i_lut6_addsub/i_q.i_simple.qreg/i_no_async_controls.output_reg[15]/Q
                         net (fo=1, routed)           0.105     1.175    design_1_i/c_counter_binary_0/U0/i_synth/i_baseblox.i_baseblox_counter/the_addsub/no_pipelining.the_addsub/i_lut6.i_lut6_addsub/Q[14]
    SLICE_X43Y36         CARRY4 (Prop_carry4_S[2]_O[2])
                                                      0.111     1.286 r  design_1_i/c_counter_binary_0/U0/i_synth/i_baseblox.i_baseblox_counter/the_addsub/no_pipelining.the_addsub/i_lut6.i_lut6_addsub/i_simple_model.i_gt_1.carrychaingen[12].carrymux_CARRY4/O[2]
                         net (fo=1, routed)           0.000     1.286    design_1_i/c_counter_binary_0/U0/i_synth/i_baseblox.i_baseblox_counter/the_addsub/no_pipelining.the_addsub/i_lut6.i_lut6_addsub/i_q.i_simple.qreg/s[14]
    SLICE_X43Y36         FDRE                                         r  design_1_i/c_counter_binary_0/U0/i_synth/i_baseblox.i_baseblox_counter/the_addsub/no_pipelining.the_addsub/i_lut6.i_lut6_addsub/i_q.i_simple.qreg/i_no_async_controls.output_reg[15]/D
  -------------------------------------------------------------------    -------------------

                         (clock clk_fpga_0 rise edge)
                                                      0.000     0.000 r  
    PS7_X0Y0             PS7                          0.000     0.000 r  design_1_i/processing_system7_0/inst/PS7_i/FCLKCLK[0]
                         net (fo=1, routed)           0.341     0.341    design_1_i/processing_system7_0/inst/FCLK_CLK_unbuffered[0]
    BUFGCTRL_X0Y1        BUFG (Prop_bufg_I_O)         0.029     0.370 r  design_1_i/processing_system7_0/inst/buffer_fclk_clk_0.FCLK_CLK_0_BUFG/O
                         net (fo=20, routed)          0.856     1.226    design_1_i/c_counter_binary_0/U0/i_synth/i_baseblox.i_baseblox_counter/the_addsub/no_pipelining.the_addsub/i_lut6.i_lut6_addsub/i_q.i_simple.qreg/CLK
    SLICE_X43Y36         FDRE                                         r  design_1_i/c_counter_binary_0/U0/i_synth/i_baseblox.i_baseblox_counter/the_addsub/no_pipelining.the_addsub/i_lut6.i_lut6_addsub/i_q.i_simple.qreg/i_no_async_controls.output_reg[15]/C
                         clock pessimism             -0.297     0.929    
    SLICE_X43Y36         FDRE (Hold_fdre_C_D)         0.105     1.034    design_1_i/c_counter_binary_0/U0/i_synth/i_baseblox.i_baseblox_counter/the_addsub/no_pipelining.the_addsub/i_lut6.i_lut6_addsub/i_q.i_simple.qreg/i_no_async_controls.output_reg[15]
  -------------------------------------------------------------------
                         required time                         -1.034    
                         arrival time                           1.286    
  -------------------------------------------------------------------
                         slack                                  0.252    

Slack (MET) :             0.252ns  (arrival time - required time)
  Source:                 design_1_i/c_counter_binary_0/U0/i_synth/i_baseblox.i_baseblox_counter/the_addsub/no_pipelining.the_addsub/i_lut6.i_lut6_addsub/i_q.i_simple.qreg/i_no_async_controls.output_reg[7]/C
                            (rising edge-triggered cell FDRE clocked by clk_fpga_0  {rise@0.000ns fall@500.000ns period=1000.000ns})
  Destination:            design_1_i/c_counter_binary_0/U0/i_synth/i_baseblox.i_baseblox_counter/the_addsub/no_pipelining.the_addsub/i_lut6.i_lut6_addsub/i_q.i_simple.qreg/i_no_async_controls.output_reg[7]/D
                            (rising edge-triggered cell FDRE clocked by clk_fpga_0  {rise@0.000ns fall@500.000ns period=1000.000ns})
  Path Group:             clk_fpga_0
  Path Type:              Hold (Min at Fast Process Corner)
  Requirement:            0.000ns  (clk_fpga_0 rise@0.000ns - clk_fpga_0 rise@0.000ns)
  Data Path Delay:        0.357ns  (logic 0.252ns (70.494%)  route 0.105ns (29.506%))
  Logic Levels:           1  (CARRY4=1)
  Clock Path Skew:        0.000ns (DCD - SCD - CPR)
    Destination Clock Delay (DCD):    1.225ns
    Source Clock Delay      (SCD):    0.929ns
    Clock Pessimism Removal (CPR):    0.296ns

    Location             Delay type                Incr(ns)  Path(ns)    Netlist Resource(s)
  -------------------------------------------------------------------    -------------------
                         (clock clk_fpga_0 rise edge)
                                                      0.000     0.000 r  
    PS7_X0Y0             PS7                          0.000     0.000 r  design_1_i/processing_system7_0/inst/PS7_i/FCLKCLK[0]
                         net (fo=1, routed)           0.315     0.315    design_1_i/processing_system7_0/inst/FCLK_CLK_unbuffered[0]
    BUFGCTRL_X0Y1        BUFG (Prop_bufg_I_O)         0.026     0.341 r  design_1_i/processing_system7_0/inst/buffer_fclk_clk_0.FCLK_CLK_0_BUFG/O
                         net (fo=20, routed)          0.588     0.929    design_1_i/c_counter_binary_0/U0/i_synth/i_baseblox.i_baseblox_counter/the_addsub/no_pipelining.the_addsub/i_lut6.i_lut6_addsub/i_q.i_simple.qreg/CLK
    SLICE_X43Y34         FDRE                                         r  design_1_i/c_counter_binary_0/U0/i_synth/i_baseblox.i_baseblox_counter/the_addsub/no_pipelining.the_addsub/i_lut6.i_lut6_addsub/i_q.i_simple.qreg/i_no_async_controls.output_reg[7]/C
  -------------------------------------------------------------------    -------------------
    SLICE_X43Y34         FDRE (Prop_fdre_C_Q)         0.141     1.070 r  design_1_i/c_counter_binary_0/U0/i_synth/i_baseblox.i_baseblox_counter/the_addsub/no_pipelining.the_addsub/i_lut6.i_lut6_addsub/i_q.i_simple.qreg/i_no_async_controls.output_reg[7]/Q
                         net (fo=1, routed)           0.105     1.175    design_1_i/c_counter_binary_0/U0/i_synth/i_baseblox.i_baseblox_counter/the_addsub/no_pipelining.the_addsub/i_lut6.i_lut6_addsub/Q[6]
    SLICE_X43Y34         CARRY4 (Prop_carry4_S[2]_O[2])
                                                      0.111     1.286 r  design_1_i/c_counter_binary_0/U0/i_synth/i_baseblox.i_baseblox_counter/the_addsub/no_pipelining.the_addsub/i_lut6.i_lut6_addsub/i_simple_model.i_gt_1.carrychaingen[4].carrymux_CARRY4/O[2]
                         net (fo=1, routed)           0.000     1.286    design_1_i/c_counter_binary_0/U0/i_synth/i_baseblox.i_baseblox_counter/the_addsub/no_pipelining.the_addsub/i_lut6.i_lut6_addsub/i_q.i_simple.qreg/s[6]
    SLICE_X43Y34         FDRE                                         r  design_1_i/c_counter_binary_0/U0/i_synth/i_baseblox.i_baseblox_counter/the_addsub/no_pipelining.the_addsub/i_lut6.i_lut6_addsub/i_q.i_simple.qreg/i_no_async_controls.output_reg[7]/D
  -------------------------------------------------------------------    -------------------

                         (clock clk_fpga_0 rise edge)
                                                      0.000     0.000 r  
    PS7_X0Y0             PS7                          0.000     0.000 r  design_1_i/processing_system7_0/inst/PS7_i/FCLKCLK[0]
                         net (fo=1, routed)           0.341     0.341    design_1_i/processing_system7_0/inst/FCLK_CLK_unbuffered[0]
    BUFGCTRL_X0Y1        BUFG (Prop_bufg_I_O)         0.029     0.370 r  design_1_i/processing_system7_0/inst/buffer_fclk_clk_0.FCLK_CLK_0_BUFG/O
                         net (fo=20, routed)          0.855     1.225    design_1_i/c_counter_binary_0/U0/i_synth/i_baseblox.i_baseblox_counter/the_addsub/no_pipelining.the_addsub/i_lut6.i_lut6_addsub/i_q.i_simple.qreg/CLK
    SLICE_X43Y34         FDRE                                         r  design_1_i/c_counter_binary_0/U0/i_synth/i_baseblox.i_baseblox_counter/the_addsub/no_pipelining.the_addsub/i_lut6.i_lut6_addsub/i_q.i_simple.qreg/i_no_async_controls.output_reg[7]/C
                         clock pessimism             -0.296     0.929    
    SLICE_X43Y34         FDRE (Hold_fdre_C_D)         0.105     1.034    design_1_i/c_counter_binary_0/U0/i_synth/i_baseblox.i_baseblox_counter/the_addsub/no_pipelining.the_addsub/i_lut6.i_lut6_addsub/i_q.i_simple.qreg/i_no_async_controls.output_reg[7]
  -------------------------------------------------------------------
                         required time                         -1.034    
                         arrival time                           1.286    
  -------------------------------------------------------------------
                         slack                                  0.252    

Slack (MET) :             0.253ns  (arrival time - required time)
  Source:                 design_1_i/c_counter_binary_0/U0/i_synth/i_baseblox.i_baseblox_counter/the_addsub/no_pipelining.the_addsub/i_lut6.i_lut6_addsub/i_q.i_simple.qreg/i_no_async_controls.output_reg[13]/C
                            (rising edge-triggered cell FDRE clocked by clk_fpga_0  {rise@0.000ns fall@500.000ns period=1000.000ns})
  Destination:            design_1_i/c_counter_binary_0/U0/i_synth/i_baseblox.i_baseblox_counter/the_addsub/no_pipelining.the_addsub/i_lut6.i_lut6_addsub/i_q.i_simple.qreg/i_no_async_controls.output_reg[13]/D
                            (rising edge-triggered cell FDRE clocked by clk_fpga_0  {rise@0.000ns fall@500.000ns period=1000.000ns})
  Path Group:             clk_fpga_0
  Path Type:              Hold (Min at Fast Process Corner)
  Requirement:            0.000ns  (clk_fpga_0 rise@0.000ns - clk_fpga_0 rise@0.000ns)
  Data Path Delay:        0.358ns  (logic 0.256ns (71.417%)  route 0.102ns (28.583%))
  Logic Levels:           1  (CARRY4=1)
  Clock Path Skew:        0.000ns (DCD - SCD - CPR)
    Destination Clock Delay (DCD):    1.226ns
    Source Clock Delay      (SCD):    0.929ns
    Clock Pessimism Removal (CPR):    0.297ns

    Location             Delay type                Incr(ns)  Path(ns)    Netlist Resource(s)
  -------------------------------------------------------------------    -------------------
                         (clock clk_fpga_0 rise edge)
                                                      0.000     0.000 r  
    PS7_X0Y0             PS7                          0.000     0.000 r  design_1_i/processing_system7_0/inst/PS7_i/FCLKCLK[0]
                         net (fo=1, routed)           0.315     0.315    design_1_i/processing_system7_0/inst/FCLK_CLK_unbuffered[0]
    BUFGCTRL_X0Y1        BUFG (Prop_bufg_I_O)         0.026     0.341 r  design_1_i/processing_system7_0/inst/buffer_fclk_clk_0.FCLK_CLK_0_BUFG/O
                         net (fo=20, routed)          0.588     0.929    design_1_i/c_counter_binary_0/U0/i_synth/i_baseblox.i_baseblox_counter/the_addsub/no_pipelining.the_addsub/i_lut6.i_lut6_addsub/i_q.i_simple.qreg/CLK
    SLICE_X43Y36         FDRE                                         r  design_1_i/c_counter_binary_0/U0/i_synth/i_baseblox.i_baseblox_counter/the_addsub/no_pipelining.the_addsub/i_lut6.i_lut6_addsub/i_q.i_simple.qreg/i_no_async_controls.output_reg[13]/C
  -------------------------------------------------------------------    -------------------
    SLICE_X43Y36         FDRE (Prop_fdre_C_Q)         0.141     1.070 r  design_1_i/c_counter_binary_0/U0/i_synth/i_baseblox.i_baseblox_counter/the_addsub/no_pipelining.the_addsub/i_lut6.i_lut6_addsub/i_q.i_simple.qreg/i_no_async_controls.output_reg[13]/Q
                         net (fo=1, routed)           0.102     1.172    design_1_i/c_counter_binary_0/U0/i_synth/i_baseblox.i_baseblox_counter/the_addsub/no_pipelining.the_addsub/i_lut6.i_lut6_addsub/Q[12]
    SLICE_X43Y36         CARRY4 (Prop_carry4_S[0]_O[0])
                                                      0.115     1.287 r  design_1_i/c_counter_binary_0/U0/i_synth/i_baseblox.i_baseblox_counter/the_addsub/no_pipelining.the_addsub/i_lut6.i_lut6_addsub/i_simple_model.i_gt_1.carrychaingen[12].carrymux_CARRY4/O[0]
                         net (fo=1, routed)           0.000     1.287    design_1_i/c_counter_binary_0/U0/i_synth/i_baseblox.i_baseblox_counter/the_addsub/no_pipelining.the_addsub/i_lut6.i_lut6_addsub/i_q.i_simple.qreg/s[12]
    SLICE_X43Y36         FDRE                                         r  design_1_i/c_counter_binary_0/U0/i_synth/i_baseblox.i_baseblox_counter/the_addsub/no_pipelining.the_addsub/i_lut6.i_lut6_addsub/i_q.i_simple.qreg/i_no_async_controls.output_reg[13]/D
  -------------------------------------------------------------------    -------------------

                         (clock clk_fpga_0 rise edge)
                                                      0.000     0.000 r  
    PS7_X0Y0             PS7                          0.000     0.000 r  design_1_i/processing_system7_0/inst/PS7_i/FCLKCLK[0]
                         net (fo=1, routed)           0.341     0.341    design_1_i/processing_system7_0/inst/FCLK_CLK_unbuffered[0]
    BUFGCTRL_X0Y1        BUFG (Prop_bufg_I_O)         0.029     0.370 r  design_1_i/processing_system7_0/inst/buffer_fclk_clk_0.FCLK_CLK_0_BUFG/O
                         net (fo=20, routed)          0.856     1.226    design_1_i/c_counter_binary_0/U0/i_synth/i_baseblox.i_baseblox_counter/the_addsub/no_pipelining.the_addsub/i_lut6.i_lut6_addsub/i_q.i_simple.qreg/CLK
    SLICE_X43Y36         FDRE                                         r  design_1_i/c_counter_binary_0/U0/i_synth/i_baseblox.i_baseblox_counter/the_addsub/no_pipelining.the_addsub/i_lut6.i_lut6_addsub/i_q.i_simple.qreg/i_no_async_controls.output_reg[13]/C
                         clock pessimism             -0.297     0.929    
    SLICE_X43Y36         FDRE (Hold_fdre_C_D)         0.105     1.034    design_1_i/c_counter_binary_0/U0/i_synth/i_baseblox.i_baseblox_counter/the_addsub/no_pipelining.the_addsub/i_lut6.i_lut6_addsub/i_q.i_simple.qreg/i_no_async_controls.output_reg[13]
  -------------------------------------------------------------------
                         required time                         -1.034    
                         arrival time                           1.287    
  -------------------------------------------------------------------
                         slack                                  0.253    

Slack (MET) :             0.253ns  (arrival time - required time)
  Source:                 design_1_i/c_counter_binary_0/U0/i_synth/i_baseblox.i_baseblox_counter/the_addsub/no_pipelining.the_addsub/i_lut6.i_lut6_addsub/i_q.i_simple.qreg/i_no_async_controls.output_reg[17]/C
                            (rising edge-triggered cell FDRE clocked by clk_fpga_0  {rise@0.000ns fall@500.000ns period=1000.000ns})
  Destination:            design_1_i/c_counter_binary_0/U0/i_synth/i_baseblox.i_baseblox_counter/the_addsub/no_pipelining.the_addsub/i_lut6.i_lut6_addsub/i_q.i_simple.qreg/i_no_async_controls.output_reg[17]/D
                            (rising edge-triggered cell FDRE clocked by clk_fpga_0  {rise@0.000ns fall@500.000ns period=1000.000ns})
  Path Group:             clk_fpga_0
  Path Type:              Hold (Min at Fast Process Corner)
  Requirement:            0.000ns  (clk_fpga_0 rise@0.000ns - clk_fpga_0 rise@0.000ns)
  Data Path Delay:        0.358ns  (logic 0.256ns (71.417%)  route 0.102ns (28.583%))
  Logic Levels:           1  (CARRY4=1)
  Clock Path Skew:        0.000ns (DCD - SCD - CPR)
    Destination Clock Delay (DCD):    1.227ns
    Source Clock Delay      (SCD):    0.930ns
    Clock Pessimism Removal (CPR):    0.297ns

    Location             Delay type                Incr(ns)  Path(ns)    Netlist Resource(s)
  -------------------------------------------------------------------    -------------------
                         (clock clk_fpga_0 rise edge)
                                                      0.000     0.000 r  
    PS7_X0Y0             PS7                          0.000     0.000 r  design_1_i/processing_system7_0/inst/PS7_i/FCLKCLK[0]
                         net (fo=1, routed)           0.315     0.315    design_1_i/processing_system7_0/inst/FCLK_CLK_unbuffered[0]
    BUFGCTRL_X0Y1        BUFG (Prop_bufg_I_O)         0.026     0.341 r  design_1_i/processing_system7_0/inst/buffer_fclk_clk_0.FCLK_CLK_0_BUFG/O
                         net (fo=20, routed)          0.589     0.929    design_1_i/c_counter_binary_0/U0/i_synth/i_baseblox.i_baseblox_counter/the_addsub/no_pipelining.the_addsub/i_lut6.i_lut6_addsub/i_q.i_simple.qreg/CLK
    SLICE_X43Y37         FDRE                                         r  design_1_i/c_counter_binary_0/U0/i_synth/i_baseblox.i_baseblox_counter/the_addsub/no_pipelining.the_addsub/i_lut6.i_lut6_addsub/i_q.i_simple.qreg/i_no_async_controls.output_reg[17]/C
  -------------------------------------------------------------------    -------------------
    SLICE_X43Y37         FDRE (Prop_fdre_C_Q)         0.141     1.071 r  design_1_i/c_counter_binary_0/U0/i_synth/i_baseblox.i_baseblox_counter/the_addsub/no_pipelining.the_addsub/i_lut6.i_lut6_addsub/i_q.i_simple.qreg/i_no_async_controls.output_reg[17]/Q
                         net (fo=1, routed)           0.102     1.173    design_1_i/c_counter_binary_0/U0/i_synth/i_baseblox.i_baseblox_counter/the_addsub/no_pipelining.the_addsub/i_lut6.i_lut6_addsub/Q[16]
    SLICE_X43Y37         CARRY4 (Prop_carry4_S[0]_O[0])
                                                      0.115     1.288 r  design_1_i/c_counter_binary_0/U0/i_synth/i_baseblox.i_baseblox_counter/the_addsub/no_pipelining.the_addsub/i_lut6.i_lut6_addsub/i_simple_model.i_gt_1.carrychaingen[16].carrymux_CARRY4/O[0]
                         net (fo=1, routed)           0.000     1.288    design_1_i/c_counter_binary_0/U0/i_synth/i_baseblox.i_baseblox_counter/the_addsub/no_pipelining.the_addsub/i_lut6.i_lut6_addsub/i_q.i_simple.qreg/s[16]
    SLICE_X43Y37         FDRE                                         r  design_1_i/c_counter_binary_0/U0/i_synth/i_baseblox.i_baseblox_counter/the_addsub/no_pipelining.the_addsub/i_lut6.i_lut6_addsub/i_q.i_simple.qreg/i_no_async_controls.output_reg[17]/D
  -------------------------------------------------------------------    -------------------

                         (clock clk_fpga_0 rise edge)
                                                      0.000     0.000 r  
    PS7_X0Y0             PS7                          0.000     0.000 r  design_1_i/processing_system7_0/inst/PS7_i/FCLKCLK[0]
                         net (fo=1, routed)           0.341     0.341    design_1_i/processing_system7_0/inst/FCLK_CLK_unbuffered[0]
    BUFGCTRL_X0Y1        BUFG (Prop_bufg_I_O)         0.029     0.370 r  design_1_i/processing_system7_0/inst/buffer_fclk_clk_0.FCLK_CLK_0_BUFG/O
                         net (fo=20, routed)          0.857     1.227    design_1_i/c_counter_binary_0/U0/i_synth/i_baseblox.i_baseblox_counter/the_addsub/no_pipelining.the_addsub/i_lut6.i_lut6_addsub/i_q.i_simple.qreg/CLK
    SLICE_X43Y37         FDRE                                         r  design_1_i/c_counter_binary_0/U0/i_synth/i_baseblox.i_baseblox_counter/the_addsub/no_pipelining.the_addsub/i_lut6.i_lut6_addsub/i_q.i_simple.qreg/i_no_async_controls.output_reg[17]/C
                         clock pessimism             -0.297     0.930    
    SLICE_X43Y37         FDRE (Hold_fdre_C_D)         0.105     1.035    design_1_i/c_counter_binary_0/U0/i_synth/i_baseblox.i_baseblox_counter/the_addsub/no_pipelining.the_addsub/i_lut6.i_lut6_addsub/i_q.i_simple.qreg/i_no_async_controls.output_reg[17]
  -------------------------------------------------------------------
                         required time                         -1.035    
                         arrival time                           1.288    
  -------------------------------------------------------------------
                         slack                                  0.253    

Slack (MET) :             0.253ns  (arrival time - required time)
  Source:                 design_1_i/c_counter_binary_0/U0/i_synth/i_baseblox.i_baseblox_counter/the_addsub/no_pipelining.the_addsub/i_lut6.i_lut6_addsub/i_q.i_simple.qreg/i_no_async_controls.output_reg[5]/C
                            (rising edge-triggered cell FDRE clocked by clk_fpga_0  {rise@0.000ns fall@500.000ns period=1000.000ns})
  Destination:            design_1_i/c_counter_binary_0/U0/i_synth/i_baseblox.i_baseblox_counter/the_addsub/no_pipelining.the_addsub/i_lut6.i_lut6_addsub/i_q.i_simple.qreg/i_no_async_controls.output_reg[5]/D
                            (rising edge-triggered cell FDRE clocked by clk_fpga_0  {rise@0.000ns fall@500.000ns period=1000.000ns})
  Path Group:             clk_fpga_0
  Path Type:              Hold (Min at Fast Process Corner)
  Requirement:            0.000ns  (clk_fpga_0 rise@0.000ns - clk_fpga_0 rise@0.000ns)
  Data Path Delay:        0.358ns  (logic 0.256ns (71.417%)  route 0.102ns (28.583%))
  Logic Levels:           1  (CARRY4=1)
  Clock Path Skew:        0.000ns (DCD - SCD - CPR)
    Destination Clock Delay (DCD):    1.225ns
    Source Clock Delay      (SCD):    0.929ns
    Clock Pessimism Removal (CPR):    0.296ns

    Location             Delay type                Incr(ns)  Path(ns)    Netlist Resource(s)
  -------------------------------------------------------------------    -------------------
                         (clock clk_fpga_0 rise edge)
                                                      0.000     0.000 r  
    PS7_X0Y0             PS7                          0.000     0.000 r  design_1_i/processing_system7_0/inst/PS7_i/FCLKCLK[0]
                         net (fo=1, routed)           0.315     0.315    design_1_i/processing_system7_0/inst/FCLK_CLK_unbuffered[0]
    BUFGCTRL_X0Y1        BUFG (Prop_bufg_I_O)         0.026     0.341 r  design_1_i/processing_system7_0/inst/buffer_fclk_clk_0.FCLK_CLK_0_BUFG/O
                         net (fo=20, routed)          0.588     0.929    design_1_i/c_counter_binary_0/U0/i_synth/i_baseblox.i_baseblox_counter/the_addsub/no_pipelining.the_addsub/i_lut6.i_lut6_addsub/i_q.i_simple.qreg/CLK
    SLICE_X43Y34         FDRE                                         r  design_1_i/c_counter_binary_0/U0/i_synth/i_baseblox.i_baseblox_counter/the_addsub/no_pipelining.the_addsub/i_lut6.i_lut6_addsub/i_q.i_simple.qreg/i_no_async_controls.output_reg[5]/C
  -------------------------------------------------------------------    -------------------
    SLICE_X43Y34         FDRE (Prop_fdre_C_Q)         0.141     1.070 r  design_1_i/c_counter_binary_0/U0/i_synth/i_baseblox.i_baseblox_counter/the_addsub/no_pipelining.the_addsub/i_lut6.i_lut6_addsub/i_q.i_simple.qreg/i_no_async_controls.output_reg[5]/Q
                         net (fo=1, routed)           0.102     1.172    design_1_i/c_counter_binary_0/U0/i_synth/i_baseblox.i_baseblox_counter/the_addsub/no_pipelining.the_addsub/i_lut6.i_lut6_addsub/Q[4]
    SLICE_X43Y34         CARRY4 (Prop_carry4_S[0]_O[0])
                                                      0.115     1.287 r  design_1_i/c_counter_binary_0/U0/i_synth/i_baseblox.i_baseblox_counter/the_addsub/no_pipelining.the_addsub/i_lut6.i_lut6_addsub/i_simple_model.i_gt_1.carrychaingen[4].carrymux_CARRY4/O[0]
                         net (fo=1, routed)           0.000     1.287    design_1_i/c_counter_binary_0/U0/i_synth/i_baseblox.i_baseblox_counter/the_addsub/no_pipelining.the_addsub/i_lut6.i_lut6_addsub/i_q.i_simple.qreg/s[4]
    SLICE_X43Y34         FDRE                                         r  design_1_i/c_counter_binary_0/U0/i_synth/i_baseblox.i_baseblox_counter/the_addsub/no_pipelining.the_addsub/i_lut6.i_lut6_addsub/i_q.i_simple.qreg/i_no_async_controls.output_reg[5]/D
  -------------------------------------------------------------------    -------------------

                         (clock clk_fpga_0 rise edge)
                                                      0.000     0.000 r  
    PS7_X0Y0             PS7                          0.000     0.000 r  design_1_i/processing_system7_0/inst/PS7_i/FCLKCLK[0]
                         net (fo=1, routed)           0.341     0.341    design_1_i/processing_system7_0/inst/FCLK_CLK_unbuffered[0]
    BUFGCTRL_X0Y1        BUFG (Prop_bufg_I_O)         0.029     0.370 r  design_1_i/processing_system7_0/inst/buffer_fclk_clk_0.FCLK_CLK_0_BUFG/O
                         net (fo=20, routed)          0.855     1.225    design_1_i/c_counter_binary_0/U0/i_synth/i_baseblox.i_baseblox_counter/the_addsub/no_pipelining.the_addsub/i_lut6.i_lut6_addsub/i_q.i_simple.qreg/CLK
    SLICE_X43Y34         FDRE                                         r  design_1_i/c_counter_binary_0/U0/i_synth/i_baseblox.i_baseblox_counter/the_addsub/no_pipelining.the_addsub/i_lut6.i_lut6_addsub/i_q.i_simple.qreg/i_no_async_controls.output_reg[5]/C
                         clock pessimism             -0.296     0.929    
    SLICE_X43Y34         FDRE (Hold_fdre_C_D)         0.105     1.034    design_1_i/c_counter_binary_0/U0/i_synth/i_baseblox.i_baseblox_counter/the_addsub/no_pipelining.the_addsub/i_lut6.i_lut6_addsub/i_q.i_simple.qreg/i_no_async_controls.output_reg[5]
  -------------------------------------------------------------------
                         required time                         -1.034    
                         arrival time                           1.287    
  -------------------------------------------------------------------
                         slack                                  0.253    

Slack (MET) :             0.253ns  (arrival time - required time)
  Source:                 design_1_i/c_counter_binary_0/U0/i_synth/i_baseblox.i_baseblox_counter/the_addsub/no_pipelining.the_addsub/i_lut6.i_lut6_addsub/i_q.i_simple.qreg/i_no_async_controls.output_reg[9]/C
                            (rising edge-triggered cell FDRE clocked by clk_fpga_0  {rise@0.000ns fall@500.000ns period=1000.000ns})
  Destination:            design_1_i/c_counter_binary_0/U0/i_synth/i_baseblox.i_baseblox_counter/the_addsub/no_pipelining.the_addsub/i_lut6.i_lut6_addsub/i_q.i_simple.qreg/i_no_async_controls.output_reg[9]/D
                            (rising edge-triggered cell FDRE clocked by clk_fpga_0  {rise@0.000ns fall@500.000ns period=1000.000ns})
  Path Group:             clk_fpga_0
  Path Type:              Hold (Min at Fast Process Corner)
  Requirement:            0.000ns  (clk_fpga_0 rise@0.000ns - clk_fpga_0 rise@0.000ns)
  Data Path Delay:        0.358ns  (logic 0.256ns (71.417%)  route 0.102ns (28.583%))
  Logic Levels:           1  (CARRY4=1)
  Clock Path Skew:        0.000ns (DCD - SCD - CPR)
    Destination Clock Delay (DCD):    1.226ns
    Source Clock Delay      (SCD):    0.929ns
    Clock Pessimism Removal (CPR):    0.297ns

    Location             Delay type                Incr(ns)  Path(ns)    Netlist Resource(s)
  -------------------------------------------------------------------    -------------------
                         (clock clk_fpga_0 rise edge)
                                                      0.000     0.000 r  
    PS7_X0Y0             PS7                          0.000     0.000 r  design_1_i/processing_system7_0/inst/PS7_i/FCLKCLK[0]
                         net (fo=1, routed)           0.315     0.315    design_1_i/processing_system7_0/inst/FCLK_CLK_unbuffered[0]
    BUFGCTRL_X0Y1        BUFG (Prop_bufg_I_O)         0.026     0.341 r  design_1_i/processing_system7_0/inst/buffer_fclk_clk_0.FCLK_CLK_0_BUFG/O
                         net (fo=20, routed)          0.588     0.929    design_1_i/c_counter_binary_0/U0/i_synth/i_baseblox.i_baseblox_counter/the_addsub/no_pipelining.the_addsub/i_lut6.i_lut6_addsub/i_q.i_simple.qreg/CLK
    SLICE_X43Y35         FDRE                                         r  design_1_i/c_counter_binary_0/U0/i_synth/i_baseblox.i_baseblox_counter/the_addsub/no_pipelining.the_addsub/i_lut6.i_lut6_addsub/i_q.i_simple.qreg/i_no_async_controls.output_reg[9]/C
  -------------------------------------------------------------------    -------------------
    SLICE_X43Y35         FDRE (Prop_fdre_C_Q)         0.141     1.070 r  design_1_i/c_counter_binary_0/U0/i_synth/i_baseblox.i_baseblox_counter/the_addsub/no_pipelining.the_addsub/i_lut6.i_lut6_addsub/i_q.i_simple.qreg/i_no_async_controls.output_reg[9]/Q
                         net (fo=1, routed)           0.102     1.172    design_1_i/c_counter_binary_0/U0/i_synth/i_baseblox.i_baseblox_counter/the_addsub/no_pipelining.the_addsub/i_lut6.i_lut6_addsub/Q[8]
    SLICE_X43Y35         CARRY4 (Prop_carry4_S[0]_O[0])
                                                      0.115     1.287 r  design_1_i/c_counter_binary_0/U0/i_synth/i_baseblox.i_baseblox_counter/the_addsub/no_pipelining.the_addsub/i_lut6.i_lut6_addsub/i_simple_model.i_gt_1.carrychaingen[8].carrymux_CARRY4/O[0]
                         net (fo=1, routed)           0.000     1.287    design_1_i/c_counter_binary_0/U0/i_synth/i_baseblox.i_baseblox_counter/the_addsub/no_pipelining.the_addsub/i_lut6.i_lut6_addsub/i_q.i_simple.qreg/s[8]
    SLICE_X43Y35         FDRE                                         r  design_1_i/c_counter_binary_0/U0/i_synth/i_baseblox.i_baseblox_counter/the_addsub/no_pipelining.the_addsub/i_lut6.i_lut6_addsub/i_q.i_simple.qreg/i_no_async_controls.output_reg[9]/D
  -------------------------------------------------------------------    -------------------

                         (clock clk_fpga_0 rise edge)
                                                      0.000     0.000 r  
    PS7_X0Y0             PS7                          0.000     0.000 r  design_1_i/processing_system7_0/inst/PS7_i/FCLKCLK[0]
                         net (fo=1, routed)           0.341     0.341    design_1_i/processing_system7_0/inst/FCLK_CLK_unbuffered[0]
    BUFGCTRL_X0Y1        BUFG (Prop_bufg_I_O)         0.029     0.370 r  design_1_i/processing_system7_0/inst/buffer_fclk_clk_0.FCLK_CLK_0_BUFG/O
                         net (fo=20, routed)          0.856     1.226    design_1_i/c_counter_binary_0/U0/i_synth/i_baseblox.i_baseblox_counter/the_addsub/no_pipelining.the_addsub/i_lut6.i_lut6_addsub/i_q.i_simple.qreg/CLK
    SLICE_X43Y35         FDRE                                         r  design_1_i/c_counter_binary_0/U0/i_synth/i_baseblox.i_baseblox_counter/the_addsub/no_pipelining.the_addsub/i_lut6.i_lut6_addsub/i_q.i_simple.qreg/i_no_async_controls.output_reg[9]/C
                         clock pessimism             -0.297     0.929    
    SLICE_X43Y35         FDRE (Hold_fdre_C_D)         0.105     1.034    design_1_i/c_counter_binary_0/U0/i_synth/i_baseblox.i_baseblox_counter/the_addsub/no_pipelining.the_addsub/i_lut6.i_lut6_addsub/i_q.i_simple.qreg/i_no_async_controls.output_reg[9]
  -------------------------------------------------------------------
                         required time                         -1.034    
                         arrival time                           1.287    
  -------------------------------------------------------------------
                         slack                                  0.253    





Pulse Width Checks
--------------------------------------------------------------------------------------
Clock Name:         clk_fpga_0
Waveform(ns):       { 0.000 500.000 }
Period(ns):         1000.000
Sources:            { design_1_i/processing_system7_0/inst/PS7_i/FCLKCLK[0] }

Check Type        Corner  Lib Pin  Reference Pin  Required(ns)  Actual(ns)  Slack(ns)  Location       Pin
Min Period        n/a     BUFG/I   n/a            1.592         1000.000    998.408    BUFGCTRL_X0Y1  design_1_i/processing_system7_0/inst/buffer_fclk_clk_0.FCLK_CLK_0_BUFG/I
Min Period        n/a     FDRE/C   n/a            1.000         1000.000    999.000    SLICE_X43Y35   design_1_i/c_counter_binary_0/U0/i_synth/i_baseblox.i_baseblox_counter/the_addsub/no_pipelining.the_addsub/i_lut6.i_lut6_addsub/i_q.i_simple.qreg/i_no_async_controls.output_reg[10]/C
Min Period        n/a     FDRE/C   n/a            1.000         1000.000    999.000    SLICE_X43Y35   design_1_i/c_counter_binary_0/U0/i_synth/i_baseblox.i_baseblox_counter/the_addsub/no_pipelining.the_addsub/i_lut6.i_lut6_addsub/i_q.i_simple.qreg/i_no_async_controls.output_reg[11]/C
Min Period        n/a     FDRE/C   n/a            1.000         1000.000    999.000    SLICE_X43Y35   design_1_i/c_counter_binary_0/U0/i_synth/i_baseblox.i_baseblox_counter/the_addsub/no_pipelining.the_addsub/i_lut6.i_lut6_addsub/i_q.i_simple.qreg/i_no_async_controls.output_reg[12]/C
Min Period        n/a     FDRE/C   n/a            1.000         1000.000    999.000    SLICE_X43Y36   design_1_i/c_counter_binary_0/U0/i_synth/i_baseblox.i_baseblox_counter/the_addsub/no_pipelining.the_addsub/i_lut6.i_lut6_addsub/i_q.i_simple.qreg/i_no_async_controls.output_reg[13]/C
Min Period        n/a     FDRE/C   n/a            1.000         1000.000    999.000    SLICE_X43Y36   design_1_i/c_counter_binary_0/U0/i_synth/i_baseblox.i_baseblox_counter/the_addsub/no_pipelining.the_addsub/i_lut6.i_lut6_addsub/i_q.i_simple.qreg/i_no_async_controls.output_reg[14]/C
Min Period        n/a     FDRE/C   n/a            1.000         1000.000    999.000    SLICE_X43Y36   design_1_i/c_counter_binary_0/U0/i_synth/i_baseblox.i_baseblox_counter/the_addsub/no_pipelining.the_addsub/i_lut6.i_lut6_addsub/i_q.i_simple.qreg/i_no_async_controls.output_reg[15]/C
Min Period        n/a     FDRE/C   n/a            1.000         1000.000    999.000    SLICE_X43Y36   design_1_i/c_counter_binary_0/U0/i_synth/i_baseblox.i_baseblox_counter/the_addsub/no_pipelining.the_addsub/i_lut6.i_lut6_addsub/i_q.i_simple.qreg/i_no_async_controls.output_reg[16]/C
Min Period        n/a     FDRE/C   n/a            1.000         1000.000    999.000    SLICE_X43Y37   design_1_i/c_counter_binary_0/U0/i_synth/i_baseblox.i_baseblox_counter/the_addsub/no_pipelining.the_addsub/i_lut6.i_lut6_addsub/i_q.i_simple.qreg/i_no_async_controls.output_reg[17]/C
Min Period        n/a     FDRE/C   n/a            1.000         1000.000    999.000    SLICE_X43Y37   design_1_i/c_counter_binary_0/U0/i_synth/i_baseblox.i_baseblox_counter/the_addsub/no_pipelining.the_addsub/i_lut6.i_lut6_addsub/i_q.i_simple.qreg/i_no_async_controls.output_reg[18]/C
Low Pulse Width   Slow    FDRE/C   n/a            0.500         500.000     499.500    SLICE_X43Y35   design_1_i/c_counter_binary_0/U0/i_synth/i_baseblox.i_baseblox_counter/the_addsub/no_pipelining.the_addsub/i_lut6.i_lut6_addsub/i_q.i_simple.qreg/i_no_async_controls.output_reg[10]/C
Low Pulse Width   Fast    FDRE/C   n/a            0.500         500.000     499.500    SLICE_X43Y35   design_1_i/c_counter_binary_0/U0/i_synth/i_baseblox.i_baseblox_counter/the_addsub/no_pipelining.the_addsub/i_lut6.i_lut6_addsub/i_q.i_simple.qreg/i_no_async_controls.output_reg[10]/C
Low Pulse Width   Slow    FDRE/C   n/a            0.500         500.000     499.500    SLICE_X43Y35   design_1_i/c_counter_binary_0/U0/i_synth/i_baseblox.i_baseblox_counter/the_addsub/no_pipelining.the_addsub/i_lut6.i_lut6_addsub/i_q.i_simple.qreg/i_no_async_controls.output_reg[11]/C
Low Pulse Width   Fast    FDRE/C   n/a            0.500         500.000     499.500    SLICE_X43Y35   design_1_i/c_counter_binary_0/U0/i_synth/i_baseblox.i_baseblox_counter/the_addsub/no_pipelining.the_addsub/i_lut6.i_lut6_addsub/i_q.i_simple.qreg/i_no_async_controls.output_reg[11]/C
Low Pulse Width   Slow    FDRE/C   n/a            0.500         500.000     499.500    SLICE_X43Y35   design_1_i/c_counter_binary_0/U0/i_synth/i_baseblox.i_baseblox_counter/the_addsub/no_pipelining.the_addsub/i_lut6.i_lut6_addsub/i_q.i_simple.qreg/i_no_async_controls.output_reg[12]/C
Low Pulse Width   Fast    FDRE/C   n/a            0.500         500.000     499.500    SLICE_X43Y35   design_1_i/c_counter_binary_0/U0/i_synth/i_baseblox.i_baseblox_counter/the_addsub/no_pipelining.the_addsub/i_lut6.i_lut6_addsub/i_q.i_simple.qreg/i_no_async_controls.output_reg[12]/C
Low Pulse Width   Slow    FDRE/C   n/a            0.500         500.000     499.500    SLICE_X43Y36   design_1_i/c_counter_binary_0/U0/i_synth/i_baseblox.i_baseblox_counter/the_addsub/no_pipelining.the_addsub/i_lut6.i_lut6_addsub/i_q.i_simple.qreg/i_no_async_controls.output_reg[13]/C
Low Pulse Width   Fast    FDRE/C   n/a            0.500         500.000     499.500    SLICE_X43Y36   design_1_i/c_counter_binary_0/U0/i_synth/i_baseblox.i_baseblox_counter/the_addsub/no_pipelining.the_addsub/i_lut6.i_lut6_addsub/i_q.i_simple.qreg/i_no_async_controls.output_reg[13]/C
Low Pulse Width   Slow    FDRE/C   n/a            0.500         500.000     499.500    SLICE_X43Y36   design_1_i/c_counter_binary_0/U0/i_synth/i_baseblox.i_baseblox_counter/the_addsub/no_pipelining.the_addsub/i_lut6.i_lut6_addsub/i_q.i_simple.qreg/i_no_async_controls.output_reg[14]/C
Low Pulse Width   Fast    FDRE/C   n/a            0.500         500.000     499.500    SLICE_X43Y36   design_1_i/c_counter_binary_0/U0/i_synth/i_baseblox.i_baseblox_counter/the_addsub/no_pipelining.the_addsub/i_lut6.i_lut6_addsub/i_q.i_simple.qreg/i_no_async_controls.output_reg[14]/C
High Pulse Width  Slow    FDRE/C   n/a            0.500         500.000     499.500    SLICE_X43Y35   design_1_i/c_counter_binary_0/U0/i_synth/i_baseblox.i_baseblox_counter/the_addsub/no_pipelining.the_addsub/i_lut6.i_lut6_addsub/i_q.i_simple.qreg/i_no_async_controls.output_reg[10]/C
High Pulse Width  Fast    FDRE/C   n/a            0.500         500.000     499.500    SLICE_X43Y35   design_1_i/c_counter_binary_0/U0/i_synth/i_baseblox.i_baseblox_counter/the_addsub/no_pipelining.the_addsub/i_lut6.i_lut6_addsub/i_q.i_simple.qreg/i_no_async_controls.output_reg[10]/C
High Pulse Width  Slow    FDRE/C   n/a            0.500         500.000     499.500    SLICE_X43Y35   design_1_i/c_counter_binary_0/U0/i_synth/i_baseblox.i_baseblox_counter/the_addsub/no_pipelining.the_addsub/i_lut6.i_lut6_addsub/i_q.i_simple.qreg/i_no_async_controls.output_reg[11]/C
High Pulse Width  Fast    FDRE/C   n/a            0.500         500.000     499.500    SLICE_X43Y35   design_1_i/c_counter_binary_0/U0/i_synth/i_baseblox.i_baseblox_counter/the_addsub/no_pipelining.the_addsub/i_lut6.i_lut6_addsub/i_q.i_simple.qreg/i_no_async_controls.output_reg[11]/C
High Pulse Width  Slow    FDRE/C   n/a            0.500         500.000     499.500    SLICE_X43Y35   design_1_i/c_counter_binary_0/U0/i_synth/i_baseblox.i_baseblox_counter/the_addsub/no_pipelining.the_addsub/i_lut6.i_lut6_addsub/i_q.i_simple.qreg/i_no_async_controls.output_reg[12]/C
High Pulse Width  Fast    FDRE/C   n/a            0.500         500.000     499.500    SLICE_X43Y35   design_1_i/c_counter_binary_0/U0/i_synth/i_baseblox.i_baseblox_counter/the_addsub/no_pipelining.the_addsub/i_lut6.i_lut6_addsub/i_q.i_simple.qreg/i_no_async_controls.output_reg[12]/C
High Pulse Width  Slow    FDRE/C   n/a            0.500         500.000     499.500    SLICE_X43Y36   design_1_i/c_counter_binary_0/U0/i_synth/i_baseblox.i_baseblox_counter/the_addsub/no_pipelining.the_addsub/i_lut6.i_lut6_addsub/i_q.i_simple.qreg/i_no_async_controls.output_reg[13]/C
High Pulse Width  Fast    FDRE/C   n/a            0.500         500.000     499.500    SLICE_X43Y36   design_1_i/c_counter_binary_0/U0/i_synth/i_baseblox.i_baseblox_counter/the_addsub/no_pipelining.the_addsub/i_lut6.i_lut6_addsub/i_q.i_simple.qreg/i_no_async_controls.output_reg[13]/C
High Pulse Width  Slow    FDRE/C   n/a            0.500         500.000     499.500    SLICE_X43Y36   design_1_i/c_counter_binary_0/U0/i_synth/i_baseblox.i_baseblox_counter/the_addsub/no_pipelining.the_addsub/i_lut6.i_lut6_addsub/i_q.i_simple.qreg/i_no_async_controls.output_reg[14]/C
High Pulse Width  Fast    FDRE/C   n/a            0.500         500.000     499.500    SLICE_X43Y36   design_1_i/c_counter_binary_0/U0/i_synth/i_baseblox.i_baseblox_counter/the_addsub/no_pipelining.the_addsub/i_lut6.i_lut6_addsub/i_q.i_simple.qreg/i_no_async_controls.output_reg[14]/C



---------------------------------------------------------------------------------------------------
From Clock:  clk_fpga_3
  To Clock:  clk_fpga_3

Setup :            0  Failing Endpoints,  Worst Slack        1.140ns,  Total Violation        0.000ns
Hold  :            0  Failing Endpoints,  Worst Slack        0.059ns,  Total Violation        0.000ns
PW    :            0  Failing Endpoints,  Worst Slack        0.750ns,  Total Violation        0.000ns
---------------------------------------------------------------------------------------------------


Max Delay Paths
--------------------------------------------------------------------------------------
Slack (MET) :             1.140ns  (required time - arrival time)
  Source:                 design_1_i/processing_system7_0/inst/PS7_i/MAXIGP0ACLK
                            (rising edge-triggered cell PS7 clocked by clk_fpga_3  {rise@0.000ns fall@3.250ns period=6.499ns})
  Destination:            design_1_i/smartconnect_1/inst/s00_entry_pipeline/s00_si_converter/inst/gen_axilite_conv.axilite_conv_inst/aw_addr_reg[0]/CE
                            (rising edge-triggered cell FDRE clocked by clk_fpga_3  {rise@0.000ns fall@3.250ns period=6.499ns})
  Path Group:             clk_fpga_3
  Path Type:              Setup (Max at Slow Process Corner)
  Requirement:            6.499ns  (clk_fpga_3 rise@6.499ns - clk_fpga_3 rise@0.000ns)
  Data Path Delay:        5.051ns  (logic 1.700ns (33.657%)  route 3.351ns (66.343%))
  Logic Levels:           7  (LUT2=1 LUT4=2 LUT6=4)
  Clock Path Skew:        -0.085ns (DCD - SCD + CPR)
    Destination Clock Delay (DCD):    2.046ns = ( 8.545 - 6.499 ) 
    Source Clock Delay      (SCD):    2.303ns
    Clock Pessimism Removal (CPR):    0.172ns
  Clock Uncertainty:      0.104ns  ((TSJ^2 + TIJ^2)^1/2 + DJ) / 2 + PE
    Total System Jitter     (TSJ):    0.071ns
    Total Input Jitter      (TIJ):    0.195ns
    Discrete Jitter          (DJ):    0.000ns
    Phase Error              (PE):    0.000ns

    Location             Delay type                Incr(ns)  Path(ns)    Netlist Resource(s)
  -------------------------------------------------------------------    -------------------
                         (clock clk_fpga_3 rise edge)
                                                      0.000     0.000 r  
    PS7_X0Y0             PS7                          0.000     0.000 r  design_1_i/processing_system7_0/inst/PS7_i/FCLKCLK[3]
                         net (fo=1, routed)           0.874     0.874    design_1_i/processing_system7_0/inst/FCLK_CLK_unbuffered[3]
    BUFGCTRL_X0Y0        BUFG (Prop_bufg_I_O)         0.079     0.953 r  design_1_i/processing_system7_0/inst/buffer_fclk_clk_3.FCLK_CLK_3_BUFG/O
                         net (fo=3540, routed)        1.350     2.303    design_1_i/processing_system7_0/inst/M_AXI_GP0_ACLK
    PS7_X0Y0             PS7                                          r  design_1_i/processing_system7_0/inst/PS7_i/MAXIGP0ACLK
  -------------------------------------------------------------------    -------------------
    PS7_X0Y0             PS7 (Prop_ps7_MAXIGP0ACLK_MAXIGP0AWLEN[2])
                                                      0.863     3.166 f  design_1_i/processing_system7_0/inst/PS7_i/MAXIGP0AWLEN[2]
                         net (fo=1, routed)           0.570     3.737    design_1_i/smartconnect_1/inst/s00_entry_pipeline/s00_mmu/inst/aw_reg_stall/s_axi_awlen[2]
    SLICE_X1Y43          LUT4 (Prop_lut4_I2_O)        0.097     3.834 f  design_1_i/smartconnect_1/inst/s00_entry_pipeline/s00_mmu/inst/aw_reg_stall/m_axi_awvalid_INST_0_i_5/O
                         net (fo=1, routed)           0.552     4.386    design_1_i/smartconnect_1/inst/s00_entry_pipeline/s00_mmu/inst/aw_reg_stall/m_axi_awvalid_INST_0_i_5_n_0
    SLICE_X1Y49          LUT4 (Prop_lut4_I1_O)        0.097     4.483 f  design_1_i/smartconnect_1/inst/s00_entry_pipeline/s00_mmu/inst/aw_reg_stall/m_axi_awvalid_INST_0_i_4/O
                         net (fo=6, routed)           0.434     4.917    design_1_i/smartconnect_1/inst/s00_entry_pipeline/s00_mmu/inst/aw_reg_stall_n_1
    SLICE_X2Y47          LUT6 (Prop_lut6_I5_O)        0.097     5.014 f  design_1_i/smartconnect_1/inst/s00_entry_pipeline/s00_mmu/inst/m_axi_awvalid_INST_0_i_1/O
                         net (fo=1, routed)           0.204     5.219    design_1_i/smartconnect_1/inst/s00_entry_pipeline/s00_mmu/inst/aw_reg_stall/gen_endpoint.w_trigger_decerr
    SLICE_X3Y49          LUT6 (Prop_lut6_I3_O)        0.097     5.316 r  design_1_i/smartconnect_1/inst/s00_entry_pipeline/s00_mmu/inst/aw_reg_stall/m_axi_awvalid_INST_0/O
                         net (fo=3, routed)           0.376     5.692    design_1_i/smartconnect_1/inst/s00_entry_pipeline/s00_transaction_regulator/inst/gen_endpoint.gen_w_singleorder.w_singleorder/s_axi_awvalid
    SLICE_X5Y49          LUT2 (Prop_lut2_I0_O)        0.105     5.797 r  design_1_i/smartconnect_1/inst/s00_entry_pipeline/s00_transaction_regulator/inst/gen_endpoint.gen_w_singleorder.w_singleorder/m_axi_awvalid_INST_0/O
                         net (fo=9, routed)           0.408     6.204    design_1_i/smartconnect_1/inst/s00_entry_pipeline/s00_si_converter/inst/gen_axilite_conv.axilite_conv_inst/s_axi_awvalid
    SLICE_X6Y49          LUT6 (Prop_lut6_I3_O)        0.247     6.451 r  design_1_i/smartconnect_1/inst/s00_entry_pipeline/s00_si_converter/inst/gen_axilite_conv.axilite_conv_inst/aw_addr[8]_i_5/O
                         net (fo=1, routed)           0.291     6.742    design_1_i/smartconnect_1/inst/s00_entry_pipeline/s00_si_converter/inst/gen_axilite_conv.axilite_conv_inst/aw_addr[8]_i_5_n_0
    SLICE_X6Y48          LUT6 (Prop_lut6_I4_O)        0.097     6.839 r  design_1_i/smartconnect_1/inst/s00_entry_pipeline/s00_si_converter/inst/gen_axilite_conv.axilite_conv_inst/aw_addr[8]_i_1/O
                         net (fo=9, routed)           0.515     7.354    design_1_i/smartconnect_1/inst/s00_entry_pipeline/s00_si_converter/inst/gen_axilite_conv.axilite_conv_inst/aw_addr[8]_i_1_n_0
    SLICE_X4Y46          FDRE                                         r  design_1_i/smartconnect_1/inst/s00_entry_pipeline/s00_si_converter/inst/gen_axilite_conv.axilite_conv_inst/aw_addr_reg[0]/CE
  -------------------------------------------------------------------    -------------------

                         (clock clk_fpga_3 rise edge)
                                                      6.499     6.499 r  
    PS7_X0Y0             PS7                          0.000     6.499 r  design_1_i/processing_system7_0/inst/PS7_i/FCLKCLK[3]
                         net (fo=1, routed)           0.795     7.294    design_1_i/processing_system7_0/inst/FCLK_CLK_unbuffered[3]
    BUFGCTRL_X0Y0        BUFG (Prop_bufg_I_O)         0.072     7.366 r  design_1_i/processing_system7_0/inst/buffer_fclk_clk_3.FCLK_CLK_3_BUFG/O
                         net (fo=3540, routed)        1.179     8.545    design_1_i/smartconnect_1/inst/s00_entry_pipeline/s00_si_converter/inst/gen_axilite_conv.axilite_conv_inst/aclk
    SLICE_X4Y46          FDRE                                         r  design_1_i/smartconnect_1/inst/s00_entry_pipeline/s00_si_converter/inst/gen_axilite_conv.axilite_conv_inst/aw_addr_reg[0]/C
                         clock pessimism              0.172     8.717    
                         clock uncertainty           -0.104     8.613    
    SLICE_X4Y46          FDRE (Setup_fdre_C_CE)      -0.119     8.494    design_1_i/smartconnect_1/inst/s00_entry_pipeline/s00_si_converter/inst/gen_axilite_conv.axilite_conv_inst/aw_addr_reg[0]
  -------------------------------------------------------------------
                         required time                          8.494    
                         arrival time                          -7.354    
  -------------------------------------------------------------------
                         slack                                  1.140    

Slack (MET) :             1.140ns  (required time - arrival time)
  Source:                 design_1_i/processing_system7_0/inst/PS7_i/MAXIGP0ACLK
                            (rising edge-triggered cell PS7 clocked by clk_fpga_3  {rise@0.000ns fall@3.250ns period=6.499ns})
  Destination:            design_1_i/smartconnect_1/inst/s00_entry_pipeline/s00_si_converter/inst/gen_axilite_conv.axilite_conv_inst/aw_addr_reg[4]/CE
                            (rising edge-triggered cell FDRE clocked by clk_fpga_3  {rise@0.000ns fall@3.250ns period=6.499ns})
  Path Group:             clk_fpga_3
  Path Type:              Setup (Max at Slow Process Corner)
  Requirement:            6.499ns  (clk_fpga_3 rise@6.499ns - clk_fpga_3 rise@0.000ns)
  Data Path Delay:        5.051ns  (logic 1.700ns (33.657%)  route 3.351ns (66.343%))
  Logic Levels:           7  (LUT2=1 LUT4=2 LUT6=4)
  Clock Path Skew:        -0.085ns (DCD - SCD + CPR)
    Destination Clock Delay (DCD):    2.046ns = ( 8.545 - 6.499 ) 
    Source Clock Delay      (SCD):    2.303ns
    Clock Pessimism Removal (CPR):    0.172ns
  Clock Uncertainty:      0.104ns  ((TSJ^2 + TIJ^2)^1/2 + DJ) / 2 + PE
    Total System Jitter     (TSJ):    0.071ns
    Total Input Jitter      (TIJ):    0.195ns
    Discrete Jitter          (DJ):    0.000ns
    Phase Error              (PE):    0.000ns

    Location             Delay type                Incr(ns)  Path(ns)    Netlist Resource(s)
  -------------------------------------------------------------------    -------------------
                         (clock clk_fpga_3 rise edge)
                                                      0.000     0.000 r  
    PS7_X0Y0             PS7                          0.000     0.000 r  design_1_i/processing_system7_0/inst/PS7_i/FCLKCLK[3]
                         net (fo=1, routed)           0.874     0.874    design_1_i/processing_system7_0/inst/FCLK_CLK_unbuffered[3]
    BUFGCTRL_X0Y0        BUFG (Prop_bufg_I_O)         0.079     0.953 r  design_1_i/processing_system7_0/inst/buffer_fclk_clk_3.FCLK_CLK_3_BUFG/O
                         net (fo=3540, routed)        1.350     2.303    design_1_i/processing_system7_0/inst/M_AXI_GP0_ACLK
    PS7_X0Y0             PS7                                          r  design_1_i/processing_system7_0/inst/PS7_i/MAXIGP0ACLK
  -------------------------------------------------------------------    -------------------
    PS7_X0Y0             PS7 (Prop_ps7_MAXIGP0ACLK_MAXIGP0AWLEN[2])
                                                      0.863     3.166 f  design_1_i/processing_system7_0/inst/PS7_i/MAXIGP0AWLEN[2]
                         net (fo=1, routed)           0.570     3.737    design_1_i/smartconnect_1/inst/s00_entry_pipeline/s00_mmu/inst/aw_reg_stall/s_axi_awlen[2]
    SLICE_X1Y43          LUT4 (Prop_lut4_I2_O)        0.097     3.834 f  design_1_i/smartconnect_1/inst/s00_entry_pipeline/s00_mmu/inst/aw_reg_stall/m_axi_awvalid_INST_0_i_5/O
                         net (fo=1, routed)           0.552     4.386    design_1_i/smartconnect_1/inst/s00_entry_pipeline/s00_mmu/inst/aw_reg_stall/m_axi_awvalid_INST_0_i_5_n_0
    SLICE_X1Y49          LUT4 (Prop_lut4_I1_O)        0.097     4.483 f  design_1_i/smartconnect_1/inst/s00_entry_pipeline/s00_mmu/inst/aw_reg_stall/m_axi_awvalid_INST_0_i_4/O
                         net (fo=6, routed)           0.434     4.917    design_1_i/smartconnect_1/inst/s00_entry_pipeline/s00_mmu/inst/aw_reg_stall_n_1
    SLICE_X2Y47          LUT6 (Prop_lut6_I5_O)        0.097     5.014 f  design_1_i/smartconnect_1/inst/s00_entry_pipeline/s00_mmu/inst/m_axi_awvalid_INST_0_i_1/O
                         net (fo=1, routed)           0.204     5.219    design_1_i/smartconnect_1/inst/s00_entry_pipeline/s00_mmu/inst/aw_reg_stall/gen_endpoint.w_trigger_decerr
    SLICE_X3Y49          LUT6 (Prop_lut6_I3_O)        0.097     5.316 r  design_1_i/smartconnect_1/inst/s00_entry_pipeline/s00_mmu/inst/aw_reg_stall/m_axi_awvalid_INST_0/O
                         net (fo=3, routed)           0.376     5.692    design_1_i/smartconnect_1/inst/s00_entry_pipeline/s00_transaction_regulator/inst/gen_endpoint.gen_w_singleorder.w_singleorder/s_axi_awvalid
    SLICE_X5Y49          LUT2 (Prop_lut2_I0_O)        0.105     5.797 r  design_1_i/smartconnect_1/inst/s00_entry_pipeline/s00_transaction_regulator/inst/gen_endpoint.gen_w_singleorder.w_singleorder/m_axi_awvalid_INST_0/O
                         net (fo=9, routed)           0.408     6.204    design_1_i/smartconnect_1/inst/s00_entry_pipeline/s00_si_converter/inst/gen_axilite_conv.axilite_conv_inst/s_axi_awvalid
    SLICE_X6Y49          LUT6 (Prop_lut6_I3_O)        0.247     6.451 r  design_1_i/smartconnect_1/inst/s00_entry_pipeline/s00_si_converter/inst/gen_axilite_conv.axilite_conv_inst/aw_addr[8]_i_5/O
                         net (fo=1, routed)           0.291     6.742    design_1_i/smartconnect_1/inst/s00_entry_pipeline/s00_si_converter/inst/gen_axilite_conv.axilite_conv_inst/aw_addr[8]_i_5_n_0
    SLICE_X6Y48          LUT6 (Prop_lut6_I4_O)        0.097     6.839 r  design_1_i/smartconnect_1/inst/s00_entry_pipeline/s00_si_converter/inst/gen_axilite_conv.axilite_conv_inst/aw_addr[8]_i_1/O
                         net (fo=9, routed)           0.515     7.354    design_1_i/smartconnect_1/inst/s00_entry_pipeline/s00_si_converter/inst/gen_axilite_conv.axilite_conv_inst/aw_addr[8]_i_1_n_0
    SLICE_X4Y46          FDRE                                         r  design_1_i/smartconnect_1/inst/s00_entry_pipeline/s00_si_converter/inst/gen_axilite_conv.axilite_conv_inst/aw_addr_reg[4]/CE
  -------------------------------------------------------------------    -------------------

                         (clock clk_fpga_3 rise edge)
                                                      6.499     6.499 r  
    PS7_X0Y0             PS7                          0.000     6.499 r  design_1_i/processing_system7_0/inst/PS7_i/FCLKCLK[3]
                         net (fo=1, routed)           0.795     7.294    design_1_i/processing_system7_0/inst/FCLK_CLK_unbuffered[3]
    BUFGCTRL_X0Y0        BUFG (Prop_bufg_I_O)         0.072     7.366 r  design_1_i/processing_system7_0/inst/buffer_fclk_clk_3.FCLK_CLK_3_BUFG/O
                         net (fo=3540, routed)        1.179     8.545    design_1_i/smartconnect_1/inst/s00_entry_pipeline/s00_si_converter/inst/gen_axilite_conv.axilite_conv_inst/aclk
    SLICE_X4Y46          FDRE                                         r  design_1_i/smartconnect_1/inst/s00_entry_pipeline/s00_si_converter/inst/gen_axilite_conv.axilite_conv_inst/aw_addr_reg[4]/C
                         clock pessimism              0.172     8.717    
                         clock uncertainty           -0.104     8.613    
    SLICE_X4Y46          FDRE (Setup_fdre_C_CE)      -0.119     8.494    design_1_i/smartconnect_1/inst/s00_entry_pipeline/s00_si_converter/inst/gen_axilite_conv.axilite_conv_inst/aw_addr_reg[4]
  -------------------------------------------------------------------
                         required time                          8.494    
                         arrival time                          -7.354    
  -------------------------------------------------------------------
                         slack                                  1.140    

Slack (MET) :             1.140ns  (required time - arrival time)
  Source:                 design_1_i/processing_system7_0/inst/PS7_i/MAXIGP0ACLK
                            (rising edge-triggered cell PS7 clocked by clk_fpga_3  {rise@0.000ns fall@3.250ns period=6.499ns})
  Destination:            design_1_i/smartconnect_1/inst/s00_entry_pipeline/s00_si_converter/inst/gen_axilite_conv.axilite_conv_inst/aw_addr_reg[7]/CE
                            (rising edge-triggered cell FDRE clocked by clk_fpga_3  {rise@0.000ns fall@3.250ns period=6.499ns})
  Path Group:             clk_fpga_3
  Path Type:              Setup (Max at Slow Process Corner)
  Requirement:            6.499ns  (clk_fpga_3 rise@6.499ns - clk_fpga_3 rise@0.000ns)
  Data Path Delay:        5.051ns  (logic 1.700ns (33.657%)  route 3.351ns (66.343%))
  Logic Levels:           7  (LUT2=1 LUT4=2 LUT6=4)
  Clock Path Skew:        -0.085ns (DCD - SCD + CPR)
    Destination Clock Delay (DCD):    2.046ns = ( 8.545 - 6.499 ) 
    Source Clock Delay      (SCD):    2.303ns
    Clock Pessimism Removal (CPR):    0.172ns
  Clock Uncertainty:      0.104ns  ((TSJ^2 + TIJ^2)^1/2 + DJ) / 2 + PE
    Total System Jitter     (TSJ):    0.071ns
    Total Input Jitter      (TIJ):    0.195ns
    Discrete Jitter          (DJ):    0.000ns
    Phase Error              (PE):    0.000ns

    Location             Delay type                Incr(ns)  Path(ns)    Netlist Resource(s)
  -------------------------------------------------------------------    -------------------
                         (clock clk_fpga_3 rise edge)
                                                      0.000     0.000 r  
    PS7_X0Y0             PS7                          0.000     0.000 r  design_1_i/processing_system7_0/inst/PS7_i/FCLKCLK[3]
                         net (fo=1, routed)           0.874     0.874    design_1_i/processing_system7_0/inst/FCLK_CLK_unbuffered[3]
    BUFGCTRL_X0Y0        BUFG (Prop_bufg_I_O)         0.079     0.953 r  design_1_i/processing_system7_0/inst/buffer_fclk_clk_3.FCLK_CLK_3_BUFG/O
                         net (fo=3540, routed)        1.350     2.303    design_1_i/processing_system7_0/inst/M_AXI_GP0_ACLK
    PS7_X0Y0             PS7                                          r  design_1_i/processing_system7_0/inst/PS7_i/MAXIGP0ACLK
  -------------------------------------------------------------------    -------------------
    PS7_X0Y0             PS7 (Prop_ps7_MAXIGP0ACLK_MAXIGP0AWLEN[2])
                                                      0.863     3.166 f  design_1_i/processing_system7_0/inst/PS7_i/MAXIGP0AWLEN[2]
                         net (fo=1, routed)           0.570     3.737    design_1_i/smartconnect_1/inst/s00_entry_pipeline/s00_mmu/inst/aw_reg_stall/s_axi_awlen[2]
    SLICE_X1Y43          LUT4 (Prop_lut4_I2_O)        0.097     3.834 f  design_1_i/smartconnect_1/inst/s00_entry_pipeline/s00_mmu/inst/aw_reg_stall/m_axi_awvalid_INST_0_i_5/O
                         net (fo=1, routed)           0.552     4.386    design_1_i/smartconnect_1/inst/s00_entry_pipeline/s00_mmu/inst/aw_reg_stall/m_axi_awvalid_INST_0_i_5_n_0
    SLICE_X1Y49          LUT4 (Prop_lut4_I1_O)        0.097     4.483 f  design_1_i/smartconnect_1/inst/s00_entry_pipeline/s00_mmu/inst/aw_reg_stall/m_axi_awvalid_INST_0_i_4/O
                         net (fo=6, routed)           0.434     4.917    design_1_i/smartconnect_1/inst/s00_entry_pipeline/s00_mmu/inst/aw_reg_stall_n_1
    SLICE_X2Y47          LUT6 (Prop_lut6_I5_O)        0.097     5.014 f  design_1_i/smartconnect_1/inst/s00_entry_pipeline/s00_mmu/inst/m_axi_awvalid_INST_0_i_1/O
                         net (fo=1, routed)           0.204     5.219    design_1_i/smartconnect_1/inst/s00_entry_pipeline/s00_mmu/inst/aw_reg_stall/gen_endpoint.w_trigger_decerr
    SLICE_X3Y49          LUT6 (Prop_lut6_I3_O)        0.097     5.316 r  design_1_i/smartconnect_1/inst/s00_entry_pipeline/s00_mmu/inst/aw_reg_stall/m_axi_awvalid_INST_0/O
                         net (fo=3, routed)           0.376     5.692    design_1_i/smartconnect_1/inst/s00_entry_pipeline/s00_transaction_regulator/inst/gen_endpoint.gen_w_singleorder.w_singleorder/s_axi_awvalid
    SLICE_X5Y49          LUT2 (Prop_lut2_I0_O)        0.105     5.797 r  design_1_i/smartconnect_1/inst/s00_entry_pipeline/s00_transaction_regulator/inst/gen_endpoint.gen_w_singleorder.w_singleorder/m_axi_awvalid_INST_0/O
                         net (fo=9, routed)           0.408     6.204    design_1_i/smartconnect_1/inst/s00_entry_pipeline/s00_si_converter/inst/gen_axilite_conv.axilite_conv_inst/s_axi_awvalid
    SLICE_X6Y49          LUT6 (Prop_lut6_I3_O)        0.247     6.451 r  design_1_i/smartconnect_1/inst/s00_entry_pipeline/s00_si_converter/inst/gen_axilite_conv.axilite_conv_inst/aw_addr[8]_i_5/O
                         net (fo=1, routed)           0.291     6.742    design_1_i/smartconnect_1/inst/s00_entry_pipeline/s00_si_converter/inst/gen_axilite_conv.axilite_conv_inst/aw_addr[8]_i_5_n_0
    SLICE_X6Y48          LUT6 (Prop_lut6_I4_O)        0.097     6.839 r  design_1_i/smartconnect_1/inst/s00_entry_pipeline/s00_si_converter/inst/gen_axilite_conv.axilite_conv_inst/aw_addr[8]_i_1/O
                         net (fo=9, routed)           0.515     7.354    design_1_i/smartconnect_1/inst/s00_entry_pipeline/s00_si_converter/inst/gen_axilite_conv.axilite_conv_inst/aw_addr[8]_i_1_n_0
    SLICE_X4Y46          FDRE                                         r  design_1_i/smartconnect_1/inst/s00_entry_pipeline/s00_si_converter/inst/gen_axilite_conv.axilite_conv_inst/aw_addr_reg[7]/CE
  -------------------------------------------------------------------    -------------------

                         (clock clk_fpga_3 rise edge)
                                                      6.499     6.499 r  
    PS7_X0Y0             PS7                          0.000     6.499 r  design_1_i/processing_system7_0/inst/PS7_i/FCLKCLK[3]
                         net (fo=1, routed)           0.795     7.294    design_1_i/processing_system7_0/inst/FCLK_CLK_unbuffered[3]
    BUFGCTRL_X0Y0        BUFG (Prop_bufg_I_O)         0.072     7.366 r  design_1_i/processing_system7_0/inst/buffer_fclk_clk_3.FCLK_CLK_3_BUFG/O
                         net (fo=3540, routed)        1.179     8.545    design_1_i/smartconnect_1/inst/s00_entry_pipeline/s00_si_converter/inst/gen_axilite_conv.axilite_conv_inst/aclk
    SLICE_X4Y46          FDRE                                         r  design_1_i/smartconnect_1/inst/s00_entry_pipeline/s00_si_converter/inst/gen_axilite_conv.axilite_conv_inst/aw_addr_reg[7]/C
                         clock pessimism              0.172     8.717    
                         clock uncertainty           -0.104     8.613    
    SLICE_X4Y46          FDRE (Setup_fdre_C_CE)      -0.119     8.494    design_1_i/smartconnect_1/inst/s00_entry_pipeline/s00_si_converter/inst/gen_axilite_conv.axilite_conv_inst/aw_addr_reg[7]
  -------------------------------------------------------------------
                         required time                          8.494    
                         arrival time                          -7.354    
  -------------------------------------------------------------------
                         slack                                  1.140    

Slack (MET) :             1.140ns  (required time - arrival time)
  Source:                 design_1_i/processing_system7_0/inst/PS7_i/MAXIGP0ACLK
                            (rising edge-triggered cell PS7 clocked by clk_fpga_3  {rise@0.000ns fall@3.250ns period=6.499ns})
  Destination:            design_1_i/smartconnect_1/inst/s00_entry_pipeline/s00_si_converter/inst/gen_axilite_conv.axilite_conv_inst/aw_addr_reg[8]/CE
                            (rising edge-triggered cell FDRE clocked by clk_fpga_3  {rise@0.000ns fall@3.250ns period=6.499ns})
  Path Group:             clk_fpga_3
  Path Type:              Setup (Max at Slow Process Corner)
  Requirement:            6.499ns  (clk_fpga_3 rise@6.499ns - clk_fpga_3 rise@0.000ns)
  Data Path Delay:        5.051ns  (logic 1.700ns (33.657%)  route 3.351ns (66.343%))
  Logic Levels:           7  (LUT2=1 LUT4=2 LUT6=4)
  Clock Path Skew:        -0.085ns (DCD - SCD + CPR)
    Destination Clock Delay (DCD):    2.046ns = ( 8.545 - 6.499 ) 
    Source Clock Delay      (SCD):    2.303ns
    Clock Pessimism Removal (CPR):    0.172ns
  Clock Uncertainty:      0.104ns  ((TSJ^2 + TIJ^2)^1/2 + DJ) / 2 + PE
    Total System Jitter     (TSJ):    0.071ns
    Total Input Jitter      (TIJ):    0.195ns
    Discrete Jitter          (DJ):    0.000ns
    Phase Error              (PE):    0.000ns

    Location             Delay type                Incr(ns)  Path(ns)    Netlist Resource(s)
  -------------------------------------------------------------------    -------------------
                         (clock clk_fpga_3 rise edge)
                                                      0.000     0.000 r  
    PS7_X0Y0             PS7                          0.000     0.000 r  design_1_i/processing_system7_0/inst/PS7_i/FCLKCLK[3]
                         net (fo=1, routed)           0.874     0.874    design_1_i/processing_system7_0/inst/FCLK_CLK_unbuffered[3]
    BUFGCTRL_X0Y0        BUFG (Prop_bufg_I_O)         0.079     0.953 r  design_1_i/processing_system7_0/inst/buffer_fclk_clk_3.FCLK_CLK_3_BUFG/O
                         net (fo=3540, routed)        1.350     2.303    design_1_i/processing_system7_0/inst/M_AXI_GP0_ACLK
    PS7_X0Y0             PS7                                          r  design_1_i/processing_system7_0/inst/PS7_i/MAXIGP0ACLK
  -------------------------------------------------------------------    -------------------
    PS7_X0Y0             PS7 (Prop_ps7_MAXIGP0ACLK_MAXIGP0AWLEN[2])
                                                      0.863     3.166 f  design_1_i/processing_system7_0/inst/PS7_i/MAXIGP0AWLEN[2]
                         net (fo=1, routed)           0.570     3.737    design_1_i/smartconnect_1/inst/s00_entry_pipeline/s00_mmu/inst/aw_reg_stall/s_axi_awlen[2]
    SLICE_X1Y43          LUT4 (Prop_lut4_I2_O)        0.097     3.834 f  design_1_i/smartconnect_1/inst/s00_entry_pipeline/s00_mmu/inst/aw_reg_stall/m_axi_awvalid_INST_0_i_5/O
                         net (fo=1, routed)           0.552     4.386    design_1_i/smartconnect_1/inst/s00_entry_pipeline/s00_mmu/inst/aw_reg_stall/m_axi_awvalid_INST_0_i_5_n_0
    SLICE_X1Y49          LUT4 (Prop_lut4_I1_O)        0.097     4.483 f  design_1_i/smartconnect_1/inst/s00_entry_pipeline/s00_mmu/inst/aw_reg_stall/m_axi_awvalid_INST_0_i_4/O
                         net (fo=6, routed)           0.434     4.917    design_1_i/smartconnect_1/inst/s00_entry_pipeline/s00_mmu/inst/aw_reg_stall_n_1
    SLICE_X2Y47          LUT6 (Prop_lut6_I5_O)        0.097     5.014 f  design_1_i/smartconnect_1/inst/s00_entry_pipeline/s00_mmu/inst/m_axi_awvalid_INST_0_i_1/O
                         net (fo=1, routed)           0.204     5.219    design_1_i/smartconnect_1/inst/s00_entry_pipeline/s00_mmu/inst/aw_reg_stall/gen_endpoint.w_trigger_decerr
    SLICE_X3Y49          LUT6 (Prop_lut6_I3_O)        0.097     5.316 r  design_1_i/smartconnect_1/inst/s00_entry_pipeline/s00_mmu/inst/aw_reg_stall/m_axi_awvalid_INST_0/O
                         net (fo=3, routed)           0.376     5.692    design_1_i/smartconnect_1/inst/s00_entry_pipeline/s00_transaction_regulator/inst/gen_endpoint.gen_w_singleorder.w_singleorder/s_axi_awvalid
    SLICE_X5Y49          LUT2 (Prop_lut2_I0_O)        0.105     5.797 r  design_1_i/smartconnect_1/inst/s00_entry_pipeline/s00_transaction_regulator/inst/gen_endpoint.gen_w_singleorder.w_singleorder/m_axi_awvalid_INST_0/O
                         net (fo=9, routed)           0.408     6.204    design_1_i/smartconnect_1/inst/s00_entry_pipeline/s00_si_converter/inst/gen_axilite_conv.axilite_conv_inst/s_axi_awvalid
    SLICE_X6Y49          LUT6 (Prop_lut6_I3_O)        0.247     6.451 r  design_1_i/smartconnect_1/inst/s00_entry_pipeline/s00_si_converter/inst/gen_axilite_conv.axilite_conv_inst/aw_addr[8]_i_5/O
                         net (fo=1, routed)           0.291     6.742    design_1_i/smartconnect_1/inst/s00_entry_pipeline/s00_si_converter/inst/gen_axilite_conv.axilite_conv_inst/aw_addr[8]_i_5_n_0
    SLICE_X6Y48          LUT6 (Prop_lut6_I4_O)        0.097     6.839 r  design_1_i/smartconnect_1/inst/s00_entry_pipeline/s00_si_converter/inst/gen_axilite_conv.axilite_conv_inst/aw_addr[8]_i_1/O
                         net (fo=9, routed)           0.515     7.354    design_1_i/smartconnect_1/inst/s00_entry_pipeline/s00_si_converter/inst/gen_axilite_conv.axilite_conv_inst/aw_addr[8]_i_1_n_0
    SLICE_X4Y46          FDRE                                         r  design_1_i/smartconnect_1/inst/s00_entry_pipeline/s00_si_converter/inst/gen_axilite_conv.axilite_conv_inst/aw_addr_reg[8]/CE
  -------------------------------------------------------------------    -------------------

                         (clock clk_fpga_3 rise edge)
                                                      6.499     6.499 r  
    PS7_X0Y0             PS7                          0.000     6.499 r  design_1_i/processing_system7_0/inst/PS7_i/FCLKCLK[3]
                         net (fo=1, routed)           0.795     7.294    design_1_i/processing_system7_0/inst/FCLK_CLK_unbuffered[3]
    BUFGCTRL_X0Y0        BUFG (Prop_bufg_I_O)         0.072     7.366 r  design_1_i/processing_system7_0/inst/buffer_fclk_clk_3.FCLK_CLK_3_BUFG/O
                         net (fo=3540, routed)        1.179     8.545    design_1_i/smartconnect_1/inst/s00_entry_pipeline/s00_si_converter/inst/gen_axilite_conv.axilite_conv_inst/aclk
    SLICE_X4Y46          FDRE                                         r  design_1_i/smartconnect_1/inst/s00_entry_pipeline/s00_si_converter/inst/gen_axilite_conv.axilite_conv_inst/aw_addr_reg[8]/C
                         clock pessimism              0.172     8.717    
                         clock uncertainty           -0.104     8.613    
    SLICE_X4Y46          FDRE (Setup_fdre_C_CE)      -0.119     8.494    design_1_i/smartconnect_1/inst/s00_entry_pipeline/s00_si_converter/inst/gen_axilite_conv.axilite_conv_inst/aw_addr_reg[8]
  -------------------------------------------------------------------
                         required time                          8.494    
                         arrival time                          -7.354    
  -------------------------------------------------------------------
                         slack                                  1.140    

Slack (MET) :             1.236ns  (required time - arrival time)
  Source:                 design_1_i/processing_system7_0/inst/PS7_i/MAXIGP0ACLK
                            (rising edge-triggered cell PS7 clocked by clk_fpga_3  {rise@0.000ns fall@3.250ns period=6.499ns})
  Destination:            design_1_i/smartconnect_1/inst/s00_entry_pipeline/s00_si_converter/inst/gen_axilite_conv.axilite_conv_inst/aw_addr_reg[2]/CE
                            (rising edge-triggered cell FDRE clocked by clk_fpga_3  {rise@0.000ns fall@3.250ns period=6.499ns})
  Path Group:             clk_fpga_3
  Path Type:              Setup (Max at Slow Process Corner)
  Requirement:            6.499ns  (clk_fpga_3 rise@6.499ns - clk_fpga_3 rise@0.000ns)
  Data Path Delay:        4.955ns  (logic 1.700ns (34.309%)  route 3.255ns (65.690%))
  Logic Levels:           7  (LUT2=1 LUT4=2 LUT6=4)
  Clock Path Skew:        -0.085ns (DCD - SCD + CPR)
    Destination Clock Delay (DCD):    2.046ns = ( 8.545 - 6.499 ) 
    Source Clock Delay      (SCD):    2.303ns
    Clock Pessimism Removal (CPR):    0.172ns
  Clock Uncertainty:      0.104ns  ((TSJ^2 + TIJ^2)^1/2 + DJ) / 2 + PE
    Total System Jitter     (TSJ):    0.071ns
    Total Input Jitter      (TIJ):    0.195ns
    Discrete Jitter          (DJ):    0.000ns
    Phase Error              (PE):    0.000ns

    Location             Delay type                Incr(ns)  Path(ns)    Netlist Resource(s)
  -------------------------------------------------------------------    -------------------
                         (clock clk_fpga_3 rise edge)
                                                      0.000     0.000 r  
    PS7_X0Y0             PS7                          0.000     0.000 r  design_1_i/processing_system7_0/inst/PS7_i/FCLKCLK[3]
                         net (fo=1, routed)           0.874     0.874    design_1_i/processing_system7_0/inst/FCLK_CLK_unbuffered[3]
    BUFGCTRL_X0Y0        BUFG (Prop_bufg_I_O)         0.079     0.953 r  design_1_i/processing_system7_0/inst/buffer_fclk_clk_3.FCLK_CLK_3_BUFG/O
                         net (fo=3540, routed)        1.350     2.303    design_1_i/processing_system7_0/inst/M_AXI_GP0_ACLK
    PS7_X0Y0             PS7                                          r  design_1_i/processing_system7_0/inst/PS7_i/MAXIGP0ACLK
  -------------------------------------------------------------------    -------------------
    PS7_X0Y0             PS7 (Prop_ps7_MAXIGP0ACLK_MAXIGP0AWLEN[2])
                                                      0.863     3.166 f  design_1_i/processing_system7_0/inst/PS7_i/MAXIGP0AWLEN[2]
                         net (fo=1, routed)           0.570     3.737    design_1_i/smartconnect_1/inst/s00_entry_pipeline/s00_mmu/inst/aw_reg_stall/s_axi_awlen[2]
    SLICE_X1Y43          LUT4 (Prop_lut4_I2_O)        0.097     3.834 f  design_1_i/smartconnect_1/inst/s00_entry_pipeline/s00_mmu/inst/aw_reg_stall/m_axi_awvalid_INST_0_i_5/O
                         net (fo=1, routed)           0.552     4.386    design_1_i/smartconnect_1/inst/s00_entry_pipeline/s00_mmu/inst/aw_reg_stall/m_axi_awvalid_INST_0_i_5_n_0
    SLICE_X1Y49          LUT4 (Prop_lut4_I1_O)        0.097     4.483 f  design_1_i/smartconnect_1/inst/s00_entry_pipeline/s00_mmu/inst/aw_reg_stall/m_axi_awvalid_INST_0_i_4/O
                         net (fo=6, routed)           0.434     4.917    design_1_i/smartconnect_1/inst/s00_entry_pipeline/s00_mmu/inst/aw_reg_stall_n_1
    SLICE_X2Y47          LUT6 (Prop_lut6_I5_O)        0.097     5.014 f  design_1_i/smartconnect_1/inst/s00_entry_pipeline/s00_mmu/inst/m_axi_awvalid_INST_0_i_1/O
                         net (fo=1, routed)           0.204     5.219    design_1_i/smartconnect_1/inst/s00_entry_pipeline/s00_mmu/inst/aw_reg_stall/gen_endpoint.w_trigger_decerr
    SLICE_X3Y49          LUT6 (Prop_lut6_I3_O)        0.097     5.316 r  design_1_i/smartconnect_1/inst/s00_entry_pipeline/s00_mmu/inst/aw_reg_stall/m_axi_awvalid_INST_0/O
                         net (fo=3, routed)           0.376     5.692    design_1_i/smartconnect_1/inst/s00_entry_pipeline/s00_transaction_regulator/inst/gen_endpoint.gen_w_singleorder.w_singleorder/s_axi_awvalid
    SLICE_X5Y49          LUT2 (Prop_lut2_I0_O)        0.105     5.797 r  design_1_i/smartconnect_1/inst/s00_entry_pipeline/s00_transaction_regulator/inst/gen_endpoint.gen_w_singleorder.w_singleorder/m_axi_awvalid_INST_0/O
                         net (fo=9, routed)           0.408     6.204    design_1_i/smartconnect_1/inst/s00_entry_pipeline/s00_si_converter/inst/gen_axilite_conv.axilite_conv_inst/s_axi_awvalid
    SLICE_X6Y49          LUT6 (Prop_lut6_I3_O)        0.247     6.451 r  design_1_i/smartconnect_1/inst/s00_entry_pipeline/s00_si_converter/inst/gen_axilite_conv.axilite_conv_inst/aw_addr[8]_i_5/O
                         net (fo=1, routed)           0.291     6.742    design_1_i/smartconnect_1/inst/s00_entry_pipeline/s00_si_converter/inst/gen_axilite_conv.axilite_conv_inst/aw_addr[8]_i_5_n_0
    SLICE_X6Y48          LUT6 (Prop_lut6_I4_O)        0.097     6.839 r  design_1_i/smartconnect_1/inst/s00_entry_pipeline/s00_si_converter/inst/gen_axilite_conv.axilite_conv_inst/aw_addr[8]_i_1/O
                         net (fo=9, routed)           0.419     7.258    design_1_i/smartconnect_1/inst/s00_entry_pipeline/s00_si_converter/inst/gen_axilite_conv.axilite_conv_inst/aw_addr[8]_i_1_n_0
    SLICE_X4Y47          FDRE                                         r  design_1_i/smartconnect_1/inst/s00_entry_pipeline/s00_si_converter/inst/gen_axilite_conv.axilite_conv_inst/aw_addr_reg[2]/CE
  -------------------------------------------------------------------    -------------------

                         (clock clk_fpga_3 rise edge)
                                                      6.499     6.499 r  
    PS7_X0Y0             PS7                          0.000     6.499 r  design_1_i/processing_system7_0/inst/PS7_i/FCLKCLK[3]
                         net (fo=1, routed)           0.795     7.294    design_1_i/processing_system7_0/inst/FCLK_CLK_unbuffered[3]
    BUFGCTRL_X0Y0        BUFG (Prop_bufg_I_O)         0.072     7.366 r  design_1_i/processing_system7_0/inst/buffer_fclk_clk_3.FCLK_CLK_3_BUFG/O
                         net (fo=3540, routed)        1.179     8.545    design_1_i/smartconnect_1/inst/s00_entry_pipeline/s00_si_converter/inst/gen_axilite_conv.axilite_conv_inst/aclk
    SLICE_X4Y47          FDRE                                         r  design_1_i/smartconnect_1/inst/s00_entry_pipeline/s00_si_converter/inst/gen_axilite_conv.axilite_conv_inst/aw_addr_reg[2]/C
                         clock pessimism              0.172     8.717    
                         clock uncertainty           -0.104     8.613    
    SLICE_X4Y47          FDRE (Setup_fdre_C_CE)      -0.119     8.494    design_1_i/smartconnect_1/inst/s00_entry_pipeline/s00_si_converter/inst/gen_axilite_conv.axilite_conv_inst/aw_addr_reg[2]
  -------------------------------------------------------------------
                         required time                          8.494    
                         arrival time                          -7.258    
  -------------------------------------------------------------------
                         slack                                  1.236    

Slack (MET) :             1.236ns  (required time - arrival time)
  Source:                 design_1_i/processing_system7_0/inst/PS7_i/MAXIGP0ACLK
                            (rising edge-triggered cell PS7 clocked by clk_fpga_3  {rise@0.000ns fall@3.250ns period=6.499ns})
  Destination:            design_1_i/smartconnect_1/inst/s00_entry_pipeline/s00_si_converter/inst/gen_axilite_conv.axilite_conv_inst/aw_addr_reg[3]/CE
                            (rising edge-triggered cell FDRE clocked by clk_fpga_3  {rise@0.000ns fall@3.250ns period=6.499ns})
  Path Group:             clk_fpga_3
  Path Type:              Setup (Max at Slow Process Corner)
  Requirement:            6.499ns  (clk_fpga_3 rise@6.499ns - clk_fpga_3 rise@0.000ns)
  Data Path Delay:        4.955ns  (logic 1.700ns (34.309%)  route 3.255ns (65.690%))
  Logic Levels:           7  (LUT2=1 LUT4=2 LUT6=4)
  Clock Path Skew:        -0.085ns (DCD - SCD + CPR)
    Destination Clock Delay (DCD):    2.046ns = ( 8.545 - 6.499 ) 
    Source Clock Delay      (SCD):    2.303ns
    Clock Pessimism Removal (CPR):    0.172ns
  Clock Uncertainty:      0.104ns  ((TSJ^2 + TIJ^2)^1/2 + DJ) / 2 + PE
    Total System Jitter     (TSJ):    0.071ns
    Total Input Jitter      (TIJ):    0.195ns
    Discrete Jitter          (DJ):    0.000ns
    Phase Error              (PE):    0.000ns

    Location             Delay type                Incr(ns)  Path(ns)    Netlist Resource(s)
  -------------------------------------------------------------------    -------------------
                         (clock clk_fpga_3 rise edge)
                                                      0.000     0.000 r  
    PS7_X0Y0             PS7                          0.000     0.000 r  design_1_i/processing_system7_0/inst/PS7_i/FCLKCLK[3]
                         net (fo=1, routed)           0.874     0.874    design_1_i/processing_system7_0/inst/FCLK_CLK_unbuffered[3]
    BUFGCTRL_X0Y0        BUFG (Prop_bufg_I_O)         0.079     0.953 r  design_1_i/processing_system7_0/inst/buffer_fclk_clk_3.FCLK_CLK_3_BUFG/O
                         net (fo=3540, routed)        1.350     2.303    design_1_i/processing_system7_0/inst/M_AXI_GP0_ACLK
    PS7_X0Y0             PS7                                          r  design_1_i/processing_system7_0/inst/PS7_i/MAXIGP0ACLK
  -------------------------------------------------------------------    -------------------
    PS7_X0Y0             PS7 (Prop_ps7_MAXIGP0ACLK_MAXIGP0AWLEN[2])
                                                      0.863     3.166 f  design_1_i/processing_system7_0/inst/PS7_i/MAXIGP0AWLEN[2]
                         net (fo=1, routed)           0.570     3.737    design_1_i/smartconnect_1/inst/s00_entry_pipeline/s00_mmu/inst/aw_reg_stall/s_axi_awlen[2]
    SLICE_X1Y43          LUT4 (Prop_lut4_I2_O)        0.097     3.834 f  design_1_i/smartconnect_1/inst/s00_entry_pipeline/s00_mmu/inst/aw_reg_stall/m_axi_awvalid_INST_0_i_5/O
                         net (fo=1, routed)           0.552     4.386    design_1_i/smartconnect_1/inst/s00_entry_pipeline/s00_mmu/inst/aw_reg_stall/m_axi_awvalid_INST_0_i_5_n_0
    SLICE_X1Y49          LUT4 (Prop_lut4_I1_O)        0.097     4.483 f  design_1_i/smartconnect_1/inst/s00_entry_pipeline/s00_mmu/inst/aw_reg_stall/m_axi_awvalid_INST_0_i_4/O
                         net (fo=6, routed)           0.434     4.917    design_1_i/smartconnect_1/inst/s00_entry_pipeline/s00_mmu/inst/aw_reg_stall_n_1
    SLICE_X2Y47          LUT6 (Prop_lut6_I5_O)        0.097     5.014 f  design_1_i/smartconnect_1/inst/s00_entry_pipeline/s00_mmu/inst/m_axi_awvalid_INST_0_i_1/O
                         net (fo=1, routed)           0.204     5.219    design_1_i/smartconnect_1/inst/s00_entry_pipeline/s00_mmu/inst/aw_reg_stall/gen_endpoint.w_trigger_decerr
    SLICE_X3Y49          LUT6 (Prop_lut6_I3_O)        0.097     5.316 r  design_1_i/smartconnect_1/inst/s00_entry_pipeline/s00_mmu/inst/aw_reg_stall/m_axi_awvalid_INST_0/O
                         net (fo=3, routed)           0.376     5.692    design_1_i/smartconnect_1/inst/s00_entry_pipeline/s00_transaction_regulator/inst/gen_endpoint.gen_w_singleorder.w_singleorder/s_axi_awvalid
    SLICE_X5Y49          LUT2 (Prop_lut2_I0_O)        0.105     5.797 r  design_1_i/smartconnect_1/inst/s00_entry_pipeline/s00_transaction_regulator/inst/gen_endpoint.gen_w_singleorder.w_singleorder/m_axi_awvalid_INST_0/O
                         net (fo=9, routed)           0.408     6.204    design_1_i/smartconnect_1/inst/s00_entry_pipeline/s00_si_converter/inst/gen_axilite_conv.axilite_conv_inst/s_axi_awvalid
    SLICE_X6Y49          LUT6 (Prop_lut6_I3_O)        0.247     6.451 r  design_1_i/smartconnect_1/inst/s00_entry_pipeline/s00_si_converter/inst/gen_axilite_conv.axilite_conv_inst/aw_addr[8]_i_5/O
                         net (fo=1, routed)           0.291     6.742    design_1_i/smartconnect_1/inst/s00_entry_pipeline/s00_si_converter/inst/gen_axilite_conv.axilite_conv_inst/aw_addr[8]_i_5_n_0
    SLICE_X6Y48          LUT6 (Prop_lut6_I4_O)        0.097     6.839 r  design_1_i/smartconnect_1/inst/s00_entry_pipeline/s00_si_converter/inst/gen_axilite_conv.axilite_conv_inst/aw_addr[8]_i_1/O
                         net (fo=9, routed)           0.419     7.258    design_1_i/smartconnect_1/inst/s00_entry_pipeline/s00_si_converter/inst/gen_axilite_conv.axilite_conv_inst/aw_addr[8]_i_1_n_0
    SLICE_X4Y47          FDRE                                         r  design_1_i/smartconnect_1/inst/s00_entry_pipeline/s00_si_converter/inst/gen_axilite_conv.axilite_conv_inst/aw_addr_reg[3]/CE
  -------------------------------------------------------------------    -------------------

                         (clock clk_fpga_3 rise edge)
                                                      6.499     6.499 r  
    PS7_X0Y0             PS7                          0.000     6.499 r  design_1_i/processing_system7_0/inst/PS7_i/FCLKCLK[3]
                         net (fo=1, routed)           0.795     7.294    design_1_i/processing_system7_0/inst/FCLK_CLK_unbuffered[3]
    BUFGCTRL_X0Y0        BUFG (Prop_bufg_I_O)         0.072     7.366 r  design_1_i/processing_system7_0/inst/buffer_fclk_clk_3.FCLK_CLK_3_BUFG/O
                         net (fo=3540, routed)        1.179     8.545    design_1_i/smartconnect_1/inst/s00_entry_pipeline/s00_si_converter/inst/gen_axilite_conv.axilite_conv_inst/aclk
    SLICE_X4Y47          FDRE                                         r  design_1_i/smartconnect_1/inst/s00_entry_pipeline/s00_si_converter/inst/gen_axilite_conv.axilite_conv_inst/aw_addr_reg[3]/C
                         clock pessimism              0.172     8.717    
                         clock uncertainty           -0.104     8.613    
    SLICE_X4Y47          FDRE (Setup_fdre_C_CE)      -0.119     8.494    design_1_i/smartconnect_1/inst/s00_entry_pipeline/s00_si_converter/inst/gen_axilite_conv.axilite_conv_inst/aw_addr_reg[3]
  -------------------------------------------------------------------
                         required time                          8.494    
                         arrival time                          -7.258    
  -------------------------------------------------------------------
                         slack                                  1.236    

Slack (MET) :             1.236ns  (required time - arrival time)
  Source:                 design_1_i/processing_system7_0/inst/PS7_i/MAXIGP0ACLK
                            (rising edge-triggered cell PS7 clocked by clk_fpga_3  {rise@0.000ns fall@3.250ns period=6.499ns})
  Destination:            design_1_i/smartconnect_1/inst/s00_entry_pipeline/s00_si_converter/inst/gen_axilite_conv.axilite_conv_inst/aw_addr_reg[5]/CE
                            (rising edge-triggered cell FDRE clocked by clk_fpga_3  {rise@0.000ns fall@3.250ns period=6.499ns})
  Path Group:             clk_fpga_3
  Path Type:              Setup (Max at Slow Process Corner)
  Requirement:            6.499ns  (clk_fpga_3 rise@6.499ns - clk_fpga_3 rise@0.000ns)
  Data Path Delay:        4.955ns  (logic 1.700ns (34.309%)  route 3.255ns (65.690%))
  Logic Levels:           7  (LUT2=1 LUT4=2 LUT6=4)
  Clock Path Skew:        -0.085ns (DCD - SCD + CPR)
    Destination Clock Delay (DCD):    2.046ns = ( 8.545 - 6.499 ) 
    Source Clock Delay      (SCD):    2.303ns
    Clock Pessimism Removal (CPR):    0.172ns
  Clock Uncertainty:      0.104ns  ((TSJ^2 + TIJ^2)^1/2 + DJ) / 2 + PE
    Total System Jitter     (TSJ):    0.071ns
    Total Input Jitter      (TIJ):    0.195ns
    Discrete Jitter          (DJ):    0.000ns
    Phase Error              (PE):    0.000ns

    Location             Delay type                Incr(ns)  Path(ns)    Netlist Resource(s)
  -------------------------------------------------------------------    -------------------
                         (clock clk_fpga_3 rise edge)
                                                      0.000     0.000 r  
    PS7_X0Y0             PS7                          0.000     0.000 r  design_1_i/processing_system7_0/inst/PS7_i/FCLKCLK[3]
                         net (fo=1, routed)           0.874     0.874    design_1_i/processing_system7_0/inst/FCLK_CLK_unbuffered[3]
    BUFGCTRL_X0Y0        BUFG (Prop_bufg_I_O)         0.079     0.953 r  design_1_i/processing_system7_0/inst/buffer_fclk_clk_3.FCLK_CLK_3_BUFG/O
                         net (fo=3540, routed)        1.350     2.303    design_1_i/processing_system7_0/inst/M_AXI_GP0_ACLK
    PS7_X0Y0             PS7                                          r  design_1_i/processing_system7_0/inst/PS7_i/MAXIGP0ACLK
  -------------------------------------------------------------------    -------------------
    PS7_X0Y0             PS7 (Prop_ps7_MAXIGP0ACLK_MAXIGP0AWLEN[2])
                                                      0.863     3.166 f  design_1_i/processing_system7_0/inst/PS7_i/MAXIGP0AWLEN[2]
                         net (fo=1, routed)           0.570     3.737    design_1_i/smartconnect_1/inst/s00_entry_pipeline/s00_mmu/inst/aw_reg_stall/s_axi_awlen[2]
    SLICE_X1Y43          LUT4 (Prop_lut4_I2_O)        0.097     3.834 f  design_1_i/smartconnect_1/inst/s00_entry_pipeline/s00_mmu/inst/aw_reg_stall/m_axi_awvalid_INST_0_i_5/O
                         net (fo=1, routed)           0.552     4.386    design_1_i/smartconnect_1/inst/s00_entry_pipeline/s00_mmu/inst/aw_reg_stall/m_axi_awvalid_INST_0_i_5_n_0
    SLICE_X1Y49          LUT4 (Prop_lut4_I1_O)        0.097     4.483 f  design_1_i/smartconnect_1/inst/s00_entry_pipeline/s00_mmu/inst/aw_reg_stall/m_axi_awvalid_INST_0_i_4/O
                         net (fo=6, routed)           0.434     4.917    design_1_i/smartconnect_1/inst/s00_entry_pipeline/s00_mmu/inst/aw_reg_stall_n_1
    SLICE_X2Y47          LUT6 (Prop_lut6_I5_O)        0.097     5.014 f  design_1_i/smartconnect_1/inst/s00_entry_pipeline/s00_mmu/inst/m_axi_awvalid_INST_0_i_1/O
                         net (fo=1, routed)           0.204     5.219    design_1_i/smartconnect_1/inst/s00_entry_pipeline/s00_mmu/inst/aw_reg_stall/gen_endpoint.w_trigger_decerr
    SLICE_X3Y49          LUT6 (Prop_lut6_I3_O)        0.097     5.316 r  design_1_i/smartconnect_1/inst/s00_entry_pipeline/s00_mmu/inst/aw_reg_stall/m_axi_awvalid_INST_0/O
                         net (fo=3, routed)           0.376     5.692    design_1_i/smartconnect_1/inst/s00_entry_pipeline/s00_transaction_regulator/inst/gen_endpoint.gen_w_singleorder.w_singleorder/s_axi_awvalid
    SLICE_X5Y49          LUT2 (Prop_lut2_I0_O)        0.105     5.797 r  design_1_i/smartconnect_1/inst/s00_entry_pipeline/s00_transaction_regulator/inst/gen_endpoint.gen_w_singleorder.w_singleorder/m_axi_awvalid_INST_0/O
                         net (fo=9, routed)           0.408     6.204    design_1_i/smartconnect_1/inst/s00_entry_pipeline/s00_si_converter/inst/gen_axilite_conv.axilite_conv_inst/s_axi_awvalid
    SLICE_X6Y49          LUT6 (Prop_lut6_I3_O)        0.247     6.451 r  design_1_i/smartconnect_1/inst/s00_entry_pipeline/s00_si_converter/inst/gen_axilite_conv.axilite_conv_inst/aw_addr[8]_i_5/O
                         net (fo=1, routed)           0.291     6.742    design_1_i/smartconnect_1/inst/s00_entry_pipeline/s00_si_converter/inst/gen_axilite_conv.axilite_conv_inst/aw_addr[8]_i_5_n_0
    SLICE_X6Y48          LUT6 (Prop_lut6_I4_O)        0.097     6.839 r  design_1_i/smartconnect_1/inst/s00_entry_pipeline/s00_si_converter/inst/gen_axilite_conv.axilite_conv_inst/aw_addr[8]_i_1/O
                         net (fo=9, routed)           0.419     7.258    design_1_i/smartconnect_1/inst/s00_entry_pipeline/s00_si_converter/inst/gen_axilite_conv.axilite_conv_inst/aw_addr[8]_i_1_n_0
    SLICE_X4Y47          FDRE                                         r  design_1_i/smartconnect_1/inst/s00_entry_pipeline/s00_si_converter/inst/gen_axilite_conv.axilite_conv_inst/aw_addr_reg[5]/CE
  -------------------------------------------------------------------    -------------------

                         (clock clk_fpga_3 rise edge)
                                                      6.499     6.499 r  
    PS7_X0Y0             PS7                          0.000     6.499 r  design_1_i/processing_system7_0/inst/PS7_i/FCLKCLK[3]
                         net (fo=1, routed)           0.795     7.294    design_1_i/processing_system7_0/inst/FCLK_CLK_unbuffered[3]
    BUFGCTRL_X0Y0        BUFG (Prop_bufg_I_O)         0.072     7.366 r  design_1_i/processing_system7_0/inst/buffer_fclk_clk_3.FCLK_CLK_3_BUFG/O
                         net (fo=3540, routed)        1.179     8.545    design_1_i/smartconnect_1/inst/s00_entry_pipeline/s00_si_converter/inst/gen_axilite_conv.axilite_conv_inst/aclk
    SLICE_X4Y47          FDRE                                         r  design_1_i/smartconnect_1/inst/s00_entry_pipeline/s00_si_converter/inst/gen_axilite_conv.axilite_conv_inst/aw_addr_reg[5]/C
                         clock pessimism              0.172     8.717    
                         clock uncertainty           -0.104     8.613    
    SLICE_X4Y47          FDRE (Setup_fdre_C_CE)      -0.119     8.494    design_1_i/smartconnect_1/inst/s00_entry_pipeline/s00_si_converter/inst/gen_axilite_conv.axilite_conv_inst/aw_addr_reg[5]
  -------------------------------------------------------------------
                         required time                          8.494    
                         arrival time                          -7.258    
  -------------------------------------------------------------------
                         slack                                  1.236    

Slack (MET) :             1.236ns  (required time - arrival time)
  Source:                 design_1_i/processing_system7_0/inst/PS7_i/MAXIGP0ACLK
                            (rising edge-triggered cell PS7 clocked by clk_fpga_3  {rise@0.000ns fall@3.250ns period=6.499ns})
  Destination:            design_1_i/smartconnect_1/inst/s00_entry_pipeline/s00_si_converter/inst/gen_axilite_conv.axilite_conv_inst/aw_addr_reg[6]/CE
                            (rising edge-triggered cell FDRE clocked by clk_fpga_3  {rise@0.000ns fall@3.250ns period=6.499ns})
  Path Group:             clk_fpga_3
  Path Type:              Setup (Max at Slow Process Corner)
  Requirement:            6.499ns  (clk_fpga_3 rise@6.499ns - clk_fpga_3 rise@0.000ns)
  Data Path Delay:        4.955ns  (logic 1.700ns (34.309%)  route 3.255ns (65.690%))
  Logic Levels:           7  (LUT2=1 LUT4=2 LUT6=4)
  Clock Path Skew:        -0.085ns (DCD - SCD + CPR)
    Destination Clock Delay (DCD):    2.046ns = ( 8.545 - 6.499 ) 
    Source Clock Delay      (SCD):    2.303ns
    Clock Pessimism Removal (CPR):    0.172ns
  Clock Uncertainty:      0.104ns  ((TSJ^2 + TIJ^2)^1/2 + DJ) / 2 + PE
    Total System Jitter     (TSJ):    0.071ns
    Total Input Jitter      (TIJ):    0.195ns
    Discrete Jitter          (DJ):    0.000ns
    Phase Error              (PE):    0.000ns

    Location             Delay type                Incr(ns)  Path(ns)    Netlist Resource(s)
  -------------------------------------------------------------------    -------------------
                         (clock clk_fpga_3 rise edge)
                                                      0.000     0.000 r  
    PS7_X0Y0             PS7                          0.000     0.000 r  design_1_i/processing_system7_0/inst/PS7_i/FCLKCLK[3]
                         net (fo=1, routed)           0.874     0.874    design_1_i/processing_system7_0/inst/FCLK_CLK_unbuffered[3]
    BUFGCTRL_X0Y0        BUFG (Prop_bufg_I_O)         0.079     0.953 r  design_1_i/processing_system7_0/inst/buffer_fclk_clk_3.FCLK_CLK_3_BUFG/O
                         net (fo=3540, routed)        1.350     2.303    design_1_i/processing_system7_0/inst/M_AXI_GP0_ACLK
    PS7_X0Y0             PS7                                          r  design_1_i/processing_system7_0/inst/PS7_i/MAXIGP0ACLK
  -------------------------------------------------------------------    -------------------
    PS7_X0Y0             PS7 (Prop_ps7_MAXIGP0ACLK_MAXIGP0AWLEN[2])
                                                      0.863     3.166 f  design_1_i/processing_system7_0/inst/PS7_i/MAXIGP0AWLEN[2]
                         net (fo=1, routed)           0.570     3.737    design_1_i/smartconnect_1/inst/s00_entry_pipeline/s00_mmu/inst/aw_reg_stall/s_axi_awlen[2]
    SLICE_X1Y43          LUT4 (Prop_lut4_I2_O)        0.097     3.834 f  design_1_i/smartconnect_1/inst/s00_entry_pipeline/s00_mmu/inst/aw_reg_stall/m_axi_awvalid_INST_0_i_5/O
                         net (fo=1, routed)           0.552     4.386    design_1_i/smartconnect_1/inst/s00_entry_pipeline/s00_mmu/inst/aw_reg_stall/m_axi_awvalid_INST_0_i_5_n_0
    SLICE_X1Y49          LUT4 (Prop_lut4_I1_O)        0.097     4.483 f  design_1_i/smartconnect_1/inst/s00_entry_pipeline/s00_mmu/inst/aw_reg_stall/m_axi_awvalid_INST_0_i_4/O
                         net (fo=6, routed)           0.434     4.917    design_1_i/smartconnect_1/inst/s00_entry_pipeline/s00_mmu/inst/aw_reg_stall_n_1
    SLICE_X2Y47          LUT6 (Prop_lut6_I5_O)        0.097     5.014 f  design_1_i/smartconnect_1/inst/s00_entry_pipeline/s00_mmu/inst/m_axi_awvalid_INST_0_i_1/O
                         net (fo=1, routed)           0.204     5.219    design_1_i/smartconnect_1/inst/s00_entry_pipeline/s00_mmu/inst/aw_reg_stall/gen_endpoint.w_trigger_decerr
    SLICE_X3Y49          LUT6 (Prop_lut6_I3_O)        0.097     5.316 r  design_1_i/smartconnect_1/inst/s00_entry_pipeline/s00_mmu/inst/aw_reg_stall/m_axi_awvalid_INST_0/O
                         net (fo=3, routed)           0.376     5.692    design_1_i/smartconnect_1/inst/s00_entry_pipeline/s00_transaction_regulator/inst/gen_endpoint.gen_w_singleorder.w_singleorder/s_axi_awvalid
    SLICE_X5Y49          LUT2 (Prop_lut2_I0_O)        0.105     5.797 r  design_1_i/smartconnect_1/inst/s00_entry_pipeline/s00_transaction_regulator/inst/gen_endpoint.gen_w_singleorder.w_singleorder/m_axi_awvalid_INST_0/O
                         net (fo=9, routed)           0.408     6.204    design_1_i/smartconnect_1/inst/s00_entry_pipeline/s00_si_converter/inst/gen_axilite_conv.axilite_conv_inst/s_axi_awvalid
    SLICE_X6Y49          LUT6 (Prop_lut6_I3_O)        0.247     6.451 r  design_1_i/smartconnect_1/inst/s00_entry_pipeline/s00_si_converter/inst/gen_axilite_conv.axilite_conv_inst/aw_addr[8]_i_5/O
                         net (fo=1, routed)           0.291     6.742    design_1_i/smartconnect_1/inst/s00_entry_pipeline/s00_si_converter/inst/gen_axilite_conv.axilite_conv_inst/aw_addr[8]_i_5_n_0
    SLICE_X6Y48          LUT6 (Prop_lut6_I4_O)        0.097     6.839 r  design_1_i/smartconnect_1/inst/s00_entry_pipeline/s00_si_converter/inst/gen_axilite_conv.axilite_conv_inst/aw_addr[8]_i_1/O
                         net (fo=9, routed)           0.419     7.258    design_1_i/smartconnect_1/inst/s00_entry_pipeline/s00_si_converter/inst/gen_axilite_conv.axilite_conv_inst/aw_addr[8]_i_1_n_0
    SLICE_X4Y47          FDRE                                         r  design_1_i/smartconnect_1/inst/s00_entry_pipeline/s00_si_converter/inst/gen_axilite_conv.axilite_conv_inst/aw_addr_reg[6]/CE
  -------------------------------------------------------------------    -------------------

                         (clock clk_fpga_3 rise edge)
                                                      6.499     6.499 r  
    PS7_X0Y0             PS7                          0.000     6.499 r  design_1_i/processing_system7_0/inst/PS7_i/FCLKCLK[3]
                         net (fo=1, routed)           0.795     7.294    design_1_i/processing_system7_0/inst/FCLK_CLK_unbuffered[3]
    BUFGCTRL_X0Y0        BUFG (Prop_bufg_I_O)         0.072     7.366 r  design_1_i/processing_system7_0/inst/buffer_fclk_clk_3.FCLK_CLK_3_BUFG/O
                         net (fo=3540, routed)        1.179     8.545    design_1_i/smartconnect_1/inst/s00_entry_pipeline/s00_si_converter/inst/gen_axilite_conv.axilite_conv_inst/aclk
    SLICE_X4Y47          FDRE                                         r  design_1_i/smartconnect_1/inst/s00_entry_pipeline/s00_si_converter/inst/gen_axilite_conv.axilite_conv_inst/aw_addr_reg[6]/C
                         clock pessimism              0.172     8.717    
                         clock uncertainty           -0.104     8.613    
    SLICE_X4Y47          FDRE (Setup_fdre_C_CE)      -0.119     8.494    design_1_i/smartconnect_1/inst/s00_entry_pipeline/s00_si_converter/inst/gen_axilite_conv.axilite_conv_inst/aw_addr_reg[6]
  -------------------------------------------------------------------
                         required time                          8.494    
                         arrival time                          -7.258    
  -------------------------------------------------------------------
                         slack                                  1.236    

Slack (MET) :             1.256ns  (required time - arrival time)
  Source:                 design_1_i/processing_system7_0/inst/PS7_i/MAXIGP0ACLK
                            (rising edge-triggered cell PS7 clocked by clk_fpga_3  {rise@0.000ns fall@3.250ns period=6.499ns})
  Destination:            design_1_i/smartconnect_1/inst/s00_entry_pipeline/s00_si_converter/inst/gen_axilite_conv.axilite_conv_inst/FSM_sequential_w_state_reg[2]/D
                            (rising edge-triggered cell FDRE clocked by clk_fpga_3  {rise@0.000ns fall@3.250ns period=6.499ns})
  Path Group:             clk_fpga_3
  Path Type:              Setup (Max at Slow Process Corner)
  Requirement:            6.499ns  (clk_fpga_3 rise@6.499ns - clk_fpga_3 rise@0.000ns)
  Data Path Delay:        4.984ns  (logic 1.797ns (36.055%)  route 3.187ns (63.945%))
  Logic Levels:           8  (LUT2=1 LUT3=1 LUT4=2 LUT5=1 LUT6=3)
  Clock Path Skew:        -0.225ns (DCD - SCD + CPR)
    Destination Clock Delay (DCD):    1.993ns = ( 8.492 - 6.499 ) 
    Source Clock Delay      (SCD):    2.303ns
    Clock Pessimism Removal (CPR):    0.086ns
  Clock Uncertainty:      0.104ns  ((TSJ^2 + TIJ^2)^1/2 + DJ) / 2 + PE
    Total System Jitter     (TSJ):    0.071ns
    Total Input Jitter      (TIJ):    0.195ns
    Discrete Jitter          (DJ):    0.000ns
    Phase Error              (PE):    0.000ns

    Location             Delay type                Incr(ns)  Path(ns)    Netlist Resource(s)
  -------------------------------------------------------------------    -------------------
                         (clock clk_fpga_3 rise edge)
                                                      0.000     0.000 r  
    PS7_X0Y0             PS7                          0.000     0.000 r  design_1_i/processing_system7_0/inst/PS7_i/FCLKCLK[3]
                         net (fo=1, routed)           0.874     0.874    design_1_i/processing_system7_0/inst/FCLK_CLK_unbuffered[3]
    BUFGCTRL_X0Y0        BUFG (Prop_bufg_I_O)         0.079     0.953 r  design_1_i/processing_system7_0/inst/buffer_fclk_clk_3.FCLK_CLK_3_BUFG/O
                         net (fo=3540, routed)        1.350     2.303    design_1_i/processing_system7_0/inst/M_AXI_GP0_ACLK
    PS7_X0Y0             PS7                                          r  design_1_i/processing_system7_0/inst/PS7_i/MAXIGP0ACLK
  -------------------------------------------------------------------    -------------------
    PS7_X0Y0             PS7 (Prop_ps7_MAXIGP0ACLK_MAXIGP0AWLEN[2])
                                                      0.863     3.166 f  design_1_i/processing_system7_0/inst/PS7_i/MAXIGP0AWLEN[2]
                         net (fo=1, routed)           0.570     3.737    design_1_i/smartconnect_1/inst/s00_entry_pipeline/s00_mmu/inst/aw_reg_stall/s_axi_awlen[2]
    SLICE_X1Y43          LUT4 (Prop_lut4_I2_O)        0.097     3.834 f  design_1_i/smartconnect_1/inst/s00_entry_pipeline/s00_mmu/inst/aw_reg_stall/m_axi_awvalid_INST_0_i_5/O
                         net (fo=1, routed)           0.552     4.386    design_1_i/smartconnect_1/inst/s00_entry_pipeline/s00_mmu/inst/aw_reg_stall/m_axi_awvalid_INST_0_i_5_n_0
    SLICE_X1Y49          LUT4 (Prop_lut4_I1_O)        0.097     4.483 f  design_1_i/smartconnect_1/inst/s00_entry_pipeline/s00_mmu/inst/aw_reg_stall/m_axi_awvalid_INST_0_i_4/O
                         net (fo=6, routed)           0.434     4.917    design_1_i/smartconnect_1/inst/s00_entry_pipeline/s00_mmu/inst/aw_reg_stall_n_1
    SLICE_X2Y47          LUT6 (Prop_lut6_I5_O)        0.097     5.014 f  design_1_i/smartconnect_1/inst/s00_entry_pipeline/s00_mmu/inst/m_axi_awvalid_INST_0_i_1/O
                         net (fo=1, routed)           0.204     5.219    design_1_i/smartconnect_1/inst/s00_entry_pipeline/s00_mmu/inst/aw_reg_stall/gen_endpoint.w_trigger_decerr
    SLICE_X3Y49          LUT6 (Prop_lut6_I3_O)        0.097     5.316 r  design_1_i/smartconnect_1/inst/s00_entry_pipeline/s00_mmu/inst/aw_reg_stall/m_axi_awvalid_INST_0/O
                         net (fo=3, routed)           0.376     5.692    design_1_i/smartconnect_1/inst/s00_entry_pipeline/s00_transaction_regulator/inst/gen_endpoint.gen_w_singleorder.w_singleorder/s_axi_awvalid
    SLICE_X5Y49          LUT2 (Prop_lut2_I0_O)        0.105     5.797 r  design_1_i/smartconnect_1/inst/s00_entry_pipeline/s00_transaction_regulator/inst/gen_endpoint.gen_w_singleorder.w_singleorder/m_axi_awvalid_INST_0/O
                         net (fo=9, routed)           0.531     6.328    design_1_i/smartconnect_1/inst/s00_entry_pipeline/s00_si_converter/inst/gen_axilite_conv.axilite_conv_inst/s_axi_awvalid
    SLICE_X6Y51          LUT6 (Prop_lut6_I1_O)        0.247     6.575 r  design_1_i/smartconnect_1/inst/s00_entry_pipeline/s00_si_converter/inst/gen_axilite_conv.axilite_conv_inst/FSM_sequential_w_state[2]_i_4/O
                         net (fo=1, routed)           0.102     6.677    design_1_i/smartconnect_1/inst/s00_entry_pipeline/s00_si_converter/inst/gen_axilite_conv.axilite_conv_inst/FSM_sequential_w_state[2]_i_4_n_0
    SLICE_X6Y51          LUT5 (Prop_lut5_I0_O)        0.097     6.774 r  design_1_i/smartconnect_1/inst/s00_entry_pipeline/s00_si_converter/inst/gen_axilite_conv.axilite_conv_inst/FSM_sequential_w_state[2]_i_3/O
                         net (fo=3, routed)           0.416     7.190    design_1_i/smartconnect_1/inst/s00_entry_pipeline/s00_si_converter/inst/gen_axilite_conv.axilite_conv_inst/w_state
    SLICE_X6Y50          LUT3 (Prop_lut3_I1_O)        0.097     7.287 r  design_1_i/smartconnect_1/inst/s00_entry_pipeline/s00_si_converter/inst/gen_axilite_conv.axilite_conv_inst/FSM_sequential_w_state[2]_i_1/O
                         net (fo=1, routed)           0.000     7.287    design_1_i/smartconnect_1/inst/s00_entry_pipeline/s00_si_converter/inst/gen_axilite_conv.axilite_conv_inst/FSM_sequential_w_state[2]_i_1_n_0
    SLICE_X6Y50          FDRE                                         r  design_1_i/smartconnect_1/inst/s00_entry_pipeline/s00_si_converter/inst/gen_axilite_conv.axilite_conv_inst/FSM_sequential_w_state_reg[2]/D
  -------------------------------------------------------------------    -------------------

                         (clock clk_fpga_3 rise edge)
                                                      6.499     6.499 r  
    PS7_X0Y0             PS7                          0.000     6.499 r  design_1_i/processing_system7_0/inst/PS7_i/FCLKCLK[3]
                         net (fo=1, routed)           0.795     7.294    design_1_i/processing_system7_0/inst/FCLK_CLK_unbuffered[3]
    BUFGCTRL_X0Y0        BUFG (Prop_bufg_I_O)         0.072     7.366 r  design_1_i/processing_system7_0/inst/buffer_fclk_clk_3.FCLK_CLK_3_BUFG/O
                         net (fo=3540, routed)        1.125     8.492    design_1_i/smartconnect_1/inst/s00_entry_pipeline/s00_si_converter/inst/gen_axilite_conv.axilite_conv_inst/aclk
    SLICE_X6Y50          FDRE                                         r  design_1_i/smartconnect_1/inst/s00_entry_pipeline/s00_si_converter/inst/gen_axilite_conv.axilite_conv_inst/FSM_sequential_w_state_reg[2]/C
                         clock pessimism              0.086     8.577    
                         clock uncertainty           -0.104     8.474    
    SLICE_X6Y50          FDRE (Setup_fdre_C_D)        0.069     8.543    design_1_i/smartconnect_1/inst/s00_entry_pipeline/s00_si_converter/inst/gen_axilite_conv.axilite_conv_inst/FSM_sequential_w_state_reg[2]
  -------------------------------------------------------------------
                         required time                          8.543    
                         arrival time                          -7.287    
  -------------------------------------------------------------------
                         slack                                  1.256    

Slack (MET) :             1.274ns  (required time - arrival time)
  Source:                 design_1_i/processing_system7_0/inst/PS7_i/MAXIGP0ACLK
                            (rising edge-triggered cell PS7 clocked by clk_fpga_3  {rise@0.000ns fall@3.250ns period=6.499ns})
  Destination:            design_1_i/smartconnect_1/inst/s00_entry_pipeline/s00_si_converter/inst/gen_axilite_conv.axilite_conv_inst/aw_addr_reg[1]/CE
                            (rising edge-triggered cell FDRE clocked by clk_fpga_3  {rise@0.000ns fall@3.250ns period=6.499ns})
  Path Group:             clk_fpga_3
  Path Type:              Setup (Max at Slow Process Corner)
  Requirement:            6.499ns  (clk_fpga_3 rise@6.499ns - clk_fpga_3 rise@0.000ns)
  Data Path Delay:        4.880ns  (logic 1.700ns (34.835%)  route 3.180ns (65.165%))
  Logic Levels:           7  (LUT2=1 LUT4=2 LUT6=4)
  Clock Path Skew:        -0.122ns (DCD - SCD + CPR)
    Destination Clock Delay (DCD):    2.009ns = ( 8.508 - 6.499 ) 
    Source Clock Delay      (SCD):    2.303ns
    Clock Pessimism Removal (CPR):    0.172ns
  Clock Uncertainty:      0.104ns  ((TSJ^2 + TIJ^2)^1/2 + DJ) / 2 + PE
    Total System Jitter     (TSJ):    0.071ns
    Total Input Jitter      (TIJ):    0.195ns
    Discrete Jitter          (DJ):    0.000ns
    Phase Error              (PE):    0.000ns

    Location             Delay type                Incr(ns)  Path(ns)    Netlist Resource(s)
  -------------------------------------------------------------------    -------------------
                         (clock clk_fpga_3 rise edge)
                                                      0.000     0.000 r  
    PS7_X0Y0             PS7                          0.000     0.000 r  design_1_i/processing_system7_0/inst/PS7_i/FCLKCLK[3]
                         net (fo=1, routed)           0.874     0.874    design_1_i/processing_system7_0/inst/FCLK_CLK_unbuffered[3]
    BUFGCTRL_X0Y0        BUFG (Prop_bufg_I_O)         0.079     0.953 r  design_1_i/processing_system7_0/inst/buffer_fclk_clk_3.FCLK_CLK_3_BUFG/O
                         net (fo=3540, routed)        1.350     2.303    design_1_i/processing_system7_0/inst/M_AXI_GP0_ACLK
    PS7_X0Y0             PS7                                          r  design_1_i/processing_system7_0/inst/PS7_i/MAXIGP0ACLK
  -------------------------------------------------------------------    -------------------
    PS7_X0Y0             PS7 (Prop_ps7_MAXIGP0ACLK_MAXIGP0AWLEN[2])
                                                      0.863     3.166 f  design_1_i/processing_system7_0/inst/PS7_i/MAXIGP0AWLEN[2]
                         net (fo=1, routed)           0.570     3.737    design_1_i/smartconnect_1/inst/s00_entry_pipeline/s00_mmu/inst/aw_reg_stall/s_axi_awlen[2]
    SLICE_X1Y43          LUT4 (Prop_lut4_I2_O)        0.097     3.834 f  design_1_i/smartconnect_1/inst/s00_entry_pipeline/s00_mmu/inst/aw_reg_stall/m_axi_awvalid_INST_0_i_5/O
                         net (fo=1, routed)           0.552     4.386    design_1_i/smartconnect_1/inst/s00_entry_pipeline/s00_mmu/inst/aw_reg_stall/m_axi_awvalid_INST_0_i_5_n_0
    SLICE_X1Y49          LUT4 (Prop_lut4_I1_O)        0.097     4.483 f  design_1_i/smartconnect_1/inst/s00_entry_pipeline/s00_mmu/inst/aw_reg_stall/m_axi_awvalid_INST_0_i_4/O
                         net (fo=6, routed)           0.434     4.917    design_1_i/smartconnect_1/inst/s00_entry_pipeline/s00_mmu/inst/aw_reg_stall_n_1
    SLICE_X2Y47          LUT6 (Prop_lut6_I5_O)        0.097     5.014 f  design_1_i/smartconnect_1/inst/s00_entry_pipeline/s00_mmu/inst/m_axi_awvalid_INST_0_i_1/O
                         net (fo=1, routed)           0.204     5.219    design_1_i/smartconnect_1/inst/s00_entry_pipeline/s00_mmu/inst/aw_reg_stall/gen_endpoint.w_trigger_decerr
    SLICE_X3Y49          LUT6 (Prop_lut6_I3_O)        0.097     5.316 r  design_1_i/smartconnect_1/inst/s00_entry_pipeline/s00_mmu/inst/aw_reg_stall/m_axi_awvalid_INST_0/O
                         net (fo=3, routed)           0.376     5.692    design_1_i/smartconnect_1/inst/s00_entry_pipeline/s00_transaction_regulator/inst/gen_endpoint.gen_w_singleorder.w_singleorder/s_axi_awvalid
    SLICE_X5Y49          LUT2 (Prop_lut2_I0_O)        0.105     5.797 r  design_1_i/smartconnect_1/inst/s00_entry_pipeline/s00_transaction_regulator/inst/gen_endpoint.gen_w_singleorder.w_singleorder/m_axi_awvalid_INST_0/O
                         net (fo=9, routed)           0.408     6.204    design_1_i/smartconnect_1/inst/s00_entry_pipeline/s00_si_converter/inst/gen_axilite_conv.axilite_conv_inst/s_axi_awvalid
    SLICE_X6Y49          LUT6 (Prop_lut6_I3_O)        0.247     6.451 r  design_1_i/smartconnect_1/inst/s00_entry_pipeline/s00_si_converter/inst/gen_axilite_conv.axilite_conv_inst/aw_addr[8]_i_5/O
                         net (fo=1, routed)           0.291     6.742    design_1_i/smartconnect_1/inst/s00_entry_pipeline/s00_si_converter/inst/gen_axilite_conv.axilite_conv_inst/aw_addr[8]_i_5_n_0
    SLICE_X6Y48          LUT6 (Prop_lut6_I4_O)        0.097     6.839 r  design_1_i/smartconnect_1/inst/s00_entry_pipeline/s00_si_converter/inst/gen_axilite_conv.axilite_conv_inst/aw_addr[8]_i_1/O
                         net (fo=9, routed)           0.344     7.183    design_1_i/smartconnect_1/inst/s00_entry_pipeline/s00_si_converter/inst/gen_axilite_conv.axilite_conv_inst/aw_addr[8]_i_1_n_0
    SLICE_X6Y46          FDRE                                         r  design_1_i/smartconnect_1/inst/s00_entry_pipeline/s00_si_converter/inst/gen_axilite_conv.axilite_conv_inst/aw_addr_reg[1]/CE
  -------------------------------------------------------------------    -------------------

                         (clock clk_fpga_3 rise edge)
                                                      6.499     6.499 r  
    PS7_X0Y0             PS7                          0.000     6.499 r  design_1_i/processing_system7_0/inst/PS7_i/FCLKCLK[3]
                         net (fo=1, routed)           0.795     7.294    design_1_i/processing_system7_0/inst/FCLK_CLK_unbuffered[3]
    BUFGCTRL_X0Y0        BUFG (Prop_bufg_I_O)         0.072     7.366 r  design_1_i/processing_system7_0/inst/buffer_fclk_clk_3.FCLK_CLK_3_BUFG/O
                         net (fo=3540, routed)        1.142     8.508    design_1_i/smartconnect_1/inst/s00_entry_pipeline/s00_si_converter/inst/gen_axilite_conv.axilite_conv_inst/aclk
    SLICE_X6Y46          FDRE                                         r  design_1_i/smartconnect_1/inst/s00_entry_pipeline/s00_si_converter/inst/gen_axilite_conv.axilite_conv_inst/aw_addr_reg[1]/C
                         clock pessimism              0.172     8.680    
                         clock uncertainty           -0.104     8.576    
    SLICE_X6Y46          FDRE (Setup_fdre_C_CE)      -0.119     8.457    design_1_i/smartconnect_1/inst/s00_entry_pipeline/s00_si_converter/inst/gen_axilite_conv.axilite_conv_inst/aw_addr_reg[1]
  -------------------------------------------------------------------
                         required time                          8.457    
                         arrival time                          -7.183    
  -------------------------------------------------------------------
                         slack                                  1.274    





Min Delay Paths
--------------------------------------------------------------------------------------
Slack (MET) :             0.059ns  (arrival time - required time)
  Source:                 design_1_i/axi_vdma_0/U0/GEN_SPRT_FOR_MM2S.ADDR32.I_MM2S_DMA_MNGR/I_CMDSTS/s_axis_cmd_tdata_reg[11]/C
                            (rising edge-triggered cell FDRE clocked by clk_fpga_3  {rise@0.000ns fall@3.250ns period=6.499ns})
  Destination:            design_1_i/axi_vdma_0/U0/I_PRMRY_DATAMOVER/GEN_MM2S_FULL.I_MM2S_FULL_WRAPPER/I_CMD_STATUS/I_CMD_FIFO/USE_SRL_FIFO.I_SYNC_FIFO/I_SRL_FIFO_RBU_F/DYNSHREG_F_I/INFERRED_GEN.data_reg[3][56]_srl4/D
                            (rising edge-triggered cell SRL16E clocked by clk_fpga_3  {rise@0.000ns fall@3.250ns period=6.499ns})
  Path Group:             clk_fpga_3
  Path Type:              Hold (Min at Fast Process Corner)
  Requirement:            0.000ns  (clk_fpga_3 rise@0.000ns - clk_fpga_3 rise@0.000ns)
  Data Path Delay:        0.276ns  (logic 0.164ns (59.341%)  route 0.112ns (40.659%))
  Logic Levels:           0  
  Clock Path Skew:        0.034ns (DCD - SCD - CPR)
    Destination Clock Delay (DCD):    1.195ns
    Source Clock Delay      (SCD):    0.899ns
    Clock Pessimism Removal (CPR):    0.262ns

    Location             Delay type                Incr(ns)  Path(ns)    Netlist Resource(s)
  -------------------------------------------------------------------    -------------------
                         (clock clk_fpga_3 rise edge)
                                                      0.000     0.000 r  
    PS7_X0Y0             PS7                          0.000     0.000 r  design_1_i/processing_system7_0/inst/PS7_i/FCLKCLK[3]
                         net (fo=1, routed)           0.315     0.315    design_1_i/processing_system7_0/inst/FCLK_CLK_unbuffered[3]
    BUFGCTRL_X0Y0        BUFG (Prop_bufg_I_O)         0.026     0.341 r  design_1_i/processing_system7_0/inst/buffer_fclk_clk_3.FCLK_CLK_3_BUFG/O
                         net (fo=3540, routed)        0.558     0.899    design_1_i/axi_vdma_0/U0/GEN_SPRT_FOR_MM2S.ADDR32.I_MM2S_DMA_MNGR/I_CMDSTS/m_axi_mm2s_aclk
    SLICE_X6Y19          FDRE                                         r  design_1_i/axi_vdma_0/U0/GEN_SPRT_FOR_MM2S.ADDR32.I_MM2S_DMA_MNGR/I_CMDSTS/s_axis_cmd_tdata_reg[11]/C
  -------------------------------------------------------------------    -------------------
    SLICE_X6Y19          FDRE (Prop_fdre_C_Q)         0.164     1.062 r  design_1_i/axi_vdma_0/U0/GEN_SPRT_FOR_MM2S.ADDR32.I_MM2S_DMA_MNGR/I_CMDSTS/s_axis_cmd_tdata_reg[11]/Q
                         net (fo=1, routed)           0.112     1.175    design_1_i/axi_vdma_0/U0/I_PRMRY_DATAMOVER/GEN_MM2S_FULL.I_MM2S_FULL_WRAPPER/I_CMD_STATUS/I_CMD_FIFO/USE_SRL_FIFO.I_SYNC_FIFO/I_SRL_FIFO_RBU_F/DYNSHREG_F_I/in[11]
    SLICE_X8Y18          SRL16E                                       r  design_1_i/axi_vdma_0/U0/I_PRMRY_DATAMOVER/GEN_MM2S_FULL.I_MM2S_FULL_WRAPPER/I_CMD_STATUS/I_CMD_FIFO/USE_SRL_FIFO.I_SYNC_FIFO/I_SRL_FIFO_RBU_F/DYNSHREG_F_I/INFERRED_GEN.data_reg[3][56]_srl4/D
  -------------------------------------------------------------------    -------------------

                         (clock clk_fpga_3 rise edge)
                                                      0.000     0.000 r  
    PS7_X0Y0             PS7                          0.000     0.000 r  design_1_i/processing_system7_0/inst/PS7_i/FCLKCLK[3]
                         net (fo=1, routed)           0.341     0.341    design_1_i/processing_system7_0/inst/FCLK_CLK_unbuffered[3]
    BUFGCTRL_X0Y0        BUFG (Prop_bufg_I_O)         0.029     0.370 r  design_1_i/processing_system7_0/inst/buffer_fclk_clk_3.FCLK_CLK_3_BUFG/O
                         net (fo=3540, routed)        0.825     1.195    design_1_i/axi_vdma_0/U0/I_PRMRY_DATAMOVER/GEN_MM2S_FULL.I_MM2S_FULL_WRAPPER/I_CMD_STATUS/I_CMD_FIFO/USE_SRL_FIFO.I_SYNC_FIFO/I_SRL_FIFO_RBU_F/DYNSHREG_F_I/m_axi_mm2s_aclk
    SLICE_X8Y18          SRL16E                                       r  design_1_i/axi_vdma_0/U0/I_PRMRY_DATAMOVER/GEN_MM2S_FULL.I_MM2S_FULL_WRAPPER/I_CMD_STATUS/I_CMD_FIFO/USE_SRL_FIFO.I_SYNC_FIFO/I_SRL_FIFO_RBU_F/DYNSHREG_F_I/INFERRED_GEN.data_reg[3][56]_srl4/CLK
                         clock pessimism             -0.262     0.933    
    SLICE_X8Y18          SRL16E (Hold_srl16e_CLK_D)
                                                      0.183     1.116    design_1_i/axi_vdma_0/U0/I_PRMRY_DATAMOVER/GEN_MM2S_FULL.I_MM2S_FULL_WRAPPER/I_CMD_STATUS/I_CMD_FIFO/USE_SRL_FIFO.I_SYNC_FIFO/I_SRL_FIFO_RBU_F/DYNSHREG_F_I/INFERRED_GEN.data_reg[3][56]_srl4
  -------------------------------------------------------------------
                         required time                         -1.116    
                         arrival time                           1.175    
  -------------------------------------------------------------------
                         slack                                  0.059    

Slack (MET) :             0.067ns  (arrival time - required time)
  Source:                 design_1_i/smartconnect_0/inst/s00_nodes/s00_ar_node/inst/gen_normal.inst_mi_handler/gen_normal_area.inst_fifo_node_payld/gen_xpm_memory_fifo.inst_fifo/gen_mem_rep[0].inst_wr_addra/count_r_reg[1]/C
                            (rising edge-triggered cell FDRE clocked by clk_fpga_3  {rise@0.000ns fall@3.250ns period=6.499ns})
  Destination:            design_1_i/smartconnect_0/inst/s00_nodes/s00_ar_node/inst/gen_normal.inst_mi_handler/gen_normal_area.inst_fifo_node_payld/gen_xpm_memory_fifo.inst_fifo/gen_mem_rep[0].inst_xpm_memory/xpm_memory_base_inst/gen_wr_a.gen_word_narrow.mem_reg_0_31_120_125/RAMA/WADR1
                            (rising edge-triggered cell RAMD32 clocked by clk_fpga_3  {rise@0.000ns fall@3.250ns period=6.499ns})
  Path Group:             clk_fpga_3
  Path Type:              Hold (Min at Fast Process Corner)
  Requirement:            0.000ns  (clk_fpga_3 rise@0.000ns - clk_fpga_3 rise@0.000ns)
  Data Path Delay:        0.393ns  (logic 0.141ns (35.898%)  route 0.252ns (64.102%))
  Logic Levels:           0  
  Clock Path Skew:        0.017ns (DCD - SCD - CPR)
    Destination Clock Delay (DCD):    1.221ns
    Source Clock Delay      (SCD):    0.923ns
    Clock Pessimism Removal (CPR):    0.281ns

    Location             Delay type                Incr(ns)  Path(ns)    Netlist Resource(s)
  -------------------------------------------------------------------    -------------------
                         (clock clk_fpga_3 rise edge)
                                                      0.000     0.000 r  
    PS7_X0Y0             PS7                          0.000     0.000 r  design_1_i/processing_system7_0/inst/PS7_i/FCLKCLK[3]
                         net (fo=1, routed)           0.315     0.315    design_1_i/processing_system7_0/inst/FCLK_CLK_unbuffered[3]
    BUFGCTRL_X0Y0        BUFG (Prop_bufg_I_O)         0.026     0.341 r  design_1_i/processing_system7_0/inst/buffer_fclk_clk_3.FCLK_CLK_3_BUFG/O
                         net (fo=3540, routed)        0.582     0.923    design_1_i/smartconnect_0/inst/s00_nodes/s00_ar_node/inst/gen_normal.inst_mi_handler/gen_normal_area.inst_fifo_node_payld/gen_xpm_memory_fifo.inst_fifo/gen_mem_rep[0].inst_wr_addra/s_sc_aclk
    SLICE_X3Y12          FDRE                                         r  design_1_i/smartconnect_0/inst/s00_nodes/s00_ar_node/inst/gen_normal.inst_mi_handler/gen_normal_area.inst_fifo_node_payld/gen_xpm_memory_fifo.inst_fifo/gen_mem_rep[0].inst_wr_addra/count_r_reg[1]/C
  -------------------------------------------------------------------    -------------------
    SLICE_X3Y12          FDRE (Prop_fdre_C_Q)         0.141     1.064 r  design_1_i/smartconnect_0/inst/s00_nodes/s00_ar_node/inst/gen_normal.inst_mi_handler/gen_normal_area.inst_fifo_node_payld/gen_xpm_memory_fifo.inst_fifo/gen_mem_rep[0].inst_wr_addra/count_r_reg[1]/Q
                         net (fo=110, routed)         0.252     1.315    design_1_i/smartconnect_0/inst/s00_nodes/s00_ar_node/inst/gen_normal.inst_mi_handler/gen_normal_area.inst_fifo_node_payld/gen_xpm_memory_fifo.inst_fifo/gen_mem_rep[0].inst_xpm_memory/xpm_memory_base_inst/gen_wr_a.gen_word_narrow.mem_reg_0_31_120_125/ADDRD1
    SLICE_X4Y11          RAMD32                                       r  design_1_i/smartconnect_0/inst/s00_nodes/s00_ar_node/inst/gen_normal.inst_mi_handler/gen_normal_area.inst_fifo_node_payld/gen_xpm_memory_fifo.inst_fifo/gen_mem_rep[0].inst_xpm_memory/xpm_memory_base_inst/gen_wr_a.gen_word_narrow.mem_reg_0_31_120_125/RAMA/WADR1
  -------------------------------------------------------------------    -------------------

                         (clock clk_fpga_3 rise edge)
                                                      0.000     0.000 r  
    PS7_X0Y0             PS7                          0.000     0.000 r  design_1_i/processing_system7_0/inst/PS7_i/FCLKCLK[3]
                         net (fo=1, routed)           0.341     0.341    design_1_i/processing_system7_0/inst/FCLK_CLK_unbuffered[3]
    BUFGCTRL_X0Y0        BUFG (Prop_bufg_I_O)         0.029     0.370 r  design_1_i/processing_system7_0/inst/buffer_fclk_clk_3.FCLK_CLK_3_BUFG/O
                         net (fo=3540, routed)        0.851     1.221    design_1_i/smartconnect_0/inst/s00_nodes/s00_ar_node/inst/gen_normal.inst_mi_handler/gen_normal_area.inst_fifo_node_payld/gen_xpm_memory_fifo.inst_fifo/gen_mem_rep[0].inst_xpm_memory/xpm_memory_base_inst/gen_wr_a.gen_word_narrow.mem_reg_0_31_120_125/WCLK
    SLICE_X4Y11          RAMD32                                       r  design_1_i/smartconnect_0/inst/s00_nodes/s00_ar_node/inst/gen_normal.inst_mi_handler/gen_normal_area.inst_fifo_node_payld/gen_xpm_memory_fifo.inst_fifo/gen_mem_rep[0].inst_xpm_memory/xpm_memory_base_inst/gen_wr_a.gen_word_narrow.mem_reg_0_31_120_125/RAMA/CLK
                         clock pessimism             -0.281     0.940    
    SLICE_X4Y11          RAMD32 (Hold_ramd32_CLK_WADR1)
                                                      0.309     1.249    design_1_i/smartconnect_0/inst/s00_nodes/s00_ar_node/inst/gen_normal.inst_mi_handler/gen_normal_area.inst_fifo_node_payld/gen_xpm_memory_fifo.inst_fifo/gen_mem_rep[0].inst_xpm_memory/xpm_memory_base_inst/gen_wr_a.gen_word_narrow.mem_reg_0_31_120_125/RAMA
  -------------------------------------------------------------------
                         required time                         -1.249    
                         arrival time                           1.315    
  -------------------------------------------------------------------
                         slack                                  0.067    

Slack (MET) :             0.067ns  (arrival time - required time)
  Source:                 design_1_i/smartconnect_0/inst/s00_nodes/s00_ar_node/inst/gen_normal.inst_mi_handler/gen_normal_area.inst_fifo_node_payld/gen_xpm_memory_fifo.inst_fifo/gen_mem_rep[0].inst_wr_addra/count_r_reg[1]/C
                            (rising edge-triggered cell FDRE clocked by clk_fpga_3  {rise@0.000ns fall@3.250ns period=6.499ns})
  Destination:            design_1_i/smartconnect_0/inst/s00_nodes/s00_ar_node/inst/gen_normal.inst_mi_handler/gen_normal_area.inst_fifo_node_payld/gen_xpm_memory_fifo.inst_fifo/gen_mem_rep[0].inst_xpm_memory/xpm_memory_base_inst/gen_wr_a.gen_word_narrow.mem_reg_0_31_120_125/RAMA_D1/WADR1
                            (rising edge-triggered cell RAMD32 clocked by clk_fpga_3  {rise@0.000ns fall@3.250ns period=6.499ns})
  Path Group:             clk_fpga_3
  Path Type:              Hold (Min at Fast Process Corner)
  Requirement:            0.000ns  (clk_fpga_3 rise@0.000ns - clk_fpga_3 rise@0.000ns)
  Data Path Delay:        0.393ns  (logic 0.141ns (35.898%)  route 0.252ns (64.102%))
  Logic Levels:           0  
  Clock Path Skew:        0.017ns (DCD - SCD - CPR)
    Destination Clock Delay (DCD):    1.221ns
    Source Clock Delay      (SCD):    0.923ns
    Clock Pessimism Removal (CPR):    0.281ns

    Location             Delay type                Incr(ns)  Path(ns)    Netlist Resource(s)
  -------------------------------------------------------------------    -------------------
                         (clock clk_fpga_3 rise edge)
                                                      0.000     0.000 r  
    PS7_X0Y0             PS7                          0.000     0.000 r  design_1_i/processing_system7_0/inst/PS7_i/FCLKCLK[3]
                         net (fo=1, routed)           0.315     0.315    design_1_i/processing_system7_0/inst/FCLK_CLK_unbuffered[3]
    BUFGCTRL_X0Y0        BUFG (Prop_bufg_I_O)         0.026     0.341 r  design_1_i/processing_system7_0/inst/buffer_fclk_clk_3.FCLK_CLK_3_BUFG/O
                         net (fo=3540, routed)        0.582     0.923    design_1_i/smartconnect_0/inst/s00_nodes/s00_ar_node/inst/gen_normal.inst_mi_handler/gen_normal_area.inst_fifo_node_payld/gen_xpm_memory_fifo.inst_fifo/gen_mem_rep[0].inst_wr_addra/s_sc_aclk
    SLICE_X3Y12          FDRE                                         r  design_1_i/smartconnect_0/inst/s00_nodes/s00_ar_node/inst/gen_normal.inst_mi_handler/gen_normal_area.inst_fifo_node_payld/gen_xpm_memory_fifo.inst_fifo/gen_mem_rep[0].inst_wr_addra/count_r_reg[1]/C
  -------------------------------------------------------------------    -------------------
    SLICE_X3Y12          FDRE (Prop_fdre_C_Q)         0.141     1.064 r  design_1_i/smartconnect_0/inst/s00_nodes/s00_ar_node/inst/gen_normal.inst_mi_handler/gen_normal_area.inst_fifo_node_payld/gen_xpm_memory_fifo.inst_fifo/gen_mem_rep[0].inst_wr_addra/count_r_reg[1]/Q
                         net (fo=110, routed)         0.252     1.315    design_1_i/smartconnect_0/inst/s00_nodes/s00_ar_node/inst/gen_normal.inst_mi_handler/gen_normal_area.inst_fifo_node_payld/gen_xpm_memory_fifo.inst_fifo/gen_mem_rep[0].inst_xpm_memory/xpm_memory_base_inst/gen_wr_a.gen_word_narrow.mem_reg_0_31_120_125/ADDRD1
    SLICE_X4Y11          RAMD32                                       r  design_1_i/smartconnect_0/inst/s00_nodes/s00_ar_node/inst/gen_normal.inst_mi_handler/gen_normal_area.inst_fifo_node_payld/gen_xpm_memory_fifo.inst_fifo/gen_mem_rep[0].inst_xpm_memory/xpm_memory_base_inst/gen_wr_a.gen_word_narrow.mem_reg_0_31_120_125/RAMA_D1/WADR1
  -------------------------------------------------------------------    -------------------

                         (clock clk_fpga_3 rise edge)
                                                      0.000     0.000 r  
    PS7_X0Y0             PS7                          0.000     0.000 r  design_1_i/processing_system7_0/inst/PS7_i/FCLKCLK[3]
                         net (fo=1, routed)           0.341     0.341    design_1_i/processing_system7_0/inst/FCLK_CLK_unbuffered[3]
    BUFGCTRL_X0Y0        BUFG (Prop_bufg_I_O)         0.029     0.370 r  design_1_i/processing_system7_0/inst/buffer_fclk_clk_3.FCLK_CLK_3_BUFG/O
                         net (fo=3540, routed)        0.851     1.221    design_1_i/smartconnect_0/inst/s00_nodes/s00_ar_node/inst/gen_normal.inst_mi_handler/gen_normal_area.inst_fifo_node_payld/gen_xpm_memory_fifo.inst_fifo/gen_mem_rep[0].inst_xpm_memory/xpm_memory_base_inst/gen_wr_a.gen_word_narrow.mem_reg_0_31_120_125/WCLK
    SLICE_X4Y11          RAMD32                                       r  design_1_i/smartconnect_0/inst/s00_nodes/s00_ar_node/inst/gen_normal.inst_mi_handler/gen_normal_area.inst_fifo_node_payld/gen_xpm_memory_fifo.inst_fifo/gen_mem_rep[0].inst_xpm_memory/xpm_memory_base_inst/gen_wr_a.gen_word_narrow.mem_reg_0_31_120_125/RAMA_D1/CLK
                         clock pessimism             -0.281     0.940    
    SLICE_X4Y11          RAMD32 (Hold_ramd32_CLK_WADR1)
                                                      0.309     1.249    design_1_i/smartconnect_0/inst/s00_nodes/s00_ar_node/inst/gen_normal.inst_mi_handler/gen_normal_area.inst_fifo_node_payld/gen_xpm_memory_fifo.inst_fifo/gen_mem_rep[0].inst_xpm_memory/xpm_memory_base_inst/gen_wr_a.gen_word_narrow.mem_reg_0_31_120_125/RAMA_D1
  -------------------------------------------------------------------
                         required time                         -1.249    
                         arrival time                           1.315    
  -------------------------------------------------------------------
                         slack                                  0.067    

Slack (MET) :             0.067ns  (arrival time - required time)
  Source:                 design_1_i/smartconnect_0/inst/s00_nodes/s00_ar_node/inst/gen_normal.inst_mi_handler/gen_normal_area.inst_fifo_node_payld/gen_xpm_memory_fifo.inst_fifo/gen_mem_rep[0].inst_wr_addra/count_r_reg[1]/C
                            (rising edge-triggered cell FDRE clocked by clk_fpga_3  {rise@0.000ns fall@3.250ns period=6.499ns})
  Destination:            design_1_i/smartconnect_0/inst/s00_nodes/s00_ar_node/inst/gen_normal.inst_mi_handler/gen_normal_area.inst_fifo_node_payld/gen_xpm_memory_fifo.inst_fifo/gen_mem_rep[0].inst_xpm_memory/xpm_memory_base_inst/gen_wr_a.gen_word_narrow.mem_reg_0_31_120_125/RAMB/WADR1
                            (rising edge-triggered cell RAMD32 clocked by clk_fpga_3  {rise@0.000ns fall@3.250ns period=6.499ns})
  Path Group:             clk_fpga_3
  Path Type:              Hold (Min at Fast Process Corner)
  Requirement:            0.000ns  (clk_fpga_3 rise@0.000ns - clk_fpga_3 rise@0.000ns)
  Data Path Delay:        0.393ns  (logic 0.141ns (35.898%)  route 0.252ns (64.102%))
  Logic Levels:           0  
  Clock Path Skew:        0.017ns (DCD - SCD - CPR)
    Destination Clock Delay (DCD):    1.221ns
    Source Clock Delay      (SCD):    0.923ns
    Clock Pessimism Removal (CPR):    0.281ns

    Location             Delay type                Incr(ns)  Path(ns)    Netlist Resource(s)
  -------------------------------------------------------------------    -------------------
                         (clock clk_fpga_3 rise edge)
                                                      0.000     0.000 r  
    PS7_X0Y0             PS7                          0.000     0.000 r  design_1_i/processing_system7_0/inst/PS7_i/FCLKCLK[3]
                         net (fo=1, routed)           0.315     0.315    design_1_i/processing_system7_0/inst/FCLK_CLK_unbuffered[3]
    BUFGCTRL_X0Y0        BUFG (Prop_bufg_I_O)         0.026     0.341 r  design_1_i/processing_system7_0/inst/buffer_fclk_clk_3.FCLK_CLK_3_BUFG/O
                         net (fo=3540, routed)        0.582     0.923    design_1_i/smartconnect_0/inst/s00_nodes/s00_ar_node/inst/gen_normal.inst_mi_handler/gen_normal_area.inst_fifo_node_payld/gen_xpm_memory_fifo.inst_fifo/gen_mem_rep[0].inst_wr_addra/s_sc_aclk
    SLICE_X3Y12          FDRE                                         r  design_1_i/smartconnect_0/inst/s00_nodes/s00_ar_node/inst/gen_normal.inst_mi_handler/gen_normal_area.inst_fifo_node_payld/gen_xpm_memory_fifo.inst_fifo/gen_mem_rep[0].inst_wr_addra/count_r_reg[1]/C
  -------------------------------------------------------------------    -------------------
    SLICE_X3Y12          FDRE (Prop_fdre_C_Q)         0.141     1.064 r  design_1_i/smartconnect_0/inst/s00_nodes/s00_ar_node/inst/gen_normal.inst_mi_handler/gen_normal_area.inst_fifo_node_payld/gen_xpm_memory_fifo.inst_fifo/gen_mem_rep[0].inst_wr_addra/count_r_reg[1]/Q
                         net (fo=110, routed)         0.252     1.315    design_1_i/smartconnect_0/inst/s00_nodes/s00_ar_node/inst/gen_normal.inst_mi_handler/gen_normal_area.inst_fifo_node_payld/gen_xpm_memory_fifo.inst_fifo/gen_mem_rep[0].inst_xpm_memory/xpm_memory_base_inst/gen_wr_a.gen_word_narrow.mem_reg_0_31_120_125/ADDRD1
    SLICE_X4Y11          RAMD32                                       r  design_1_i/smartconnect_0/inst/s00_nodes/s00_ar_node/inst/gen_normal.inst_mi_handler/gen_normal_area.inst_fifo_node_payld/gen_xpm_memory_fifo.inst_fifo/gen_mem_rep[0].inst_xpm_memory/xpm_memory_base_inst/gen_wr_a.gen_word_narrow.mem_reg_0_31_120_125/RAMB/WADR1
  -------------------------------------------------------------------    -------------------

                         (clock clk_fpga_3 rise edge)
                                                      0.000     0.000 r  
    PS7_X0Y0             PS7                          0.000     0.000 r  design_1_i/processing_system7_0/inst/PS7_i/FCLKCLK[3]
                         net (fo=1, routed)           0.341     0.341    design_1_i/processing_system7_0/inst/FCLK_CLK_unbuffered[3]
    BUFGCTRL_X0Y0        BUFG (Prop_bufg_I_O)         0.029     0.370 r  design_1_i/processing_system7_0/inst/buffer_fclk_clk_3.FCLK_CLK_3_BUFG/O
                         net (fo=3540, routed)        0.851     1.221    design_1_i/smartconnect_0/inst/s00_nodes/s00_ar_node/inst/gen_normal.inst_mi_handler/gen_normal_area.inst_fifo_node_payld/gen_xpm_memory_fifo.inst_fifo/gen_mem_rep[0].inst_xpm_memory/xpm_memory_base_inst/gen_wr_a.gen_word_narrow.mem_reg_0_31_120_125/WCLK
    SLICE_X4Y11          RAMD32                                       r  design_1_i/smartconnect_0/inst/s00_nodes/s00_ar_node/inst/gen_normal.inst_mi_handler/gen_normal_area.inst_fifo_node_payld/gen_xpm_memory_fifo.inst_fifo/gen_mem_rep[0].inst_xpm_memory/xpm_memory_base_inst/gen_wr_a.gen_word_narrow.mem_reg_0_31_120_125/RAMB/CLK
                         clock pessimism             -0.281     0.940    
    SLICE_X4Y11          RAMD32 (Hold_ramd32_CLK_WADR1)
                                                      0.309     1.249    design_1_i/smartconnect_0/inst/s00_nodes/s00_ar_node/inst/gen_normal.inst_mi_handler/gen_normal_area.inst_fifo_node_payld/gen_xpm_memory_fifo.inst_fifo/gen_mem_rep[0].inst_xpm_memory/xpm_memory_base_inst/gen_wr_a.gen_word_narrow.mem_reg_0_31_120_125/RAMB
  -------------------------------------------------------------------
                         required time                         -1.249    
                         arrival time                           1.315    
  -------------------------------------------------------------------
                         slack                                  0.067    

Slack (MET) :             0.067ns  (arrival time - required time)
  Source:                 design_1_i/smartconnect_0/inst/s00_nodes/s00_ar_node/inst/gen_normal.inst_mi_handler/gen_normal_area.inst_fifo_node_payld/gen_xpm_memory_fifo.inst_fifo/gen_mem_rep[0].inst_wr_addra/count_r_reg[1]/C
                            (rising edge-triggered cell FDRE clocked by clk_fpga_3  {rise@0.000ns fall@3.250ns period=6.499ns})
  Destination:            design_1_i/smartconnect_0/inst/s00_nodes/s00_ar_node/inst/gen_normal.inst_mi_handler/gen_normal_area.inst_fifo_node_payld/gen_xpm_memory_fifo.inst_fifo/gen_mem_rep[0].inst_xpm_memory/xpm_memory_base_inst/gen_wr_a.gen_word_narrow.mem_reg_0_31_120_125/RAMB_D1/WADR1
                            (rising edge-triggered cell RAMD32 clocked by clk_fpga_3  {rise@0.000ns fall@3.250ns period=6.499ns})
  Path Group:             clk_fpga_3
  Path Type:              Hold (Min at Fast Process Corner)
  Requirement:            0.000ns  (clk_fpga_3 rise@0.000ns - clk_fpga_3 rise@0.000ns)
  Data Path Delay:        0.393ns  (logic 0.141ns (35.898%)  route 0.252ns (64.102%))
  Logic Levels:           0  
  Clock Path Skew:        0.017ns (DCD - SCD - CPR)
    Destination Clock Delay (DCD):    1.221ns
    Source Clock Delay      (SCD):    0.923ns
    Clock Pessimism Removal (CPR):    0.281ns

    Location             Delay type                Incr(ns)  Path(ns)    Netlist Resource(s)
  -------------------------------------------------------------------    -------------------
                         (clock clk_fpga_3 rise edge)
                                                      0.000     0.000 r  
    PS7_X0Y0             PS7                          0.000     0.000 r  design_1_i/processing_system7_0/inst/PS7_i/FCLKCLK[3]
                         net (fo=1, routed)           0.315     0.315    design_1_i/processing_system7_0/inst/FCLK_CLK_unbuffered[3]
    BUFGCTRL_X0Y0        BUFG (Prop_bufg_I_O)         0.026     0.341 r  design_1_i/processing_system7_0/inst/buffer_fclk_clk_3.FCLK_CLK_3_BUFG/O
                         net (fo=3540, routed)        0.582     0.923    design_1_i/smartconnect_0/inst/s00_nodes/s00_ar_node/inst/gen_normal.inst_mi_handler/gen_normal_area.inst_fifo_node_payld/gen_xpm_memory_fifo.inst_fifo/gen_mem_rep[0].inst_wr_addra/s_sc_aclk
    SLICE_X3Y12          FDRE                                         r  design_1_i/smartconnect_0/inst/s00_nodes/s00_ar_node/inst/gen_normal.inst_mi_handler/gen_normal_area.inst_fifo_node_payld/gen_xpm_memory_fifo.inst_fifo/gen_mem_rep[0].inst_wr_addra/count_r_reg[1]/C
  -------------------------------------------------------------------    -------------------
    SLICE_X3Y12          FDRE (Prop_fdre_C_Q)         0.141     1.064 r  design_1_i/smartconnect_0/inst/s00_nodes/s00_ar_node/inst/gen_normal.inst_mi_handler/gen_normal_area.inst_fifo_node_payld/gen_xpm_memory_fifo.inst_fifo/gen_mem_rep[0].inst_wr_addra/count_r_reg[1]/Q
                         net (fo=110, routed)         0.252     1.315    design_1_i/smartconnect_0/inst/s00_nodes/s00_ar_node/inst/gen_normal.inst_mi_handler/gen_normal_area.inst_fifo_node_payld/gen_xpm_memory_fifo.inst_fifo/gen_mem_rep[0].inst_xpm_memory/xpm_memory_base_inst/gen_wr_a.gen_word_narrow.mem_reg_0_31_120_125/ADDRD1
    SLICE_X4Y11          RAMD32                                       r  design_1_i/smartconnect_0/inst/s00_nodes/s00_ar_node/inst/gen_normal.inst_mi_handler/gen_normal_area.inst_fifo_node_payld/gen_xpm_memory_fifo.inst_fifo/gen_mem_rep[0].inst_xpm_memory/xpm_memory_base_inst/gen_wr_a.gen_word_narrow.mem_reg_0_31_120_125/RAMB_D1/WADR1
  -------------------------------------------------------------------    -------------------

                         (clock clk_fpga_3 rise edge)
                                                      0.000     0.000 r  
    PS7_X0Y0             PS7                          0.000     0.000 r  design_1_i/processing_system7_0/inst/PS7_i/FCLKCLK[3]
                         net (fo=1, routed)           0.341     0.341    design_1_i/processing_system7_0/inst/FCLK_CLK_unbuffered[3]
    BUFGCTRL_X0Y0        BUFG (Prop_bufg_I_O)         0.029     0.370 r  design_1_i/processing_system7_0/inst/buffer_fclk_clk_3.FCLK_CLK_3_BUFG/O
                         net (fo=3540, routed)        0.851     1.221    design_1_i/smartconnect_0/inst/s00_nodes/s00_ar_node/inst/gen_normal.inst_mi_handler/gen_normal_area.inst_fifo_node_payld/gen_xpm_memory_fifo.inst_fifo/gen_mem_rep[0].inst_xpm_memory/xpm_memory_base_inst/gen_wr_a.gen_word_narrow.mem_reg_0_31_120_125/WCLK
    SLICE_X4Y11          RAMD32                                       r  design_1_i/smartconnect_0/inst/s00_nodes/s00_ar_node/inst/gen_normal.inst_mi_handler/gen_normal_area.inst_fifo_node_payld/gen_xpm_memory_fifo.inst_fifo/gen_mem_rep[0].inst_xpm_memory/xpm_memory_base_inst/gen_wr_a.gen_word_narrow.mem_reg_0_31_120_125/RAMB_D1/CLK
                         clock pessimism             -0.281     0.940    
    SLICE_X4Y11          RAMD32 (Hold_ramd32_CLK_WADR1)
                                                      0.309     1.249    design_1_i/smartconnect_0/inst/s00_nodes/s00_ar_node/inst/gen_normal.inst_mi_handler/gen_normal_area.inst_fifo_node_payld/gen_xpm_memory_fifo.inst_fifo/gen_mem_rep[0].inst_xpm_memory/xpm_memory_base_inst/gen_wr_a.gen_word_narrow.mem_reg_0_31_120_125/RAMB_D1
  -------------------------------------------------------------------
                         required time                         -1.249    
                         arrival time                           1.315    
  -------------------------------------------------------------------
                         slack                                  0.067    

Slack (MET) :             0.067ns  (arrival time - required time)
  Source:                 design_1_i/smartconnect_0/inst/s00_nodes/s00_ar_node/inst/gen_normal.inst_mi_handler/gen_normal_area.inst_fifo_node_payld/gen_xpm_memory_fifo.inst_fifo/gen_mem_rep[0].inst_wr_addra/count_r_reg[1]/C
                            (rising edge-triggered cell FDRE clocked by clk_fpga_3  {rise@0.000ns fall@3.250ns period=6.499ns})
  Destination:            design_1_i/smartconnect_0/inst/s00_nodes/s00_ar_node/inst/gen_normal.inst_mi_handler/gen_normal_area.inst_fifo_node_payld/gen_xpm_memory_fifo.inst_fifo/gen_mem_rep[0].inst_xpm_memory/xpm_memory_base_inst/gen_wr_a.gen_word_narrow.mem_reg_0_31_120_125/RAMC/WADR1
                            (rising edge-triggered cell RAMD32 clocked by clk_fpga_3  {rise@0.000ns fall@3.250ns period=6.499ns})
  Path Group:             clk_fpga_3
  Path Type:              Hold (Min at Fast Process Corner)
  Requirement:            0.000ns  (clk_fpga_3 rise@0.000ns - clk_fpga_3 rise@0.000ns)
  Data Path Delay:        0.393ns  (logic 0.141ns (35.898%)  route 0.252ns (64.102%))
  Logic Levels:           0  
  Clock Path Skew:        0.017ns (DCD - SCD - CPR)
    Destination Clock Delay (DCD):    1.221ns
    Source Clock Delay      (SCD):    0.923ns
    Clock Pessimism Removal (CPR):    0.281ns

    Location             Delay type                Incr(ns)  Path(ns)    Netlist Resource(s)
  -------------------------------------------------------------------    -------------------
                         (clock clk_fpga_3 rise edge)
                                                      0.000     0.000 r  
    PS7_X0Y0             PS7                          0.000     0.000 r  design_1_i/processing_system7_0/inst/PS7_i/FCLKCLK[3]
                         net (fo=1, routed)           0.315     0.315    design_1_i/processing_system7_0/inst/FCLK_CLK_unbuffered[3]
    BUFGCTRL_X0Y0        BUFG (Prop_bufg_I_O)         0.026     0.341 r  design_1_i/processing_system7_0/inst/buffer_fclk_clk_3.FCLK_CLK_3_BUFG/O
                         net (fo=3540, routed)        0.582     0.923    design_1_i/smartconnect_0/inst/s00_nodes/s00_ar_node/inst/gen_normal.inst_mi_handler/gen_normal_area.inst_fifo_node_payld/gen_xpm_memory_fifo.inst_fifo/gen_mem_rep[0].inst_wr_addra/s_sc_aclk
    SLICE_X3Y12          FDRE                                         r  design_1_i/smartconnect_0/inst/s00_nodes/s00_ar_node/inst/gen_normal.inst_mi_handler/gen_normal_area.inst_fifo_node_payld/gen_xpm_memory_fifo.inst_fifo/gen_mem_rep[0].inst_wr_addra/count_r_reg[1]/C
  -------------------------------------------------------------------    -------------------
    SLICE_X3Y12          FDRE (Prop_fdre_C_Q)         0.141     1.064 r  design_1_i/smartconnect_0/inst/s00_nodes/s00_ar_node/inst/gen_normal.inst_mi_handler/gen_normal_area.inst_fifo_node_payld/gen_xpm_memory_fifo.inst_fifo/gen_mem_rep[0].inst_wr_addra/count_r_reg[1]/Q
                         net (fo=110, routed)         0.252     1.315    design_1_i/smartconnect_0/inst/s00_nodes/s00_ar_node/inst/gen_normal.inst_mi_handler/gen_normal_area.inst_fifo_node_payld/gen_xpm_memory_fifo.inst_fifo/gen_mem_rep[0].inst_xpm_memory/xpm_memory_base_inst/gen_wr_a.gen_word_narrow.mem_reg_0_31_120_125/ADDRD1
    SLICE_X4Y11          RAMD32                                       r  design_1_i/smartconnect_0/inst/s00_nodes/s00_ar_node/inst/gen_normal.inst_mi_handler/gen_normal_area.inst_fifo_node_payld/gen_xpm_memory_fifo.inst_fifo/gen_mem_rep[0].inst_xpm_memory/xpm_memory_base_inst/gen_wr_a.gen_word_narrow.mem_reg_0_31_120_125/RAMC/WADR1
  -------------------------------------------------------------------    -------------------

                         (clock clk_fpga_3 rise edge)
                                                      0.000     0.000 r  
    PS7_X0Y0             PS7                          0.000     0.000 r  design_1_i/processing_system7_0/inst/PS7_i/FCLKCLK[3]
                         net (fo=1, routed)           0.341     0.341    design_1_i/processing_system7_0/inst/FCLK_CLK_unbuffered[3]
    BUFGCTRL_X0Y0        BUFG (Prop_bufg_I_O)         0.029     0.370 r  design_1_i/processing_system7_0/inst/buffer_fclk_clk_3.FCLK_CLK_3_BUFG/O
                         net (fo=3540, routed)        0.851     1.221    design_1_i/smartconnect_0/inst/s00_nodes/s00_ar_node/inst/gen_normal.inst_mi_handler/gen_normal_area.inst_fifo_node_payld/gen_xpm_memory_fifo.inst_fifo/gen_mem_rep[0].inst_xpm_memory/xpm_memory_base_inst/gen_wr_a.gen_word_narrow.mem_reg_0_31_120_125/WCLK
    SLICE_X4Y11          RAMD32                                       r  design_1_i/smartconnect_0/inst/s00_nodes/s00_ar_node/inst/gen_normal.inst_mi_handler/gen_normal_area.inst_fifo_node_payld/gen_xpm_memory_fifo.inst_fifo/gen_mem_rep[0].inst_xpm_memory/xpm_memory_base_inst/gen_wr_a.gen_word_narrow.mem_reg_0_31_120_125/RAMC/CLK
                         clock pessimism             -0.281     0.940    
    SLICE_X4Y11          RAMD32 (Hold_ramd32_CLK_WADR1)
                                                      0.309     1.249    design_1_i/smartconnect_0/inst/s00_nodes/s00_ar_node/inst/gen_normal.inst_mi_handler/gen_normal_area.inst_fifo_node_payld/gen_xpm_memory_fifo.inst_fifo/gen_mem_rep[0].inst_xpm_memory/xpm_memory_base_inst/gen_wr_a.gen_word_narrow.mem_reg_0_31_120_125/RAMC
  -------------------------------------------------------------------
                         required time                         -1.249    
                         arrival time                           1.315    
  -------------------------------------------------------------------
                         slack                                  0.067    

Slack (MET) :             0.067ns  (arrival time - required time)
  Source:                 design_1_i/smartconnect_0/inst/s00_nodes/s00_ar_node/inst/gen_normal.inst_mi_handler/gen_normal_area.inst_fifo_node_payld/gen_xpm_memory_fifo.inst_fifo/gen_mem_rep[0].inst_wr_addra/count_r_reg[1]/C
                            (rising edge-triggered cell FDRE clocked by clk_fpga_3  {rise@0.000ns fall@3.250ns period=6.499ns})
  Destination:            design_1_i/smartconnect_0/inst/s00_nodes/s00_ar_node/inst/gen_normal.inst_mi_handler/gen_normal_area.inst_fifo_node_payld/gen_xpm_memory_fifo.inst_fifo/gen_mem_rep[0].inst_xpm_memory/xpm_memory_base_inst/gen_wr_a.gen_word_narrow.mem_reg_0_31_120_125/RAMC_D1/WADR1
                            (rising edge-triggered cell RAMD32 clocked by clk_fpga_3  {rise@0.000ns fall@3.250ns period=6.499ns})
  Path Group:             clk_fpga_3
  Path Type:              Hold (Min at Fast Process Corner)
  Requirement:            0.000ns  (clk_fpga_3 rise@0.000ns - clk_fpga_3 rise@0.000ns)
  Data Path Delay:        0.393ns  (logic 0.141ns (35.898%)  route 0.252ns (64.102%))
  Logic Levels:           0  
  Clock Path Skew:        0.017ns (DCD - SCD - CPR)
    Destination Clock Delay (DCD):    1.221ns
    Source Clock Delay      (SCD):    0.923ns
    Clock Pessimism Removal (CPR):    0.281ns

    Location             Delay type                Incr(ns)  Path(ns)    Netlist Resource(s)
  -------------------------------------------------------------------    -------------------
                         (clock clk_fpga_3 rise edge)
                                                      0.000     0.000 r  
    PS7_X0Y0             PS7                          0.000     0.000 r  design_1_i/processing_system7_0/inst/PS7_i/FCLKCLK[3]
                         net (fo=1, routed)           0.315     0.315    design_1_i/processing_system7_0/inst/FCLK_CLK_unbuffered[3]
    BUFGCTRL_X0Y0        BUFG (Prop_bufg_I_O)         0.026     0.341 r  design_1_i/processing_system7_0/inst/buffer_fclk_clk_3.FCLK_CLK_3_BUFG/O
                         net (fo=3540, routed)        0.582     0.923    design_1_i/smartconnect_0/inst/s00_nodes/s00_ar_node/inst/gen_normal.inst_mi_handler/gen_normal_area.inst_fifo_node_payld/gen_xpm_memory_fifo.inst_fifo/gen_mem_rep[0].inst_wr_addra/s_sc_aclk
    SLICE_X3Y12          FDRE                                         r  design_1_i/smartconnect_0/inst/s00_nodes/s00_ar_node/inst/gen_normal.inst_mi_handler/gen_normal_area.inst_fifo_node_payld/gen_xpm_memory_fifo.inst_fifo/gen_mem_rep[0].inst_wr_addra/count_r_reg[1]/C
  -------------------------------------------------------------------    -------------------
    SLICE_X3Y12          FDRE (Prop_fdre_C_Q)         0.141     1.064 r  design_1_i/smartconnect_0/inst/s00_nodes/s00_ar_node/inst/gen_normal.inst_mi_handler/gen_normal_area.inst_fifo_node_payld/gen_xpm_memory_fifo.inst_fifo/gen_mem_rep[0].inst_wr_addra/count_r_reg[1]/Q
                         net (fo=110, routed)         0.252     1.315    design_1_i/smartconnect_0/inst/s00_nodes/s00_ar_node/inst/gen_normal.inst_mi_handler/gen_normal_area.inst_fifo_node_payld/gen_xpm_memory_fifo.inst_fifo/gen_mem_rep[0].inst_xpm_memory/xpm_memory_base_inst/gen_wr_a.gen_word_narrow.mem_reg_0_31_120_125/ADDRD1
    SLICE_X4Y11          RAMD32                                       r  design_1_i/smartconnect_0/inst/s00_nodes/s00_ar_node/inst/gen_normal.inst_mi_handler/gen_normal_area.inst_fifo_node_payld/gen_xpm_memory_fifo.inst_fifo/gen_mem_rep[0].inst_xpm_memory/xpm_memory_base_inst/gen_wr_a.gen_word_narrow.mem_reg_0_31_120_125/RAMC_D1/WADR1
  -------------------------------------------------------------------    -------------------

                         (clock clk_fpga_3 rise edge)
                                                      0.000     0.000 r  
    PS7_X0Y0             PS7                          0.000     0.000 r  design_1_i/processing_system7_0/inst/PS7_i/FCLKCLK[3]
                         net (fo=1, routed)           0.341     0.341    design_1_i/processing_system7_0/inst/FCLK_CLK_unbuffered[3]
    BUFGCTRL_X0Y0        BUFG (Prop_bufg_I_O)         0.029     0.370 r  design_1_i/processing_system7_0/inst/buffer_fclk_clk_3.FCLK_CLK_3_BUFG/O
                         net (fo=3540, routed)        0.851     1.221    design_1_i/smartconnect_0/inst/s00_nodes/s00_ar_node/inst/gen_normal.inst_mi_handler/gen_normal_area.inst_fifo_node_payld/gen_xpm_memory_fifo.inst_fifo/gen_mem_rep[0].inst_xpm_memory/xpm_memory_base_inst/gen_wr_a.gen_word_narrow.mem_reg_0_31_120_125/WCLK
    SLICE_X4Y11          RAMD32                                       r  design_1_i/smartconnect_0/inst/s00_nodes/s00_ar_node/inst/gen_normal.inst_mi_handler/gen_normal_area.inst_fifo_node_payld/gen_xpm_memory_fifo.inst_fifo/gen_mem_rep[0].inst_xpm_memory/xpm_memory_base_inst/gen_wr_a.gen_word_narrow.mem_reg_0_31_120_125/RAMC_D1/CLK
                         clock pessimism             -0.281     0.940    
    SLICE_X4Y11          RAMD32 (Hold_ramd32_CLK_WADR1)
                                                      0.309     1.249    design_1_i/smartconnect_0/inst/s00_nodes/s00_ar_node/inst/gen_normal.inst_mi_handler/gen_normal_area.inst_fifo_node_payld/gen_xpm_memory_fifo.inst_fifo/gen_mem_rep[0].inst_xpm_memory/xpm_memory_base_inst/gen_wr_a.gen_word_narrow.mem_reg_0_31_120_125/RAMC_D1
  -------------------------------------------------------------------
                         required time                         -1.249    
                         arrival time                           1.315    
  -------------------------------------------------------------------
                         slack                                  0.067    

Slack (MET) :             0.067ns  (arrival time - required time)
  Source:                 design_1_i/smartconnect_0/inst/s00_nodes/s00_ar_node/inst/gen_normal.inst_mi_handler/gen_normal_area.inst_fifo_node_payld/gen_xpm_memory_fifo.inst_fifo/gen_mem_rep[0].inst_wr_addra/count_r_reg[1]/C
                            (rising edge-triggered cell FDRE clocked by clk_fpga_3  {rise@0.000ns fall@3.250ns period=6.499ns})
  Destination:            design_1_i/smartconnect_0/inst/s00_nodes/s00_ar_node/inst/gen_normal.inst_mi_handler/gen_normal_area.inst_fifo_node_payld/gen_xpm_memory_fifo.inst_fifo/gen_mem_rep[0].inst_xpm_memory/xpm_memory_base_inst/gen_wr_a.gen_word_narrow.mem_reg_0_31_120_125/RAMD/ADR1
                            (rising edge-triggered cell RAMS32 clocked by clk_fpga_3  {rise@0.000ns fall@3.250ns period=6.499ns})
  Path Group:             clk_fpga_3
  Path Type:              Hold (Min at Fast Process Corner)
  Requirement:            0.000ns  (clk_fpga_3 rise@0.000ns - clk_fpga_3 rise@0.000ns)
  Data Path Delay:        0.393ns  (logic 0.141ns (35.898%)  route 0.252ns (64.102%))
  Logic Levels:           0  
  Clock Path Skew:        0.017ns (DCD - SCD - CPR)
    Destination Clock Delay (DCD):    1.221ns
    Source Clock Delay      (SCD):    0.923ns
    Clock Pessimism Removal (CPR):    0.281ns

    Location             Delay type                Incr(ns)  Path(ns)    Netlist Resource(s)
  -------------------------------------------------------------------    -------------------
                         (clock clk_fpga_3 rise edge)
                                                      0.000     0.000 r  
    PS7_X0Y0             PS7                          0.000     0.000 r  design_1_i/processing_system7_0/inst/PS7_i/FCLKCLK[3]
                         net (fo=1, routed)           0.315     0.315    design_1_i/processing_system7_0/inst/FCLK_CLK_unbuffered[3]
    BUFGCTRL_X0Y0        BUFG (Prop_bufg_I_O)         0.026     0.341 r  design_1_i/processing_system7_0/inst/buffer_fclk_clk_3.FCLK_CLK_3_BUFG/O
                         net (fo=3540, routed)        0.582     0.923    design_1_i/smartconnect_0/inst/s00_nodes/s00_ar_node/inst/gen_normal.inst_mi_handler/gen_normal_area.inst_fifo_node_payld/gen_xpm_memory_fifo.inst_fifo/gen_mem_rep[0].inst_wr_addra/s_sc_aclk
    SLICE_X3Y12          FDRE                                         r  design_1_i/smartconnect_0/inst/s00_nodes/s00_ar_node/inst/gen_normal.inst_mi_handler/gen_normal_area.inst_fifo_node_payld/gen_xpm_memory_fifo.inst_fifo/gen_mem_rep[0].inst_wr_addra/count_r_reg[1]/C
  -------------------------------------------------------------------    -------------------
    SLICE_X3Y12          FDRE (Prop_fdre_C_Q)         0.141     1.064 r  design_1_i/smartconnect_0/inst/s00_nodes/s00_ar_node/inst/gen_normal.inst_mi_handler/gen_normal_area.inst_fifo_node_payld/gen_xpm_memory_fifo.inst_fifo/gen_mem_rep[0].inst_wr_addra/count_r_reg[1]/Q
                         net (fo=110, routed)         0.252     1.315    design_1_i/smartconnect_0/inst/s00_nodes/s00_ar_node/inst/gen_normal.inst_mi_handler/gen_normal_area.inst_fifo_node_payld/gen_xpm_memory_fifo.inst_fifo/gen_mem_rep[0].inst_xpm_memory/xpm_memory_base_inst/gen_wr_a.gen_word_narrow.mem_reg_0_31_120_125/ADDRD1
    SLICE_X4Y11          RAMS32                                       r  design_1_i/smartconnect_0/inst/s00_nodes/s00_ar_node/inst/gen_normal.inst_mi_handler/gen_normal_area.inst_fifo_node_payld/gen_xpm_memory_fifo.inst_fifo/gen_mem_rep[0].inst_xpm_memory/xpm_memory_base_inst/gen_wr_a.gen_word_narrow.mem_reg_0_31_120_125/RAMD/ADR1
  -------------------------------------------------------------------    -------------------

                         (clock clk_fpga_3 rise edge)
                                                      0.000     0.000 r  
    PS7_X0Y0             PS7                          0.000     0.000 r  design_1_i/processing_system7_0/inst/PS7_i/FCLKCLK[3]
                         net (fo=1, routed)           0.341     0.341    design_1_i/processing_system7_0/inst/FCLK_CLK_unbuffered[3]
    BUFGCTRL_X0Y0        BUFG (Prop_bufg_I_O)         0.029     0.370 r  design_1_i/processing_system7_0/inst/buffer_fclk_clk_3.FCLK_CLK_3_BUFG/O
                         net (fo=3540, routed)        0.851     1.221    design_1_i/smartconnect_0/inst/s00_nodes/s00_ar_node/inst/gen_normal.inst_mi_handler/gen_normal_area.inst_fifo_node_payld/gen_xpm_memory_fifo.inst_fifo/gen_mem_rep[0].inst_xpm_memory/xpm_memory_base_inst/gen_wr_a.gen_word_narrow.mem_reg_0_31_120_125/WCLK
    SLICE_X4Y11          RAMS32                                       r  design_1_i/smartconnect_0/inst/s00_nodes/s00_ar_node/inst/gen_normal.inst_mi_handler/gen_normal_area.inst_fifo_node_payld/gen_xpm_memory_fifo.inst_fifo/gen_mem_rep[0].inst_xpm_memory/xpm_memory_base_inst/gen_wr_a.gen_word_narrow.mem_reg_0_31_120_125/RAMD/CLK
                         clock pessimism             -0.281     0.940    
    SLICE_X4Y11          RAMS32 (Hold_rams32_CLK_ADR1)
                                                      0.309     1.249    design_1_i/smartconnect_0/inst/s00_nodes/s00_ar_node/inst/gen_normal.inst_mi_handler/gen_normal_area.inst_fifo_node_payld/gen_xpm_memory_fifo.inst_fifo/gen_mem_rep[0].inst_xpm_memory/xpm_memory_base_inst/gen_wr_a.gen_word_narrow.mem_reg_0_31_120_125/RAMD
  -------------------------------------------------------------------
                         required time                         -1.249    
                         arrival time                           1.315    
  -------------------------------------------------------------------
                         slack                                  0.067    

Slack (MET) :             0.067ns  (arrival time - required time)
  Source:                 design_1_i/smartconnect_0/inst/s00_nodes/s00_ar_node/inst/gen_normal.inst_mi_handler/gen_normal_area.inst_fifo_node_payld/gen_xpm_memory_fifo.inst_fifo/gen_mem_rep[0].inst_wr_addra/count_r_reg[1]/C
                            (rising edge-triggered cell FDRE clocked by clk_fpga_3  {rise@0.000ns fall@3.250ns period=6.499ns})
  Destination:            design_1_i/smartconnect_0/inst/s00_nodes/s00_ar_node/inst/gen_normal.inst_mi_handler/gen_normal_area.inst_fifo_node_payld/gen_xpm_memory_fifo.inst_fifo/gen_mem_rep[0].inst_xpm_memory/xpm_memory_base_inst/gen_wr_a.gen_word_narrow.mem_reg_0_31_120_125/RAMD_D1/ADR1
                            (rising edge-triggered cell RAMS32 clocked by clk_fpga_3  {rise@0.000ns fall@3.250ns period=6.499ns})
  Path Group:             clk_fpga_3
  Path Type:              Hold (Min at Fast Process Corner)
  Requirement:            0.000ns  (clk_fpga_3 rise@0.000ns - clk_fpga_3 rise@0.000ns)
  Data Path Delay:        0.393ns  (logic 0.141ns (35.898%)  route 0.252ns (64.102%))
  Logic Levels:           0  
  Clock Path Skew:        0.017ns (DCD - SCD - CPR)
    Destination Clock Delay (DCD):    1.221ns
    Source Clock Delay      (SCD):    0.923ns
    Clock Pessimism Removal (CPR):    0.281ns

    Location             Delay type                Incr(ns)  Path(ns)    Netlist Resource(s)
  -------------------------------------------------------------------    -------------------
                         (clock clk_fpga_3 rise edge)
                                                      0.000     0.000 r  
    PS7_X0Y0             PS7                          0.000     0.000 r  design_1_i/processing_system7_0/inst/PS7_i/FCLKCLK[3]
                         net (fo=1, routed)           0.315     0.315    design_1_i/processing_system7_0/inst/FCLK_CLK_unbuffered[3]
    BUFGCTRL_X0Y0        BUFG (Prop_bufg_I_O)         0.026     0.341 r  design_1_i/processing_system7_0/inst/buffer_fclk_clk_3.FCLK_CLK_3_BUFG/O
                         net (fo=3540, routed)        0.582     0.923    design_1_i/smartconnect_0/inst/s00_nodes/s00_ar_node/inst/gen_normal.inst_mi_handler/gen_normal_area.inst_fifo_node_payld/gen_xpm_memory_fifo.inst_fifo/gen_mem_rep[0].inst_wr_addra/s_sc_aclk
    SLICE_X3Y12          FDRE                                         r  design_1_i/smartconnect_0/inst/s00_nodes/s00_ar_node/inst/gen_normal.inst_mi_handler/gen_normal_area.inst_fifo_node_payld/gen_xpm_memory_fifo.inst_fifo/gen_mem_rep[0].inst_wr_addra/count_r_reg[1]/C
  -------------------------------------------------------------------    -------------------
    SLICE_X3Y12          FDRE (Prop_fdre_C_Q)         0.141     1.064 r  design_1_i/smartconnect_0/inst/s00_nodes/s00_ar_node/inst/gen_normal.inst_mi_handler/gen_normal_area.inst_fifo_node_payld/gen_xpm_memory_fifo.inst_fifo/gen_mem_rep[0].inst_wr_addra/count_r_reg[1]/Q
                         net (fo=110, routed)         0.252     1.315    design_1_i/smartconnect_0/inst/s00_nodes/s00_ar_node/inst/gen_normal.inst_mi_handler/gen_normal_area.inst_fifo_node_payld/gen_xpm_memory_fifo.inst_fifo/gen_mem_rep[0].inst_xpm_memory/xpm_memory_base_inst/gen_wr_a.gen_word_narrow.mem_reg_0_31_120_125/ADDRD1
    SLICE_X4Y11          RAMS32                                       r  design_1_i/smartconnect_0/inst/s00_nodes/s00_ar_node/inst/gen_normal.inst_mi_handler/gen_normal_area.inst_fifo_node_payld/gen_xpm_memory_fifo.inst_fifo/gen_mem_rep[0].inst_xpm_memory/xpm_memory_base_inst/gen_wr_a.gen_word_narrow.mem_reg_0_31_120_125/RAMD_D1/ADR1
  -------------------------------------------------------------------    -------------------

                         (clock clk_fpga_3 rise edge)
                                                      0.000     0.000 r  
    PS7_X0Y0             PS7                          0.000     0.000 r  design_1_i/processing_system7_0/inst/PS7_i/FCLKCLK[3]
                         net (fo=1, routed)           0.341     0.341    design_1_i/processing_system7_0/inst/FCLK_CLK_unbuffered[3]
    BUFGCTRL_X0Y0        BUFG (Prop_bufg_I_O)         0.029     0.370 r  design_1_i/processing_system7_0/inst/buffer_fclk_clk_3.FCLK_CLK_3_BUFG/O
                         net (fo=3540, routed)        0.851     1.221    design_1_i/smartconnect_0/inst/s00_nodes/s00_ar_node/inst/gen_normal.inst_mi_handler/gen_normal_area.inst_fifo_node_payld/gen_xpm_memory_fifo.inst_fifo/gen_mem_rep[0].inst_xpm_memory/xpm_memory_base_inst/gen_wr_a.gen_word_narrow.mem_reg_0_31_120_125/WCLK
    SLICE_X4Y11          RAMS32                                       r  design_1_i/smartconnect_0/inst/s00_nodes/s00_ar_node/inst/gen_normal.inst_mi_handler/gen_normal_area.inst_fifo_node_payld/gen_xpm_memory_fifo.inst_fifo/gen_mem_rep[0].inst_xpm_memory/xpm_memory_base_inst/gen_wr_a.gen_word_narrow.mem_reg_0_31_120_125/RAMD_D1/CLK
                         clock pessimism             -0.281     0.940    
    SLICE_X4Y11          RAMS32 (Hold_rams32_CLK_ADR1)
                                                      0.309     1.249    design_1_i/smartconnect_0/inst/s00_nodes/s00_ar_node/inst/gen_normal.inst_mi_handler/gen_normal_area.inst_fifo_node_payld/gen_xpm_memory_fifo.inst_fifo/gen_mem_rep[0].inst_xpm_memory/xpm_memory_base_inst/gen_wr_a.gen_word_narrow.mem_reg_0_31_120_125/RAMD_D1
  -------------------------------------------------------------------
                         required time                         -1.249    
                         arrival time                           1.315    
  -------------------------------------------------------------------
                         slack                                  0.067    

Slack (MET) :             0.088ns  (arrival time - required time)
  Source:                 design_1_i/smartconnect_0/inst/m00_exit_pipeline/m00_exit/inst/exit_inst/gen_r_cmd_fifo.r_cmd_fifo/gen_pipelined.mesg_reg_reg[16]/C
                            (rising edge-triggered cell FDRE clocked by clk_fpga_3  {rise@0.000ns fall@3.250ns period=6.499ns})
  Destination:            design_1_i/smartconnect_0/inst/s00_nodes/s00_r_node/inst/gen_normal.inst_mi_handler/gen_normal_area.inst_fifo_node_payld/gen_xpm_memory_fifo.inst_fifo/gen_mem_rep[0].inst_xpm_memory/xpm_memory_base_inst/gen_wr_a.gen_word_narrow.mem_reg_0_31_12_17/RAMC/I
                            (rising edge-triggered cell RAMD32 clocked by clk_fpga_3  {rise@0.000ns fall@3.250ns period=6.499ns})
  Path Group:             clk_fpga_3
  Path Type:              Hold (Min at Fast Process Corner)
  Requirement:            0.000ns  (clk_fpga_3 rise@0.000ns - clk_fpga_3 rise@0.000ns)
  Data Path Delay:        0.248ns  (logic 0.141ns (56.775%)  route 0.107ns (43.225%))
  Logic Levels:           0  
  Clock Path Skew:        0.016ns (DCD - SCD - CPR)
    Destination Clock Delay (DCD):    1.204ns
    Source Clock Delay      (SCD):    0.907ns
    Clock Pessimism Removal (CPR):    0.281ns

    Location             Delay type                Incr(ns)  Path(ns)    Netlist Resource(s)
  -------------------------------------------------------------------    -------------------
                         (clock clk_fpga_3 rise edge)
                                                      0.000     0.000 r  
    PS7_X0Y0             PS7                          0.000     0.000 r  design_1_i/processing_system7_0/inst/PS7_i/FCLKCLK[3]
                         net (fo=1, routed)           0.315     0.315    design_1_i/processing_system7_0/inst/FCLK_CLK_unbuffered[3]
    BUFGCTRL_X0Y0        BUFG (Prop_bufg_I_O)         0.026     0.341 r  design_1_i/processing_system7_0/inst/buffer_fclk_clk_3.FCLK_CLK_3_BUFG/O
                         net (fo=3540, routed)        0.566     0.907    design_1_i/smartconnect_0/inst/m00_exit_pipeline/m00_exit/inst/exit_inst/gen_r_cmd_fifo.r_cmd_fifo/aclk
    SLICE_X11Y4          FDRE                                         r  design_1_i/smartconnect_0/inst/m00_exit_pipeline/m00_exit/inst/exit_inst/gen_r_cmd_fifo.r_cmd_fifo/gen_pipelined.mesg_reg_reg[16]/C
  -------------------------------------------------------------------    -------------------
    SLICE_X11Y4          FDRE (Prop_fdre_C_Q)         0.141     1.048 r  design_1_i/smartconnect_0/inst/m00_exit_pipeline/m00_exit/inst/exit_inst/gen_r_cmd_fifo.r_cmd_fifo/gen_pipelined.mesg_reg_reg[16]/Q
                         net (fo=1, routed)           0.107     1.155    design_1_i/smartconnect_0/inst/s00_nodes/s00_r_node/inst/gen_normal.inst_mi_handler/gen_normal_area.inst_fifo_node_payld/gen_xpm_memory_fifo.inst_fifo/gen_mem_rep[0].inst_xpm_memory/xpm_memory_base_inst/gen_wr_a.gen_word_narrow.mem_reg_0_31_12_17/DIC0
    SLICE_X10Y3          RAMD32                                       r  design_1_i/smartconnect_0/inst/s00_nodes/s00_r_node/inst/gen_normal.inst_mi_handler/gen_normal_area.inst_fifo_node_payld/gen_xpm_memory_fifo.inst_fifo/gen_mem_rep[0].inst_xpm_memory/xpm_memory_base_inst/gen_wr_a.gen_word_narrow.mem_reg_0_31_12_17/RAMC/I
  -------------------------------------------------------------------    -------------------

                         (clock clk_fpga_3 rise edge)
                                                      0.000     0.000 r  
    PS7_X0Y0             PS7                          0.000     0.000 r  design_1_i/processing_system7_0/inst/PS7_i/FCLKCLK[3]
                         net (fo=1, routed)           0.341     0.341    design_1_i/processing_system7_0/inst/FCLK_CLK_unbuffered[3]
    BUFGCTRL_X0Y0        BUFG (Prop_bufg_I_O)         0.029     0.370 r  design_1_i/processing_system7_0/inst/buffer_fclk_clk_3.FCLK_CLK_3_BUFG/O
                         net (fo=3540, routed)        0.834     1.204    design_1_i/smartconnect_0/inst/s00_nodes/s00_r_node/inst/gen_normal.inst_mi_handler/gen_normal_area.inst_fifo_node_payld/gen_xpm_memory_fifo.inst_fifo/gen_mem_rep[0].inst_xpm_memory/xpm_memory_base_inst/gen_wr_a.gen_word_narrow.mem_reg_0_31_12_17/WCLK
    SLICE_X10Y3          RAMD32                                       r  design_1_i/smartconnect_0/inst/s00_nodes/s00_r_node/inst/gen_normal.inst_mi_handler/gen_normal_area.inst_fifo_node_payld/gen_xpm_memory_fifo.inst_fifo/gen_mem_rep[0].inst_xpm_memory/xpm_memory_base_inst/gen_wr_a.gen_word_narrow.mem_reg_0_31_12_17/RAMC/CLK
                         clock pessimism             -0.281     0.923    
    SLICE_X10Y3          RAMD32 (Hold_ramd32_CLK_I)
                                                      0.144     1.066    design_1_i/smartconnect_0/inst/s00_nodes/s00_r_node/inst/gen_normal.inst_mi_handler/gen_normal_area.inst_fifo_node_payld/gen_xpm_memory_fifo.inst_fifo/gen_mem_rep[0].inst_xpm_memory/xpm_memory_base_inst/gen_wr_a.gen_word_narrow.mem_reg_0_31_12_17/RAMC
  -------------------------------------------------------------------
                         required time                         -1.067    
                         arrival time                           1.155    
  -------------------------------------------------------------------
                         slack                                  0.088    





Pulse Width Checks
--------------------------------------------------------------------------------------
Clock Name:         clk_fpga_3
Waveform(ns):       { 0.000 3.250 }
Period(ns):         6.499
Sources:            { design_1_i/processing_system7_0/inst/PS7_i/FCLKCLK[3] }

Check Type        Corner  Lib Pin             Reference Pin  Required(ns)  Actual(ns)  Slack(ns)  Location         Pin
Min Period        n/a     MMCME2_ADV/DCLK     n/a            4.999         6.499       1.500      MMCME2_ADV_X0Y0  design_1_i/axi_dynclk_0/U0/Inst_mmcme2_drp/mmcm_adv_inst/DCLK
Min Period        n/a     RAMB36E1/CLKARDCLK  n/a            2.234         6.499       4.265      RAMB36_X1Y1      design_1_i/axi_vdma_0/U0/GEN_SPRT_FOR_MM2S.MM2S_LINEBUFFER_I/GEN_LINEBUF_NO_SOF.GEN_LINEBUFFER.GEN_SYNC_FIFO.I_LINEBUFFER_FIFO/xpm_fifo_sync_inst/xpm_fifo_base_inst/gen_sdpram.xpm_memory_base_inst/gen_wr_a.gen_word_narrow.mem_reg/CLKARDCLK
Min Period        n/a     RAMB36E1/CLKBWRCLK  n/a            2.234         6.499       4.265      RAMB36_X1Y1      design_1_i/axi_vdma_0/U0/GEN_SPRT_FOR_MM2S.MM2S_LINEBUFFER_I/GEN_LINEBUF_NO_SOF.GEN_LINEBUFFER.GEN_SYNC_FIFO.I_LINEBUFFER_FIFO/xpm_fifo_sync_inst/xpm_fifo_base_inst/gen_sdpram.xpm_memory_base_inst/gen_wr_a.gen_word_narrow.mem_reg/CLKBWRCLK
Min Period        n/a     RAMB36E1/CLKARDCLK  n/a            1.962         6.499       4.537      RAMB36_X0Y1      design_1_i/axi_vdma_0/U0/I_PRMRY_DATAMOVER/GEN_MM2S_FULL.I_MM2S_FULL_WRAPPER/GEN_INCLUDE_MM2S_SF.I_RD_SF/I_DATA_FIFO/BLK_MEM.I_SYNC_FIFOGEN_FIFO/xpm_fifo_instance.xpm_fifo_sync_inst/xpm_fifo_base_inst/gen_sdpram.xpm_memory_base_inst/gen_wr_a.gen_word_narrow.mem_reg_0/CLKARDCLK
Min Period        n/a     RAMB36E1/CLKBWRCLK  n/a            1.962         6.499       4.537      RAMB36_X0Y1      design_1_i/axi_vdma_0/U0/I_PRMRY_DATAMOVER/GEN_MM2S_FULL.I_MM2S_FULL_WRAPPER/GEN_INCLUDE_MM2S_SF.I_RD_SF/I_DATA_FIFO/BLK_MEM.I_SYNC_FIFOGEN_FIFO/xpm_fifo_instance.xpm_fifo_sync_inst/xpm_fifo_base_inst/gen_sdpram.xpm_memory_base_inst/gen_wr_a.gen_word_narrow.mem_reg_0/CLKBWRCLK
Min Period        n/a     RAMB18E1/CLKARDCLK  n/a            1.962         6.499       4.537      RAMB18_X0Y4      design_1_i/axi_vdma_0/U0/I_PRMRY_DATAMOVER/GEN_MM2S_FULL.I_MM2S_FULL_WRAPPER/GEN_INCLUDE_MM2S_SF.I_RD_SF/I_DATA_FIFO/BLK_MEM.I_SYNC_FIFOGEN_FIFO/xpm_fifo_instance.xpm_fifo_sync_inst/xpm_fifo_base_inst/gen_sdpram.xpm_memory_base_inst/gen_wr_a.gen_word_narrow.mem_reg_1/CLKARDCLK
Min Period        n/a     RAMB18E1/CLKBWRCLK  n/a            1.962         6.499       4.537      RAMB18_X0Y4      design_1_i/axi_vdma_0/U0/I_PRMRY_DATAMOVER/GEN_MM2S_FULL.I_MM2S_FULL_WRAPPER/GEN_INCLUDE_MM2S_SF.I_RD_SF/I_DATA_FIFO/BLK_MEM.I_SYNC_FIFOGEN_FIFO/xpm_fifo_instance.xpm_fifo_sync_inst/xpm_fifo_base_inst/gen_sdpram.xpm_memory_base_inst/gen_wr_a.gen_word_narrow.mem_reg_1/CLKBWRCLK
Min Period        n/a     RAMB36E1/CLKARDCLK  n/a            1.962         6.499       4.537      RAMB36_X2Y2      design_1_i/v_axi4s_vid_out_0/inst/COUPLER_INST/generate_async_fifo.FIFO_INST/XPM_FIFO_ASYNC_INST/gnuram_async_fifo.xpm_fifo_base_inst/gen_sdpram.xpm_memory_base_inst/gen_wr_a.gen_word_narrow.mem_reg_0/CLKARDCLK
Min Period        n/a     RAMB36E1/CLKARDCLK  n/a            1.962         6.499       4.537      RAMB36_X2Y1      design_1_i/v_axi4s_vid_out_0/inst/COUPLER_INST/generate_async_fifo.FIFO_INST/XPM_FIFO_ASYNC_INST/gnuram_async_fifo.xpm_fifo_base_inst/gen_sdpram.xpm_memory_base_inst/gen_wr_a.gen_word_narrow.mem_reg_1/CLKARDCLK
Min Period        n/a     RAMB36E1/CLKARDCLK  n/a            1.962         6.499       4.537      RAMB36_X1Y2      design_1_i/v_axi4s_vid_out_0/inst/COUPLER_INST/generate_async_fifo.FIFO_INST/XPM_FIFO_ASYNC_INST/gnuram_async_fifo.xpm_fifo_base_inst/gen_sdpram.xpm_memory_base_inst/gen_wr_a.gen_word_narrow.mem_reg_2/CLKARDCLK
Max Period        n/a     MMCME2_ADV/CLKIN1   n/a            100.000       6.499       93.501     MMCME2_ADV_X0Y0  design_1_i/axi_dynclk_0/U0/Inst_mmcme2_drp/mmcm_adv_inst/CLKIN1
Low Pulse Width   Slow    MMCME2_ADV/DCLK     n/a            2.499         3.250       0.750      MMCME2_ADV_X0Y0  design_1_i/axi_dynclk_0/U0/Inst_mmcme2_drp/mmcm_adv_inst/DCLK
Low Pulse Width   Fast    MMCME2_ADV/DCLK     n/a            2.499         3.250       0.750      MMCME2_ADV_X0Y0  design_1_i/axi_dynclk_0/U0/Inst_mmcme2_drp/mmcm_adv_inst/DCLK
Low Pulse Width   Slow    MMCME2_ADV/CLKIN1   n/a            1.500         3.250       1.750      MMCME2_ADV_X0Y0  design_1_i/axi_dynclk_0/U0/Inst_mmcme2_drp/mmcm_adv_inst/CLKIN1
Low Pulse Width   Fast    MMCME2_ADV/CLKIN1   n/a            1.500         3.250       1.750      MMCME2_ADV_X0Y0  design_1_i/axi_dynclk_0/U0/Inst_mmcme2_drp/mmcm_adv_inst/CLKIN1
Low Pulse Width   Slow    RAMD32/CLK          n/a            1.050         3.250       2.200      SLICE_X0Y3       design_1_i/smartconnect_0/inst/s00_nodes/s00_ar_node/inst/gen_normal.inst_mi_handler/gen_normal_area.inst_fifo_node_payld/gen_xpm_memory_fifo.inst_fifo/gen_mem_rep[0].inst_xpm_memory/xpm_memory_base_inst/gen_wr_a.gen_word_narrow.mem_reg_0_31_0_5/RAMA/CLK
Low Pulse Width   Fast    RAMD32/CLK          n/a            1.050         3.250       2.200      SLICE_X0Y3       design_1_i/smartconnect_0/inst/s00_nodes/s00_ar_node/inst/gen_normal.inst_mi_handler/gen_normal_area.inst_fifo_node_payld/gen_xpm_memory_fifo.inst_fifo/gen_mem_rep[0].inst_xpm_memory/xpm_memory_base_inst/gen_wr_a.gen_word_narrow.mem_reg_0_31_0_5/RAMA/CLK
Low Pulse Width   Slow    RAMD32/CLK          n/a            1.050         3.250       2.200      SLICE_X0Y3       design_1_i/smartconnect_0/inst/s00_nodes/s00_ar_node/inst/gen_normal.inst_mi_handler/gen_normal_area.inst_fifo_node_payld/gen_xpm_memory_fifo.inst_fifo/gen_mem_rep[0].inst_xpm_memory/xpm_memory_base_inst/gen_wr_a.gen_word_narrow.mem_reg_0_31_0_5/RAMA_D1/CLK
Low Pulse Width   Fast    RAMD32/CLK          n/a            1.050         3.250       2.200      SLICE_X0Y3       design_1_i/smartconnect_0/inst/s00_nodes/s00_ar_node/inst/gen_normal.inst_mi_handler/gen_normal_area.inst_fifo_node_payld/gen_xpm_memory_fifo.inst_fifo/gen_mem_rep[0].inst_xpm_memory/xpm_memory_base_inst/gen_wr_a.gen_word_narrow.mem_reg_0_31_0_5/RAMA_D1/CLK
Low Pulse Width   Slow    RAMD32/CLK          n/a            1.050         3.250       2.200      SLICE_X0Y3       design_1_i/smartconnect_0/inst/s00_nodes/s00_ar_node/inst/gen_normal.inst_mi_handler/gen_normal_area.inst_fifo_node_payld/gen_xpm_memory_fifo.inst_fifo/gen_mem_rep[0].inst_xpm_memory/xpm_memory_base_inst/gen_wr_a.gen_word_narrow.mem_reg_0_31_0_5/RAMB/CLK
Low Pulse Width   Fast    RAMD32/CLK          n/a            1.050         3.250       2.200      SLICE_X0Y3       design_1_i/smartconnect_0/inst/s00_nodes/s00_ar_node/inst/gen_normal.inst_mi_handler/gen_normal_area.inst_fifo_node_payld/gen_xpm_memory_fifo.inst_fifo/gen_mem_rep[0].inst_xpm_memory/xpm_memory_base_inst/gen_wr_a.gen_word_narrow.mem_reg_0_31_0_5/RAMB/CLK
High Pulse Width  Slow    MMCME2_ADV/DCLK     n/a            2.499         3.249       0.750      MMCME2_ADV_X0Y0  design_1_i/axi_dynclk_0/U0/Inst_mmcme2_drp/mmcm_adv_inst/DCLK
High Pulse Width  Fast    MMCME2_ADV/DCLK     n/a            2.499         3.249       0.750      MMCME2_ADV_X0Y0  design_1_i/axi_dynclk_0/U0/Inst_mmcme2_drp/mmcm_adv_inst/DCLK
High Pulse Width  Slow    MMCME2_ADV/CLKIN1   n/a            1.500         3.249       1.749      MMCME2_ADV_X0Y0  design_1_i/axi_dynclk_0/U0/Inst_mmcme2_drp/mmcm_adv_inst/CLKIN1
High Pulse Width  Fast    MMCME2_ADV/CLKIN1   n/a            1.500         3.249       1.749      MMCME2_ADV_X0Y0  design_1_i/axi_dynclk_0/U0/Inst_mmcme2_drp/mmcm_adv_inst/CLKIN1
High Pulse Width  Slow    RAMD32/CLK          n/a            1.050         3.249       2.199      SLICE_X0Y3       design_1_i/smartconnect_0/inst/s00_nodes/s00_ar_node/inst/gen_normal.inst_mi_handler/gen_normal_area.inst_fifo_node_payld/gen_xpm_memory_fifo.inst_fifo/gen_mem_rep[0].inst_xpm_memory/xpm_memory_base_inst/gen_wr_a.gen_word_narrow.mem_reg_0_31_0_5/RAMA/CLK
High Pulse Width  Fast    RAMD32/CLK          n/a            1.050         3.249       2.199      SLICE_X0Y3       design_1_i/smartconnect_0/inst/s00_nodes/s00_ar_node/inst/gen_normal.inst_mi_handler/gen_normal_area.inst_fifo_node_payld/gen_xpm_memory_fifo.inst_fifo/gen_mem_rep[0].inst_xpm_memory/xpm_memory_base_inst/gen_wr_a.gen_word_narrow.mem_reg_0_31_0_5/RAMA/CLK
High Pulse Width  Slow    RAMD32/CLK          n/a            1.050         3.249       2.199      SLICE_X0Y3       design_1_i/smartconnect_0/inst/s00_nodes/s00_ar_node/inst/gen_normal.inst_mi_handler/gen_normal_area.inst_fifo_node_payld/gen_xpm_memory_fifo.inst_fifo/gen_mem_rep[0].inst_xpm_memory/xpm_memory_base_inst/gen_wr_a.gen_word_narrow.mem_reg_0_31_0_5/RAMA_D1/CLK
High Pulse Width  Fast    RAMD32/CLK          n/a            1.050         3.249       2.199      SLICE_X0Y3       design_1_i/smartconnect_0/inst/s00_nodes/s00_ar_node/inst/gen_normal.inst_mi_handler/gen_normal_area.inst_fifo_node_payld/gen_xpm_memory_fifo.inst_fifo/gen_mem_rep[0].inst_xpm_memory/xpm_memory_base_inst/gen_wr_a.gen_word_narrow.mem_reg_0_31_0_5/RAMA_D1/CLK
High Pulse Width  Slow    RAMD32/CLK          n/a            1.050         3.249       2.199      SLICE_X0Y3       design_1_i/smartconnect_0/inst/s00_nodes/s00_ar_node/inst/gen_normal.inst_mi_handler/gen_normal_area.inst_fifo_node_payld/gen_xpm_memory_fifo.inst_fifo/gen_mem_rep[0].inst_xpm_memory/xpm_memory_base_inst/gen_wr_a.gen_word_narrow.mem_reg_0_31_0_5/RAMB/CLK
High Pulse Width  Fast    RAMD32/CLK          n/a            1.050         3.249       2.199      SLICE_X0Y3       design_1_i/smartconnect_0/inst/s00_nodes/s00_ar_node/inst/gen_normal.inst_mi_handler/gen_normal_area.inst_fifo_node_payld/gen_xpm_memory_fifo.inst_fifo/gen_mem_rep[0].inst_xpm_memory/xpm_memory_base_inst/gen_wr_a.gen_word_narrow.mem_reg_0_31_0_5/RAMB/CLK



---------------------------------------------------------------------------------------------------
From Clock:  I
  To Clock:  I

Setup :           NA  Failing Endpoints,  Worst Slack           NA  ,  Total Violation           NA
Hold  :           NA  Failing Endpoints,  Worst Slack           NA  ,  Total Violation           NA
PW    :            2  Failing Endpoints,  Worst Slack       -0.170ns,  Total Violation       -0.340ns
---------------------------------------------------------------------------------------------------


Pulse Width Checks
--------------------------------------------------------------------------------------
Clock Name:         I
Waveform(ns):       { 0.000 0.650 }
Period(ns):         1.300
Sources:            { design_1_i/axi_dynclk_0/U0/Inst_mmcme2_drp/mmcm_adv_inst/CLKOUT0 }

Check Type  Corner  Lib Pin             Reference Pin  Required(ns)  Actual(ns)  Slack(ns)  Location         Pin
Min Period  n/a     BUFIO/I             n/a            1.470         1.300       -0.170     BUFIO_X0Y1       design_1_i/axi_dynclk_0/U0/BUFIO_inst/I
Min Period  n/a     BUFR/I              n/a            1.470         1.300       -0.170     BUFR_X0Y1        design_1_i/axi_dynclk_0/U0/BUFR_inst/I
Min Period  n/a     MMCME2_ADV/CLKOUT0  n/a            1.249         1.300       0.051      MMCME2_ADV_X0Y0  design_1_i/axi_dynclk_0/U0/Inst_mmcme2_drp/mmcm_adv_inst/CLKOUT0
Max Period  n/a     MMCME2_ADV/CLKOUT0  n/a            213.360       1.300       212.060    MMCME2_ADV_X0Y0  design_1_i/axi_dynclk_0/U0/Inst_mmcme2_drp/mmcm_adv_inst/CLKOUT0



---------------------------------------------------------------------------------------------------
From Clock:  mmcm_fbclk_out
  To Clock:  mmcm_fbclk_out

Setup :           NA  Failing Endpoints,  Worst Slack           NA  ,  Total Violation           NA
Hold  :           NA  Failing Endpoints,  Worst Slack           NA  ,  Total Violation           NA
PW    :            0  Failing Endpoints,  Worst Slack        5.250ns,  Total Violation        0.000ns
---------------------------------------------------------------------------------------------------


Pulse Width Checks
--------------------------------------------------------------------------------------
Clock Name:         mmcm_fbclk_out
Waveform(ns):       { 0.000 3.250 }
Period(ns):         6.499
Sources:            { design_1_i/axi_dynclk_0/U0/Inst_mmcme2_drp/mmcm_adv_inst/CLKFBOUT }

Check Type  Corner  Lib Pin              Reference Pin  Required(ns)  Actual(ns)  Slack(ns)  Location         Pin
Min Period  n/a     MMCME2_ADV/CLKFBOUT  n/a            1.249         6.499       5.250      MMCME2_ADV_X0Y0  design_1_i/axi_dynclk_0/U0/Inst_mmcme2_drp/mmcm_adv_inst/CLKFBOUT
Min Period  n/a     MMCME2_ADV/CLKFBIN   n/a            1.249         6.499       5.250      MMCME2_ADV_X0Y0  design_1_i/axi_dynclk_0/U0/Inst_mmcme2_drp/mmcm_adv_inst/CLKFBIN
Max Period  n/a     MMCME2_ADV/CLKFBIN   n/a            100.000       6.499       93.501     MMCME2_ADV_X0Y0  design_1_i/axi_dynclk_0/U0/Inst_mmcme2_drp/mmcm_adv_inst/CLKFBIN
Max Period  n/a     MMCME2_ADV/CLKFBOUT  n/a            213.360       6.499       206.861    MMCME2_ADV_X0Y0  design_1_i/axi_dynclk_0/U0/Inst_mmcme2_drp/mmcm_adv_inst/CLKFBOUT



---------------------------------------------------------------------------------------------------
From Clock:  hdmi_pxlClk
  To Clock:  hdmi_pxlClk

Setup :            0  Failing Endpoints,  Worst Slack        0.547ns,  Total Violation        0.000ns
Hold  :            0  Failing Endpoints,  Worst Slack        0.105ns,  Total Violation        0.000ns
PW    :            0  Failing Endpoints,  Worst Slack        2.597ns,  Total Violation        0.000ns
---------------------------------------------------------------------------------------------------


Max Delay Paths
--------------------------------------------------------------------------------------
Slack (MET) :             0.547ns  (required time - arrival time)
  Source:                 design_1_i/v_tc_0/U0/U_VIDEO_CTRL/AXI4_LITE_INTERFACE.SYNC2VIDCLK_I/data_sync_reg[2][34]/C
                            (rising edge-triggered cell FDRE clocked by hdmi_pxlClk  {rise@0.000ns fall@3.367ns period=6.734ns})
  Destination:            design_1_i/v_tc_0/U0/U_VIDEO_CTRL/AXI4_LITE_INTERFACE.GENR_MUX0/GEN_TREE.GEN_BRANCH[32].GEN_MUX_REG.data_out_reg_reg[32][4]/D
                            (rising edge-triggered cell FDRE clocked by hdmi_pxlClk  {rise@0.000ns fall@3.367ns period=6.734ns})
  Path Group:             hdmi_pxlClk
  Path Type:              Setup (Max at Slow Process Corner)
  Requirement:            6.734ns  (hdmi_pxlClk rise@6.734ns - hdmi_pxlClk rise@0.000ns)
  Data Path Delay:        6.135ns  (logic 0.524ns (8.541%)  route 5.611ns (91.459%))
  Logic Levels:           1  (LUT2=1)
  Clock Path Skew:        -0.037ns (DCD - SCD + CPR)
    Destination Clock Delay (DCD):    0.603ns = ( 7.337 - 6.734 ) 
    Source Clock Delay      (SCD):    0.662ns
    Clock Pessimism Removal (CPR):    0.022ns
  Clock Uncertainty:      0.047ns  ((TSJ^2 + DJ^2)^1/2) / 2 + PE
    Total System Jitter     (TSJ):    0.071ns
    Discrete Jitter          (DJ):    0.063ns
    Phase Error              (PE):    0.000ns

    Location             Delay type                Incr(ns)  Path(ns)    Netlist Resource(s)
  -------------------------------------------------------------------    -------------------
                         (clock hdmi_pxlClk rise edge)
                                                      0.000     0.000 r  
    BUFR_X0Y1            BUFR                         0.000     0.000 r  design_1_i/axi_dynclk_0/U0/BUFR_inst/O
                         net (fo=2975, routed)        0.662     0.662    design_1_i/v_tc_0/U0/U_VIDEO_CTRL/AXI4_LITE_INTERFACE.SYNC2VIDCLK_I/vid_aclk
    SLICE_X22Y37         FDRE                                         r  design_1_i/v_tc_0/U0/U_VIDEO_CTRL/AXI4_LITE_INTERFACE.SYNC2VIDCLK_I/data_sync_reg[2][34]/C
  -------------------------------------------------------------------    -------------------
    SLICE_X22Y37         FDRE (Prop_fdre_C_Q)         0.313     0.975 f  design_1_i/v_tc_0/U0/U_VIDEO_CTRL/AXI4_LITE_INTERFACE.SYNC2VIDCLK_I/data_sync_reg[2][34]/Q
                         net (fo=398, routed)         5.611     6.586    design_1_i/v_tc_0/U0/U_VIDEO_CTRL/AXI4_LITE_INTERFACE.SYNC2VIDCLK_I/data_sync[2]_2[34]
    SLICE_X25Y10         LUT2 (Prop_lut2_I0_O)        0.211     6.797 r  design_1_i/v_tc_0/U0/U_VIDEO_CTRL/AXI4_LITE_INTERFACE.SYNC2VIDCLK_I/GEN_TREE.GEN_BRANCH[32].GEN_MUX_REG.data_out_reg[32][4]_i_1/O
                         net (fo=1, routed)           0.000     6.797    design_1_i/v_tc_0/U0/U_VIDEO_CTRL/AXI4_LITE_INTERFACE.GENR_MUX0/GEN_TREE.GEN_BRANCH[32].GEN_MUX_REG.data_out_reg_reg[32][4]_0
    SLICE_X25Y10         FDRE                                         r  design_1_i/v_tc_0/U0/U_VIDEO_CTRL/AXI4_LITE_INTERFACE.GENR_MUX0/GEN_TREE.GEN_BRANCH[32].GEN_MUX_REG.data_out_reg_reg[32][4]/D
  -------------------------------------------------------------------    -------------------

                         (clock hdmi_pxlClk rise edge)
                                                      6.734     6.734 r  
    BUFR_X0Y1            BUFR                         0.000     6.734 r  design_1_i/axi_dynclk_0/U0/BUFR_inst/O
                         net (fo=2975, routed)        0.603     7.337    design_1_i/v_tc_0/U0/U_VIDEO_CTRL/AXI4_LITE_INTERFACE.GENR_MUX0/vid_aclk
    SLICE_X25Y10         FDRE                                         r  design_1_i/v_tc_0/U0/U_VIDEO_CTRL/AXI4_LITE_INTERFACE.GENR_MUX0/GEN_TREE.GEN_BRANCH[32].GEN_MUX_REG.data_out_reg_reg[32][4]/C
                         clock pessimism              0.022     7.359    
                         clock uncertainty           -0.047     7.312    
    SLICE_X25Y10         FDRE (Setup_fdre_C_D)        0.033     7.345    design_1_i/v_tc_0/U0/U_VIDEO_CTRL/AXI4_LITE_INTERFACE.GENR_MUX0/GEN_TREE.GEN_BRANCH[32].GEN_MUX_REG.data_out_reg_reg[32][4]
  -------------------------------------------------------------------
                         required time                          7.345    
                         arrival time                          -6.797    
  -------------------------------------------------------------------
                         slack                                  0.547    

Slack (MET) :             0.586ns  (required time - arrival time)
  Source:                 design_1_i/v_tc_0/U0/U_VIDEO_CTRL/AXI4_LITE_INTERFACE.SYNC2VIDCLK_I/data_sync_reg[2][34]/C
                            (rising edge-triggered cell FDRE clocked by hdmi_pxlClk  {rise@0.000ns fall@3.367ns period=6.734ns})
  Destination:            design_1_i/v_tc_0/U0/U_VIDEO_CTRL/AXI4_LITE_INTERFACE.CORE_MUX0/GEN_TREE.GEN_BRANCH[3].GEN_MUX_REG.data_out_reg_reg[3][8]/D
                            (rising edge-triggered cell FDRE clocked by hdmi_pxlClk  {rise@0.000ns fall@3.367ns period=6.734ns})
  Path Group:             hdmi_pxlClk
  Path Type:              Setup (Max at Slow Process Corner)
  Requirement:            6.734ns  (hdmi_pxlClk rise@6.734ns - hdmi_pxlClk rise@0.000ns)
  Data Path Delay:        6.119ns  (logic 0.712ns (11.636%)  route 5.407ns (88.364%))
  Logic Levels:           2  (LUT6=1 MUXF7=1)
  Clock Path Skew:        -0.038ns (DCD - SCD + CPR)
    Destination Clock Delay (DCD):    0.602ns = ( 7.336 - 6.734 ) 
    Source Clock Delay      (SCD):    0.662ns
    Clock Pessimism Removal (CPR):    0.022ns
  Clock Uncertainty:      0.047ns  ((TSJ^2 + DJ^2)^1/2) / 2 + PE
    Total System Jitter     (TSJ):    0.071ns
    Discrete Jitter          (DJ):    0.063ns
    Phase Error              (PE):    0.000ns

    Location             Delay type                Incr(ns)  Path(ns)    Netlist Resource(s)
  -------------------------------------------------------------------    -------------------
                         (clock hdmi_pxlClk rise edge)
                                                      0.000     0.000 r  
    BUFR_X0Y1            BUFR                         0.000     0.000 r  design_1_i/axi_dynclk_0/U0/BUFR_inst/O
                         net (fo=2975, routed)        0.662     0.662    design_1_i/v_tc_0/U0/U_VIDEO_CTRL/AXI4_LITE_INTERFACE.SYNC2VIDCLK_I/vid_aclk
    SLICE_X22Y37         FDRE                                         r  design_1_i/v_tc_0/U0/U_VIDEO_CTRL/AXI4_LITE_INTERFACE.SYNC2VIDCLK_I/data_sync_reg[2][34]/C
  -------------------------------------------------------------------    -------------------
    SLICE_X22Y37         FDRE (Prop_fdre_C_Q)         0.313     0.975 r  design_1_i/v_tc_0/U0/U_VIDEO_CTRL/AXI4_LITE_INTERFACE.SYNC2VIDCLK_I/data_sync_reg[2][34]/Q
                         net (fo=398, routed)         5.407     6.382    design_1_i/v_tc_0/U0/U_VIDEO_CTRL/AXI4_LITE_INTERFACE.GENR_MUX0/ipif_addr_out[0]
    SLICE_X27Y11         LUT6 (Prop_lut6_I4_O)        0.211     6.593 r  design_1_i/v_tc_0/U0/U_VIDEO_CTRL/AXI4_LITE_INTERFACE.GENR_MUX0/GEN_TREE.GEN_BRANCH[3].GEN_MUX_REG.data_out_reg[3][8]_i_3__0/O
                         net (fo=1, routed)           0.000     6.593    design_1_i/v_tc_0/U0/U_VIDEO_CTRL/AXI4_LITE_INTERFACE.GENR_MUX0/GEN_TREE.GEN_BRANCH[3].GEN_MUX_REG.data_out_reg[3][8]_i_3__0_n_0
    SLICE_X27Y11         MUXF7 (Prop_muxf7_I1_O)      0.188     6.781 r  design_1_i/v_tc_0/U0/U_VIDEO_CTRL/AXI4_LITE_INTERFACE.GENR_MUX0/GEN_TREE.GEN_BRANCH[3].GEN_MUX_REG.data_out_reg_reg[3][8]_i_1__0/O
                         net (fo=1, routed)           0.000     6.781    design_1_i/v_tc_0/U0/U_VIDEO_CTRL/AXI4_LITE_INTERFACE.CORE_MUX0/GEN_TREE.GEN_BRANCH[3].GEN_MUX_REG.data_out_reg_reg[3][8]_0
    SLICE_X27Y11         FDRE                                         r  design_1_i/v_tc_0/U0/U_VIDEO_CTRL/AXI4_LITE_INTERFACE.CORE_MUX0/GEN_TREE.GEN_BRANCH[3].GEN_MUX_REG.data_out_reg_reg[3][8]/D
  -------------------------------------------------------------------    -------------------

                         (clock hdmi_pxlClk rise edge)
                                                      6.734     6.734 r  
    BUFR_X0Y1            BUFR                         0.000     6.734 r  design_1_i/axi_dynclk_0/U0/BUFR_inst/O
                         net (fo=2975, routed)        0.602     7.336    design_1_i/v_tc_0/U0/U_VIDEO_CTRL/AXI4_LITE_INTERFACE.CORE_MUX0/vid_aclk
    SLICE_X27Y11         FDRE                                         r  design_1_i/v_tc_0/U0/U_VIDEO_CTRL/AXI4_LITE_INTERFACE.CORE_MUX0/GEN_TREE.GEN_BRANCH[3].GEN_MUX_REG.data_out_reg_reg[3][8]/C
                         clock pessimism              0.022     7.358    
                         clock uncertainty           -0.047     7.311    
    SLICE_X27Y11         FDRE (Setup_fdre_C_D)        0.057     7.368    design_1_i/v_tc_0/U0/U_VIDEO_CTRL/AXI4_LITE_INTERFACE.CORE_MUX0/GEN_TREE.GEN_BRANCH[3].GEN_MUX_REG.data_out_reg_reg[3][8]
  -------------------------------------------------------------------
                         required time                          7.368    
                         arrival time                          -6.781    
  -------------------------------------------------------------------
                         slack                                  0.586    

Slack (MET) :             0.626ns  (required time - arrival time)
  Source:                 design_1_i/v_tc_0/U0/U_VIDEO_CTRL/AXI4_LITE_INTERFACE.SYNC2VIDCLK_I/data_sync_reg[2][34]/C
                            (rising edge-triggered cell FDRE clocked by hdmi_pxlClk  {rise@0.000ns fall@3.367ns period=6.734ns})
  Destination:            design_1_i/v_tc_0/U0/U_VIDEO_CTRL/AXI4_LITE_INTERFACE.GENR_MUX0/GEN_TREE.GEN_BRANCH[31].GEN_MUX_REG.data_out_reg_reg[31][4]/D
                            (rising edge-triggered cell FDRE clocked by hdmi_pxlClk  {rise@0.000ns fall@3.367ns period=6.734ns})
  Path Group:             hdmi_pxlClk
  Path Type:              Setup (Max at Slow Process Corner)
  Requirement:            6.734ns  (hdmi_pxlClk rise@6.734ns - hdmi_pxlClk rise@0.000ns)
  Data Path Delay:        6.056ns  (logic 0.524ns (8.653%)  route 5.532ns (91.347%))
  Logic Levels:           1  (LUT2=1)
  Clock Path Skew:        -0.037ns (DCD - SCD + CPR)
    Destination Clock Delay (DCD):    0.603ns = ( 7.337 - 6.734 ) 
    Source Clock Delay      (SCD):    0.662ns
    Clock Pessimism Removal (CPR):    0.022ns
  Clock Uncertainty:      0.047ns  ((TSJ^2 + DJ^2)^1/2) / 2 + PE
    Total System Jitter     (TSJ):    0.071ns
    Discrete Jitter          (DJ):    0.063ns
    Phase Error              (PE):    0.000ns

    Location             Delay type                Incr(ns)  Path(ns)    Netlist Resource(s)
  -------------------------------------------------------------------    -------------------
                         (clock hdmi_pxlClk rise edge)
                                                      0.000     0.000 r  
    BUFR_X0Y1            BUFR                         0.000     0.000 r  design_1_i/axi_dynclk_0/U0/BUFR_inst/O
                         net (fo=2975, routed)        0.662     0.662    design_1_i/v_tc_0/U0/U_VIDEO_CTRL/AXI4_LITE_INTERFACE.SYNC2VIDCLK_I/vid_aclk
    SLICE_X22Y37         FDRE                                         r  design_1_i/v_tc_0/U0/U_VIDEO_CTRL/AXI4_LITE_INTERFACE.SYNC2VIDCLK_I/data_sync_reg[2][34]/C
  -------------------------------------------------------------------    -------------------
    SLICE_X22Y37         FDRE (Prop_fdre_C_Q)         0.313     0.975 r  design_1_i/v_tc_0/U0/U_VIDEO_CTRL/AXI4_LITE_INTERFACE.SYNC2VIDCLK_I/data_sync_reg[2][34]/Q
                         net (fo=398, routed)         5.532     6.507    design_1_i/v_tc_0/U0/U_VIDEO_CTRL/AXI4_LITE_INTERFACE.SYNC2VIDCLK_I/data_sync[2]_2[34]
    SLICE_X25Y10         LUT2 (Prop_lut2_I1_O)        0.211     6.718 r  design_1_i/v_tc_0/U0/U_VIDEO_CTRL/AXI4_LITE_INTERFACE.SYNC2VIDCLK_I/GEN_TREE.GEN_BRANCH[31].GEN_MUX_REG.data_out_reg[31][4]_i_1/O
                         net (fo=1, routed)           0.000     6.718    design_1_i/v_tc_0/U0/U_VIDEO_CTRL/AXI4_LITE_INTERFACE.GENR_MUX0/GEN_TREE.GEN_BRANCH[31].GEN_MUX_REG.data_out_reg_reg[31][4]_0
    SLICE_X25Y10         FDRE                                         r  design_1_i/v_tc_0/U0/U_VIDEO_CTRL/AXI4_LITE_INTERFACE.GENR_MUX0/GEN_TREE.GEN_BRANCH[31].GEN_MUX_REG.data_out_reg_reg[31][4]/D
  -------------------------------------------------------------------    -------------------

                         (clock hdmi_pxlClk rise edge)
                                                      6.734     6.734 r  
    BUFR_X0Y1            BUFR                         0.000     6.734 r  design_1_i/axi_dynclk_0/U0/BUFR_inst/O
                         net (fo=2975, routed)        0.603     7.337    design_1_i/v_tc_0/U0/U_VIDEO_CTRL/AXI4_LITE_INTERFACE.GENR_MUX0/vid_aclk
    SLICE_X25Y10         FDRE                                         r  design_1_i/v_tc_0/U0/U_VIDEO_CTRL/AXI4_LITE_INTERFACE.GENR_MUX0/GEN_TREE.GEN_BRANCH[31].GEN_MUX_REG.data_out_reg_reg[31][4]/C
                         clock pessimism              0.022     7.359    
                         clock uncertainty           -0.047     7.312    
    SLICE_X25Y10         FDRE (Setup_fdre_C_D)        0.032     7.344    design_1_i/v_tc_0/U0/U_VIDEO_CTRL/AXI4_LITE_INTERFACE.GENR_MUX0/GEN_TREE.GEN_BRANCH[31].GEN_MUX_REG.data_out_reg_reg[31][4]
  -------------------------------------------------------------------
                         required time                          7.344    
                         arrival time                          -6.718    
  -------------------------------------------------------------------
                         slack                                  0.626    

Slack (MET) :             0.632ns  (required time - arrival time)
  Source:                 design_1_i/v_tc_0/U0/U_VIDEO_CTRL/AXI4_LITE_INTERFACE.SYNC2VIDCLK_I/data_sync_reg[2][34]/C
                            (rising edge-triggered cell FDRE clocked by hdmi_pxlClk  {rise@0.000ns fall@3.367ns period=6.734ns})
  Destination:            design_1_i/v_tc_0/U0/U_VIDEO_CTRL/AXI4_LITE_INTERFACE.CORE_MUX0/GEN_TREE.GEN_BRANCH[4].GEN_MUX_REG.data_out_reg_reg[4][5]/D
                            (rising edge-triggered cell FDRE clocked by hdmi_pxlClk  {rise@0.000ns fall@3.367ns period=6.734ns})
  Path Group:             hdmi_pxlClk
  Path Type:              Setup (Max at Slow Process Corner)
  Requirement:            6.734ns  (hdmi_pxlClk rise@6.734ns - hdmi_pxlClk rise@0.000ns)
  Data Path Delay:        6.075ns  (logic 0.691ns (11.374%)  route 5.384ns (88.626%))
  Logic Levels:           2  (LUT6=1 MUXF7=1)
  Clock Path Skew:        -0.036ns (DCD - SCD + CPR)
    Destination Clock Delay (DCD):    0.604ns = ( 7.338 - 6.734 ) 
    Source Clock Delay      (SCD):    0.662ns
    Clock Pessimism Removal (CPR):    0.022ns
  Clock Uncertainty:      0.047ns  ((TSJ^2 + DJ^2)^1/2) / 2 + PE
    Total System Jitter     (TSJ):    0.071ns
    Discrete Jitter          (DJ):    0.063ns
    Phase Error              (PE):    0.000ns

    Location             Delay type                Incr(ns)  Path(ns)    Netlist Resource(s)
  -------------------------------------------------------------------    -------------------
                         (clock hdmi_pxlClk rise edge)
                                                      0.000     0.000 r  
    BUFR_X0Y1            BUFR                         0.000     0.000 r  design_1_i/axi_dynclk_0/U0/BUFR_inst/O
                         net (fo=2975, routed)        0.662     0.662    design_1_i/v_tc_0/U0/U_VIDEO_CTRL/AXI4_LITE_INTERFACE.SYNC2VIDCLK_I/vid_aclk
    SLICE_X22Y37         FDRE                                         r  design_1_i/v_tc_0/U0/U_VIDEO_CTRL/AXI4_LITE_INTERFACE.SYNC2VIDCLK_I/data_sync_reg[2][34]/C
  -------------------------------------------------------------------    -------------------
    SLICE_X22Y37         FDRE (Prop_fdre_C_Q)         0.313     0.975 r  design_1_i/v_tc_0/U0/U_VIDEO_CTRL/AXI4_LITE_INTERFACE.SYNC2VIDCLK_I/data_sync_reg[2][34]/Q
                         net (fo=398, routed)         5.384     6.359    design_1_i/v_tc_0/U0/U_VIDEO_CTRL/AXI4_LITE_INTERFACE.GENR_MUX0/ipif_addr_out[0]
    SLICE_X25Y9          LUT6 (Prop_lut6_I4_O)        0.211     6.570 r  design_1_i/v_tc_0/U0/U_VIDEO_CTRL/AXI4_LITE_INTERFACE.GENR_MUX0/GEN_TREE.GEN_BRANCH[4].GEN_MUX_REG.data_out_reg[4][5]_i_3__0/O
                         net (fo=1, routed)           0.000     6.570    design_1_i/v_tc_0/U0/U_VIDEO_CTRL/AXI4_LITE_INTERFACE.GENR_MUX0/GEN_TREE.GEN_BRANCH[4].GEN_MUX_REG.data_out_reg[4][5]_i_3__0_n_0
    SLICE_X25Y9          MUXF7 (Prop_muxf7_I1_O)      0.167     6.737 r  design_1_i/v_tc_0/U0/U_VIDEO_CTRL/AXI4_LITE_INTERFACE.GENR_MUX0/GEN_TREE.GEN_BRANCH[4].GEN_MUX_REG.data_out_reg_reg[4][5]_i_1__0/O
                         net (fo=1, routed)           0.000     6.737    design_1_i/v_tc_0/U0/U_VIDEO_CTRL/AXI4_LITE_INTERFACE.CORE_MUX0/GEN_TREE.GEN_BRANCH[4].GEN_MUX_REG.data_out_reg_reg[4][5]_0
    SLICE_X25Y9          FDRE                                         r  design_1_i/v_tc_0/U0/U_VIDEO_CTRL/AXI4_LITE_INTERFACE.CORE_MUX0/GEN_TREE.GEN_BRANCH[4].GEN_MUX_REG.data_out_reg_reg[4][5]/D
  -------------------------------------------------------------------    -------------------

                         (clock hdmi_pxlClk rise edge)
                                                      6.734     6.734 r  
    BUFR_X0Y1            BUFR                         0.000     6.734 r  design_1_i/axi_dynclk_0/U0/BUFR_inst/O
                         net (fo=2975, routed)        0.604     7.338    design_1_i/v_tc_0/U0/U_VIDEO_CTRL/AXI4_LITE_INTERFACE.CORE_MUX0/vid_aclk
    SLICE_X25Y9          FDRE                                         r  design_1_i/v_tc_0/U0/U_VIDEO_CTRL/AXI4_LITE_INTERFACE.CORE_MUX0/GEN_TREE.GEN_BRANCH[4].GEN_MUX_REG.data_out_reg_reg[4][5]/C
                         clock pessimism              0.022     7.360    
                         clock uncertainty           -0.047     7.313    
    SLICE_X25Y9          FDRE (Setup_fdre_C_D)        0.057     7.370    design_1_i/v_tc_0/U0/U_VIDEO_CTRL/AXI4_LITE_INTERFACE.CORE_MUX0/GEN_TREE.GEN_BRANCH[4].GEN_MUX_REG.data_out_reg_reg[4][5]
  -------------------------------------------------------------------
                         required time                          7.370    
                         arrival time                          -6.737    
  -------------------------------------------------------------------
                         slack                                  0.632    

Slack (MET) :             0.640ns  (required time - arrival time)
  Source:                 design_1_i/v_tc_0/U0/U_VIDEO_CTRL/AXI4_LITE_INTERFACE.SYNC2VIDCLK_I/data_sync_reg[2][34]/C
                            (rising edge-triggered cell FDRE clocked by hdmi_pxlClk  {rise@0.000ns fall@3.367ns period=6.734ns})
  Destination:            design_1_i/v_tc_0/U0/U_VIDEO_CTRL/AXI4_LITE_INTERFACE.GENR_MUX0/GEN_TREE.GEN_BRANCH[32].GEN_MUX_REG.data_out_reg_reg[32][2]/D
                            (rising edge-triggered cell FDRE clocked by hdmi_pxlClk  {rise@0.000ns fall@3.367ns period=6.734ns})
  Path Group:             hdmi_pxlClk
  Path Type:              Setup (Max at Slow Process Corner)
  Requirement:            6.734ns  (hdmi_pxlClk rise@6.734ns - hdmi_pxlClk rise@0.000ns)
  Data Path Delay:        6.040ns  (logic 0.524ns (8.675%)  route 5.516ns (91.325%))
  Logic Levels:           1  (LUT2=1)
  Clock Path Skew:        -0.038ns (DCD - SCD + CPR)
    Destination Clock Delay (DCD):    0.602ns = ( 7.336 - 6.734 ) 
    Source Clock Delay      (SCD):    0.662ns
    Clock Pessimism Removal (CPR):    0.022ns
  Clock Uncertainty:      0.047ns  ((TSJ^2 + DJ^2)^1/2) / 2 + PE
    Total System Jitter     (TSJ):    0.071ns
    Discrete Jitter          (DJ):    0.063ns
    Phase Error              (PE):    0.000ns

    Location             Delay type                Incr(ns)  Path(ns)    Netlist Resource(s)
  -------------------------------------------------------------------    -------------------
                         (clock hdmi_pxlClk rise edge)
                                                      0.000     0.000 r  
    BUFR_X0Y1            BUFR                         0.000     0.000 r  design_1_i/axi_dynclk_0/U0/BUFR_inst/O
                         net (fo=2975, routed)        0.662     0.662    design_1_i/v_tc_0/U0/U_VIDEO_CTRL/AXI4_LITE_INTERFACE.SYNC2VIDCLK_I/vid_aclk
    SLICE_X22Y37         FDRE                                         r  design_1_i/v_tc_0/U0/U_VIDEO_CTRL/AXI4_LITE_INTERFACE.SYNC2VIDCLK_I/data_sync_reg[2][34]/C
  -------------------------------------------------------------------    -------------------
    SLICE_X22Y37         FDRE (Prop_fdre_C_Q)         0.313     0.975 f  design_1_i/v_tc_0/U0/U_VIDEO_CTRL/AXI4_LITE_INTERFACE.SYNC2VIDCLK_I/data_sync_reg[2][34]/Q
                         net (fo=398, routed)         5.516     6.491    design_1_i/v_tc_0/U0/U_VIDEO_CTRL/AXI4_LITE_INTERFACE.SYNC2VIDCLK_I/data_sync[2]_2[34]
    SLICE_X25Y11         LUT2 (Prop_lut2_I0_O)        0.211     6.702 r  design_1_i/v_tc_0/U0/U_VIDEO_CTRL/AXI4_LITE_INTERFACE.SYNC2VIDCLK_I/GEN_TREE.GEN_BRANCH[32].GEN_MUX_REG.data_out_reg[32][2]_i_1/O
                         net (fo=1, routed)           0.000     6.702    design_1_i/v_tc_0/U0/U_VIDEO_CTRL/AXI4_LITE_INTERFACE.GENR_MUX0/GEN_TREE.GEN_BRANCH[32].GEN_MUX_REG.data_out_reg_reg[32][2]_0
    SLICE_X25Y11         FDRE                                         r  design_1_i/v_tc_0/U0/U_VIDEO_CTRL/AXI4_LITE_INTERFACE.GENR_MUX0/GEN_TREE.GEN_BRANCH[32].GEN_MUX_REG.data_out_reg_reg[32][2]/D
  -------------------------------------------------------------------    -------------------

                         (clock hdmi_pxlClk rise edge)
                                                      6.734     6.734 r  
    BUFR_X0Y1            BUFR                         0.000     6.734 r  design_1_i/axi_dynclk_0/U0/BUFR_inst/O
                         net (fo=2975, routed)        0.602     7.336    design_1_i/v_tc_0/U0/U_VIDEO_CTRL/AXI4_LITE_INTERFACE.GENR_MUX0/vid_aclk
    SLICE_X25Y11         FDRE                                         r  design_1_i/v_tc_0/U0/U_VIDEO_CTRL/AXI4_LITE_INTERFACE.GENR_MUX0/GEN_TREE.GEN_BRANCH[32].GEN_MUX_REG.data_out_reg_reg[32][2]/C
                         clock pessimism              0.022     7.358    
                         clock uncertainty           -0.047     7.311    
    SLICE_X25Y11         FDRE (Setup_fdre_C_D)        0.032     7.343    design_1_i/v_tc_0/U0/U_VIDEO_CTRL/AXI4_LITE_INTERFACE.GENR_MUX0/GEN_TREE.GEN_BRANCH[32].GEN_MUX_REG.data_out_reg_reg[32][2]
  -------------------------------------------------------------------
                         required time                          7.343    
                         arrival time                          -6.702    
  -------------------------------------------------------------------
                         slack                                  0.640    

Slack (MET) :             0.668ns  (required time - arrival time)
  Source:                 design_1_i/v_tc_0/U0/U_VIDEO_CTRL/AXI4_LITE_INTERFACE.SYNC2VIDCLK_I/data_sync_reg[2][34]/C
                            (rising edge-triggered cell FDRE clocked by hdmi_pxlClk  {rise@0.000ns fall@3.367ns period=6.734ns})
  Destination:            design_1_i/v_tc_0/U0/U_VIDEO_CTRL/AXI4_LITE_INTERFACE.CORE_MUX0/GEN_TREE.GEN_BRANCH[3].GEN_MUX_REG.data_out_reg_reg[3][9]/D
                            (rising edge-triggered cell FDRE clocked by hdmi_pxlClk  {rise@0.000ns fall@3.367ns period=6.734ns})
  Path Group:             hdmi_pxlClk
  Path Type:              Setup (Max at Slow Process Corner)
  Requirement:            6.734ns  (hdmi_pxlClk rise@6.734ns - hdmi_pxlClk rise@0.000ns)
  Data Path Delay:        6.037ns  (logic 0.712ns (11.795%)  route 5.325ns (88.205%))
  Logic Levels:           2  (LUT6=1 MUXF7=1)
  Clock Path Skew:        -0.039ns (DCD - SCD + CPR)
    Destination Clock Delay (DCD):    0.601ns = ( 7.335 - 6.734 ) 
    Source Clock Delay      (SCD):    0.662ns
    Clock Pessimism Removal (CPR):    0.022ns
  Clock Uncertainty:      0.047ns  ((TSJ^2 + DJ^2)^1/2) / 2 + PE
    Total System Jitter     (TSJ):    0.071ns
    Discrete Jitter          (DJ):    0.063ns
    Phase Error              (PE):    0.000ns

    Location             Delay type                Incr(ns)  Path(ns)    Netlist Resource(s)
  -------------------------------------------------------------------    -------------------
                         (clock hdmi_pxlClk rise edge)
                                                      0.000     0.000 r  
    BUFR_X0Y1            BUFR                         0.000     0.000 r  design_1_i/axi_dynclk_0/U0/BUFR_inst/O
                         net (fo=2975, routed)        0.662     0.662    design_1_i/v_tc_0/U0/U_VIDEO_CTRL/AXI4_LITE_INTERFACE.SYNC2VIDCLK_I/vid_aclk
    SLICE_X22Y37         FDRE                                         r  design_1_i/v_tc_0/U0/U_VIDEO_CTRL/AXI4_LITE_INTERFACE.SYNC2VIDCLK_I/data_sync_reg[2][34]/C
  -------------------------------------------------------------------    -------------------
    SLICE_X22Y37         FDRE (Prop_fdre_C_Q)         0.313     0.975 r  design_1_i/v_tc_0/U0/U_VIDEO_CTRL/AXI4_LITE_INTERFACE.SYNC2VIDCLK_I/data_sync_reg[2][34]/Q
                         net (fo=398, routed)         5.325     6.300    design_1_i/v_tc_0/U0/U_VIDEO_CTRL/AXI4_LITE_INTERFACE.GENR_MUX0/ipif_addr_out[0]
    SLICE_X27Y13         LUT6 (Prop_lut6_I4_O)        0.211     6.511 r  design_1_i/v_tc_0/U0/U_VIDEO_CTRL/AXI4_LITE_INTERFACE.GENR_MUX0/GEN_TREE.GEN_BRANCH[3].GEN_MUX_REG.data_out_reg[3][9]_i_3__0/O
                         net (fo=1, routed)           0.000     6.511    design_1_i/v_tc_0/U0/U_VIDEO_CTRL/AXI4_LITE_INTERFACE.GENR_MUX0/GEN_TREE.GEN_BRANCH[3].GEN_MUX_REG.data_out_reg[3][9]_i_3__0_n_0
    SLICE_X27Y13         MUXF7 (Prop_muxf7_I1_O)      0.188     6.699 r  design_1_i/v_tc_0/U0/U_VIDEO_CTRL/AXI4_LITE_INTERFACE.GENR_MUX0/GEN_TREE.GEN_BRANCH[3].GEN_MUX_REG.data_out_reg_reg[3][9]_i_1__0/O
                         net (fo=1, routed)           0.000     6.699    design_1_i/v_tc_0/U0/U_VIDEO_CTRL/AXI4_LITE_INTERFACE.CORE_MUX0/GEN_TREE.GEN_BRANCH[3].GEN_MUX_REG.data_out_reg_reg[3][9]_0
    SLICE_X27Y13         FDRE                                         r  design_1_i/v_tc_0/U0/U_VIDEO_CTRL/AXI4_LITE_INTERFACE.CORE_MUX0/GEN_TREE.GEN_BRANCH[3].GEN_MUX_REG.data_out_reg_reg[3][9]/D
  -------------------------------------------------------------------    -------------------

                         (clock hdmi_pxlClk rise edge)
                                                      6.734     6.734 r  
    BUFR_X0Y1            BUFR                         0.000     6.734 r  design_1_i/axi_dynclk_0/U0/BUFR_inst/O
                         net (fo=2975, routed)        0.601     7.335    design_1_i/v_tc_0/U0/U_VIDEO_CTRL/AXI4_LITE_INTERFACE.CORE_MUX0/vid_aclk
    SLICE_X27Y13         FDRE                                         r  design_1_i/v_tc_0/U0/U_VIDEO_CTRL/AXI4_LITE_INTERFACE.CORE_MUX0/GEN_TREE.GEN_BRANCH[3].GEN_MUX_REG.data_out_reg_reg[3][9]/C
                         clock pessimism              0.022     7.357    
                         clock uncertainty           -0.047     7.310    
    SLICE_X27Y13         FDRE (Setup_fdre_C_D)        0.057     7.367    design_1_i/v_tc_0/U0/U_VIDEO_CTRL/AXI4_LITE_INTERFACE.CORE_MUX0/GEN_TREE.GEN_BRANCH[3].GEN_MUX_REG.data_out_reg_reg[3][9]
  -------------------------------------------------------------------
                         required time                          7.367    
                         arrival time                          -6.699    
  -------------------------------------------------------------------
                         slack                                  0.668    

Slack (MET) :             0.691ns  (required time - arrival time)
  Source:                 design_1_i/v_tc_0/U0/U_VIDEO_CTRL/AXI4_LITE_INTERFACE.SYNC2VIDCLK_I/data_sync_reg[2][34]/C
                            (rising edge-triggered cell FDRE clocked by hdmi_pxlClk  {rise@0.000ns fall@3.367ns period=6.734ns})
  Destination:            design_1_i/v_tc_0/U0/U_VIDEO_CTRL/AXI4_LITE_INTERFACE.GENR_MUX0/GEN_TREE.GEN_BRANCH[31].GEN_MUX_REG.data_out_reg_reg[31][17]/D
                            (rising edge-triggered cell FDRE clocked by hdmi_pxlClk  {rise@0.000ns fall@3.367ns period=6.734ns})
  Path Group:             hdmi_pxlClk
  Path Type:              Setup (Max at Slow Process Corner)
  Requirement:            6.734ns  (hdmi_pxlClk rise@6.734ns - hdmi_pxlClk rise@0.000ns)
  Data Path Delay:        5.976ns  (logic 0.524ns (8.769%)  route 5.452ns (91.231%))
  Logic Levels:           1  (LUT3=1)
  Clock Path Skew:        -0.050ns (DCD - SCD + CPR)
    Destination Clock Delay (DCD):    0.590ns = ( 7.324 - 6.734 ) 
    Source Clock Delay      (SCD):    0.662ns
    Clock Pessimism Removal (CPR):    0.022ns
  Clock Uncertainty:      0.047ns  ((TSJ^2 + DJ^2)^1/2) / 2 + PE
    Total System Jitter     (TSJ):    0.071ns
    Discrete Jitter          (DJ):    0.063ns
    Phase Error              (PE):    0.000ns

    Location             Delay type                Incr(ns)  Path(ns)    Netlist Resource(s)
  -------------------------------------------------------------------    -------------------
                         (clock hdmi_pxlClk rise edge)
                                                      0.000     0.000 r  
    BUFR_X0Y1            BUFR                         0.000     0.000 r  design_1_i/axi_dynclk_0/U0/BUFR_inst/O
                         net (fo=2975, routed)        0.662     0.662    design_1_i/v_tc_0/U0/U_VIDEO_CTRL/AXI4_LITE_INTERFACE.SYNC2VIDCLK_I/vid_aclk
    SLICE_X22Y37         FDRE                                         r  design_1_i/v_tc_0/U0/U_VIDEO_CTRL/AXI4_LITE_INTERFACE.SYNC2VIDCLK_I/data_sync_reg[2][34]/C
  -------------------------------------------------------------------    -------------------
    SLICE_X22Y37         FDRE (Prop_fdre_C_Q)         0.313     0.975 r  design_1_i/v_tc_0/U0/U_VIDEO_CTRL/AXI4_LITE_INTERFACE.SYNC2VIDCLK_I/data_sync_reg[2][34]/Q
                         net (fo=398, routed)         5.452     6.427    design_1_i/v_tc_0/U0/U_VIDEO_CTRL/AXI4_LITE_INTERFACE.SYNC2VIDCLK_I/data_sync[2]_2[34]
    SLICE_X27Y25         LUT3 (Prop_lut3_I1_O)        0.211     6.638 r  design_1_i/v_tc_0/U0/U_VIDEO_CTRL/AXI4_LITE_INTERFACE.SYNC2VIDCLK_I/GEN_TREE.GEN_BRANCH[31].GEN_MUX_REG.data_out_reg[31][17]_i_1/O
                         net (fo=1, routed)           0.000     6.638    design_1_i/v_tc_0/U0/U_VIDEO_CTRL/AXI4_LITE_INTERFACE.GENR_MUX0/GEN_TREE.GEN_BRANCH[31].GEN_MUX_REG.data_out_reg_reg[31][17]_0
    SLICE_X27Y25         FDRE                                         r  design_1_i/v_tc_0/U0/U_VIDEO_CTRL/AXI4_LITE_INTERFACE.GENR_MUX0/GEN_TREE.GEN_BRANCH[31].GEN_MUX_REG.data_out_reg_reg[31][17]/D
  -------------------------------------------------------------------    -------------------

                         (clock hdmi_pxlClk rise edge)
                                                      6.734     6.734 r  
    BUFR_X0Y1            BUFR                         0.000     6.734 r  design_1_i/axi_dynclk_0/U0/BUFR_inst/O
                         net (fo=2975, routed)        0.590     7.324    design_1_i/v_tc_0/U0/U_VIDEO_CTRL/AXI4_LITE_INTERFACE.GENR_MUX0/vid_aclk
    SLICE_X27Y25         FDRE                                         r  design_1_i/v_tc_0/U0/U_VIDEO_CTRL/AXI4_LITE_INTERFACE.GENR_MUX0/GEN_TREE.GEN_BRANCH[31].GEN_MUX_REG.data_out_reg_reg[31][17]/C
                         clock pessimism              0.022     7.346    
                         clock uncertainty           -0.047     7.299    
    SLICE_X27Y25         FDRE (Setup_fdre_C_D)        0.030     7.329    design_1_i/v_tc_0/U0/U_VIDEO_CTRL/AXI4_LITE_INTERFACE.GENR_MUX0/GEN_TREE.GEN_BRANCH[31].GEN_MUX_REG.data_out_reg_reg[31][17]
  -------------------------------------------------------------------
                         required time                          7.329    
                         arrival time                          -6.638    
  -------------------------------------------------------------------
                         slack                                  0.691    

Slack (MET) :             0.693ns  (required time - arrival time)
  Source:                 design_1_i/v_tc_0/U0/U_VIDEO_CTRL/AXI4_LITE_INTERFACE.SYNC2VIDCLK_I/data_sync_reg[2][34]/C
                            (rising edge-triggered cell FDRE clocked by hdmi_pxlClk  {rise@0.000ns fall@3.367ns period=6.734ns})
  Destination:            design_1_i/v_tc_0/U0/U_VIDEO_CTRL/AXI4_LITE_INTERFACE.GENR_MUX0/GEN_TREE.GEN_BRANCH[34].GEN_MUX_REG.data_out_reg_reg[34][0]/R
                            (rising edge-triggered cell FDRE clocked by hdmi_pxlClk  {rise@0.000ns fall@3.367ns period=6.734ns})
  Path Group:             hdmi_pxlClk
  Path Type:              Setup (Max at Slow Process Corner)
  Requirement:            6.734ns  (hdmi_pxlClk rise@6.734ns - hdmi_pxlClk rise@0.000ns)
  Data Path Delay:        5.525ns  (logic 0.313ns (5.665%)  route 5.212ns (94.335%))
  Logic Levels:           0  
  Clock Path Skew:        -0.041ns (DCD - SCD + CPR)
    Destination Clock Delay (DCD):    0.599ns = ( 7.333 - 6.734 ) 
    Source Clock Delay      (SCD):    0.662ns
    Clock Pessimism Removal (CPR):    0.022ns
  Clock Uncertainty:      0.047ns  ((TSJ^2 + DJ^2)^1/2) / 2 + PE
    Total System Jitter     (TSJ):    0.071ns
    Discrete Jitter          (DJ):    0.063ns
    Phase Error              (PE):    0.000ns

    Location             Delay type                Incr(ns)  Path(ns)    Netlist Resource(s)
  -------------------------------------------------------------------    -------------------
                         (clock hdmi_pxlClk rise edge)
                                                      0.000     0.000 r  
    BUFR_X0Y1            BUFR                         0.000     0.000 r  design_1_i/axi_dynclk_0/U0/BUFR_inst/O
                         net (fo=2975, routed)        0.662     0.662    design_1_i/v_tc_0/U0/U_VIDEO_CTRL/AXI4_LITE_INTERFACE.SYNC2VIDCLK_I/vid_aclk
    SLICE_X22Y37         FDRE                                         r  design_1_i/v_tc_0/U0/U_VIDEO_CTRL/AXI4_LITE_INTERFACE.SYNC2VIDCLK_I/data_sync_reg[2][34]/C
  -------------------------------------------------------------------    -------------------
    SLICE_X22Y37         FDRE (Prop_fdre_C_Q)         0.313     0.975 r  design_1_i/v_tc_0/U0/U_VIDEO_CTRL/AXI4_LITE_INTERFACE.SYNC2VIDCLK_I/data_sync_reg[2][34]/Q
                         net (fo=398, routed)         5.212     6.187    design_1_i/v_tc_0/U0/U_VIDEO_CTRL/AXI4_LITE_INTERFACE.GENR_MUX0/ipif_addr_out[0]
    SLICE_X25Y15         FDRE                                         r  design_1_i/v_tc_0/U0/U_VIDEO_CTRL/AXI4_LITE_INTERFACE.GENR_MUX0/GEN_TREE.GEN_BRANCH[34].GEN_MUX_REG.data_out_reg_reg[34][0]/R
  -------------------------------------------------------------------    -------------------

                         (clock hdmi_pxlClk rise edge)
                                                      6.734     6.734 r  
    BUFR_X0Y1            BUFR                         0.000     6.734 r  design_1_i/axi_dynclk_0/U0/BUFR_inst/O
                         net (fo=2975, routed)        0.599     7.333    design_1_i/v_tc_0/U0/U_VIDEO_CTRL/AXI4_LITE_INTERFACE.GENR_MUX0/vid_aclk
    SLICE_X25Y15         FDRE                                         r  design_1_i/v_tc_0/U0/U_VIDEO_CTRL/AXI4_LITE_INTERFACE.GENR_MUX0/GEN_TREE.GEN_BRANCH[34].GEN_MUX_REG.data_out_reg_reg[34][0]/C
                         clock pessimism              0.022     7.355    
                         clock uncertainty           -0.047     7.308    
    SLICE_X25Y15         FDRE (Setup_fdre_C_R)       -0.428     6.880    design_1_i/v_tc_0/U0/U_VIDEO_CTRL/AXI4_LITE_INTERFACE.GENR_MUX0/GEN_TREE.GEN_BRANCH[34].GEN_MUX_REG.data_out_reg_reg[34][0]
  -------------------------------------------------------------------
                         required time                          6.880    
                         arrival time                          -6.187    
  -------------------------------------------------------------------
                         slack                                  0.693    

Slack (MET) :             0.693ns  (required time - arrival time)
  Source:                 design_1_i/v_tc_0/U0/U_VIDEO_CTRL/AXI4_LITE_INTERFACE.SYNC2VIDCLK_I/data_sync_reg[2][34]/C
                            (rising edge-triggered cell FDRE clocked by hdmi_pxlClk  {rise@0.000ns fall@3.367ns period=6.734ns})
  Destination:            design_1_i/v_tc_0/U0/U_VIDEO_CTRL/AXI4_LITE_INTERFACE.GENR_MUX0/GEN_TREE.GEN_BRANCH[34].GEN_MUX_REG.data_out_reg_reg[34][2]/R
                            (rising edge-triggered cell FDRE clocked by hdmi_pxlClk  {rise@0.000ns fall@3.367ns period=6.734ns})
  Path Group:             hdmi_pxlClk
  Path Type:              Setup (Max at Slow Process Corner)
  Requirement:            6.734ns  (hdmi_pxlClk rise@6.734ns - hdmi_pxlClk rise@0.000ns)
  Data Path Delay:        5.525ns  (logic 0.313ns (5.665%)  route 5.212ns (94.335%))
  Logic Levels:           0  
  Clock Path Skew:        -0.041ns (DCD - SCD + CPR)
    Destination Clock Delay (DCD):    0.599ns = ( 7.333 - 6.734 ) 
    Source Clock Delay      (SCD):    0.662ns
    Clock Pessimism Removal (CPR):    0.022ns
  Clock Uncertainty:      0.047ns  ((TSJ^2 + DJ^2)^1/2) / 2 + PE
    Total System Jitter     (TSJ):    0.071ns
    Discrete Jitter          (DJ):    0.063ns
    Phase Error              (PE):    0.000ns

    Location             Delay type                Incr(ns)  Path(ns)    Netlist Resource(s)
  -------------------------------------------------------------------    -------------------
                         (clock hdmi_pxlClk rise edge)
                                                      0.000     0.000 r  
    BUFR_X0Y1            BUFR                         0.000     0.000 r  design_1_i/axi_dynclk_0/U0/BUFR_inst/O
                         net (fo=2975, routed)        0.662     0.662    design_1_i/v_tc_0/U0/U_VIDEO_CTRL/AXI4_LITE_INTERFACE.SYNC2VIDCLK_I/vid_aclk
    SLICE_X22Y37         FDRE                                         r  design_1_i/v_tc_0/U0/U_VIDEO_CTRL/AXI4_LITE_INTERFACE.SYNC2VIDCLK_I/data_sync_reg[2][34]/C
  -------------------------------------------------------------------    -------------------
    SLICE_X22Y37         FDRE (Prop_fdre_C_Q)         0.313     0.975 r  design_1_i/v_tc_0/U0/U_VIDEO_CTRL/AXI4_LITE_INTERFACE.SYNC2VIDCLK_I/data_sync_reg[2][34]/Q
                         net (fo=398, routed)         5.212     6.187    design_1_i/v_tc_0/U0/U_VIDEO_CTRL/AXI4_LITE_INTERFACE.GENR_MUX0/ipif_addr_out[0]
    SLICE_X25Y15         FDRE                                         r  design_1_i/v_tc_0/U0/U_VIDEO_CTRL/AXI4_LITE_INTERFACE.GENR_MUX0/GEN_TREE.GEN_BRANCH[34].GEN_MUX_REG.data_out_reg_reg[34][2]/R
  -------------------------------------------------------------------    -------------------

                         (clock hdmi_pxlClk rise edge)
                                                      6.734     6.734 r  
    BUFR_X0Y1            BUFR                         0.000     6.734 r  design_1_i/axi_dynclk_0/U0/BUFR_inst/O
                         net (fo=2975, routed)        0.599     7.333    design_1_i/v_tc_0/U0/U_VIDEO_CTRL/AXI4_LITE_INTERFACE.GENR_MUX0/vid_aclk
    SLICE_X25Y15         FDRE                                         r  design_1_i/v_tc_0/U0/U_VIDEO_CTRL/AXI4_LITE_INTERFACE.GENR_MUX0/GEN_TREE.GEN_BRANCH[34].GEN_MUX_REG.data_out_reg_reg[34][2]/C
                         clock pessimism              0.022     7.355    
                         clock uncertainty           -0.047     7.308    
    SLICE_X25Y15         FDRE (Setup_fdre_C_R)       -0.428     6.880    design_1_i/v_tc_0/U0/U_VIDEO_CTRL/AXI4_LITE_INTERFACE.GENR_MUX0/GEN_TREE.GEN_BRANCH[34].GEN_MUX_REG.data_out_reg_reg[34][2]
  -------------------------------------------------------------------
                         required time                          6.880    
                         arrival time                          -6.187    
  -------------------------------------------------------------------
                         slack                                  0.693    

Slack (MET) :             0.695ns  (required time - arrival time)
  Source:                 design_1_i/v_tc_0/U0/U_VIDEO_CTRL/AXI4_LITE_INTERFACE.SYNC2VIDCLK_I/data_sync_reg[2][34]/C
                            (rising edge-triggered cell FDRE clocked by hdmi_pxlClk  {rise@0.000ns fall@3.367ns period=6.734ns})
  Destination:            design_1_i/v_tc_0/U0/U_VIDEO_CTRL/AXI4_LITE_INTERFACE.GENR_MUX0/GEN_TREE.GEN_BRANCH[31].GEN_MUX_REG.data_out_reg_reg[31][2]/D
                            (rising edge-triggered cell FDRE clocked by hdmi_pxlClk  {rise@0.000ns fall@3.367ns period=6.734ns})
  Path Group:             hdmi_pxlClk
  Path Type:              Setup (Max at Slow Process Corner)
  Requirement:            6.734ns  (hdmi_pxlClk rise@6.734ns - hdmi_pxlClk rise@0.000ns)
  Data Path Delay:        5.980ns  (logic 0.524ns (8.762%)  route 5.456ns (91.238%))
  Logic Levels:           1  (LUT3=1)
  Clock Path Skew:        -0.041ns (DCD - SCD + CPR)
    Destination Clock Delay (DCD):    0.599ns = ( 7.333 - 6.734 ) 
    Source Clock Delay      (SCD):    0.662ns
    Clock Pessimism Removal (CPR):    0.022ns
  Clock Uncertainty:      0.047ns  ((TSJ^2 + DJ^2)^1/2) / 2 + PE
    Total System Jitter     (TSJ):    0.071ns
    Discrete Jitter          (DJ):    0.063ns
    Phase Error              (PE):    0.000ns

    Location             Delay type                Incr(ns)  Path(ns)    Netlist Resource(s)
  -------------------------------------------------------------------    -------------------
                         (clock hdmi_pxlClk rise edge)
                                                      0.000     0.000 r  
    BUFR_X0Y1            BUFR                         0.000     0.000 r  design_1_i/axi_dynclk_0/U0/BUFR_inst/O
                         net (fo=2975, routed)        0.662     0.662    design_1_i/v_tc_0/U0/U_VIDEO_CTRL/AXI4_LITE_INTERFACE.SYNC2VIDCLK_I/vid_aclk
    SLICE_X22Y37         FDRE                                         r  design_1_i/v_tc_0/U0/U_VIDEO_CTRL/AXI4_LITE_INTERFACE.SYNC2VIDCLK_I/data_sync_reg[2][34]/C
  -------------------------------------------------------------------    -------------------
    SLICE_X22Y37         FDRE (Prop_fdre_C_Q)         0.313     0.975 r  design_1_i/v_tc_0/U0/U_VIDEO_CTRL/AXI4_LITE_INTERFACE.SYNC2VIDCLK_I/data_sync_reg[2][34]/Q
                         net (fo=398, routed)         5.456     6.431    design_1_i/v_tc_0/U0/U_VIDEO_CTRL/AXI4_LITE_INTERFACE.SYNC2VIDCLK_I/data_sync[2]_2[34]
    SLICE_X26Y16         LUT3 (Prop_lut3_I1_O)        0.211     6.642 r  design_1_i/v_tc_0/U0/U_VIDEO_CTRL/AXI4_LITE_INTERFACE.SYNC2VIDCLK_I/GEN_TREE.GEN_BRANCH[31].GEN_MUX_REG.data_out_reg[31][2]_i_1/O
                         net (fo=1, routed)           0.000     6.642    design_1_i/v_tc_0/U0/U_VIDEO_CTRL/AXI4_LITE_INTERFACE.GENR_MUX0/GEN_TREE.GEN_BRANCH[31].GEN_MUX_REG.data_out_reg_reg[31][2]_0
    SLICE_X26Y16         FDRE                                         r  design_1_i/v_tc_0/U0/U_VIDEO_CTRL/AXI4_LITE_INTERFACE.GENR_MUX0/GEN_TREE.GEN_BRANCH[31].GEN_MUX_REG.data_out_reg_reg[31][2]/D
  -------------------------------------------------------------------    -------------------

                         (clock hdmi_pxlClk rise edge)
                                                      6.734     6.734 r  
    BUFR_X0Y1            BUFR                         0.000     6.734 r  design_1_i/axi_dynclk_0/U0/BUFR_inst/O
                         net (fo=2975, routed)        0.599     7.333    design_1_i/v_tc_0/U0/U_VIDEO_CTRL/AXI4_LITE_INTERFACE.GENR_MUX0/vid_aclk
    SLICE_X26Y16         FDRE                                         r  design_1_i/v_tc_0/U0/U_VIDEO_CTRL/AXI4_LITE_INTERFACE.GENR_MUX0/GEN_TREE.GEN_BRANCH[31].GEN_MUX_REG.data_out_reg_reg[31][2]/C
                         clock pessimism              0.022     7.355    
                         clock uncertainty           -0.047     7.308    
    SLICE_X26Y16         FDRE (Setup_fdre_C_D)        0.030     7.338    design_1_i/v_tc_0/U0/U_VIDEO_CTRL/AXI4_LITE_INTERFACE.GENR_MUX0/GEN_TREE.GEN_BRANCH[31].GEN_MUX_REG.data_out_reg_reg[31][2]
  -------------------------------------------------------------------
                         required time                          7.338    
                         arrival time                          -6.642    
  -------------------------------------------------------------------
                         slack                                  0.695    





Min Delay Paths
--------------------------------------------------------------------------------------
Slack (MET) :             0.105ns  (arrival time - required time)
  Source:                 design_1_i/v_tc_0/U0/U_VIDEO_CTRL/AXI4_LITE_INTERFACE.time_control_regs2_int_reg[25][21]/C
                            (rising edge-triggered cell FDSE clocked by hdmi_pxlClk  {rise@0.000ns fall@3.367ns period=6.734ns})
  Destination:            design_1_i/v_tc_0/U0/U_TC_TOP/GEN_GENERATOR.U_TC_GEN/v0bp_start_hori_reg[5]/D
                            (rising edge-triggered cell FDRE clocked by hdmi_pxlClk  {rise@0.000ns fall@3.367ns period=6.734ns})
  Path Group:             hdmi_pxlClk
  Path Type:              Hold (Min at Fast Process Corner)
  Requirement:            0.000ns  (hdmi_pxlClk rise@0.000ns - hdmi_pxlClk rise@0.000ns)
  Data Path Delay:        0.194ns  (logic 0.141ns (72.678%)  route 0.053ns (27.322%))
  Logic Levels:           0  
  Clock Path Skew:        0.013ns (DCD - SCD - CPR)
    Destination Clock Delay (DCD):    0.313ns
    Source Clock Delay      (SCD):    0.279ns
    Clock Pessimism Removal (CPR):    0.021ns

    Location             Delay type                Incr(ns)  Path(ns)    Netlist Resource(s)
  -------------------------------------------------------------------    -------------------
                         (clock hdmi_pxlClk rise edge)
                                                      0.000     0.000 r  
    BUFR_X0Y1            BUFR                         0.000     0.000 r  design_1_i/axi_dynclk_0/U0/BUFR_inst/O
                         net (fo=2975, routed)        0.279     0.279    design_1_i/v_tc_0/U0/U_VIDEO_CTRL/vid_aclk
    SLICE_X35Y28         FDSE                                         r  design_1_i/v_tc_0/U0/U_VIDEO_CTRL/AXI4_LITE_INTERFACE.time_control_regs2_int_reg[25][21]/C
  -------------------------------------------------------------------    -------------------
    SLICE_X35Y28         FDSE (Prop_fdse_C_Q)         0.141     0.420 r  design_1_i/v_tc_0/U0/U_VIDEO_CTRL/AXI4_LITE_INTERFACE.time_control_regs2_int_reg[25][21]/Q
                         net (fo=1, routed)           0.053     0.473    design_1_i/v_tc_0/U0/U_TC_TOP/GEN_GENERATOR.U_TC_GEN/time_control_regs[25][17]
    SLICE_X34Y28         FDRE                                         r  design_1_i/v_tc_0/U0/U_TC_TOP/GEN_GENERATOR.U_TC_GEN/v0bp_start_hori_reg[5]/D
  -------------------------------------------------------------------    -------------------

                         (clock hdmi_pxlClk rise edge)
                                                      0.000     0.000 r  
    BUFR_X0Y1            BUFR                         0.000     0.000 r  design_1_i/axi_dynclk_0/U0/BUFR_inst/O
                         net (fo=2975, routed)        0.313     0.313    design_1_i/v_tc_0/U0/U_TC_TOP/GEN_GENERATOR.U_TC_GEN/clk
    SLICE_X34Y28         FDRE                                         r  design_1_i/v_tc_0/U0/U_TC_TOP/GEN_GENERATOR.U_TC_GEN/v0bp_start_hori_reg[5]/C
                         clock pessimism             -0.021     0.292    
    SLICE_X34Y28         FDRE (Hold_fdre_C_D)         0.076     0.368    design_1_i/v_tc_0/U0/U_TC_TOP/GEN_GENERATOR.U_TC_GEN/v0bp_start_hori_reg[5]
  -------------------------------------------------------------------
                         required time                         -0.368    
                         arrival time                           0.473    
  -------------------------------------------------------------------
                         slack                                  0.105    

Slack (MET) :             0.105ns  (arrival time - required time)
  Source:                 design_1_i/v_tc_0/U0/U_VIDEO_CTRL/AXI4_LITE_INTERFACE.genr_control_regs_int_reg[6][16]/C
                            (rising edge-triggered cell FDRE clocked by hdmi_pxlClk  {rise@0.000ns fall@3.367ns period=6.734ns})
  Destination:            design_1_i/v_tc_0/U0/U_VIDEO_CTRL/AXI4_LITE_INTERFACE.GENR_MUX0/GEN_TREE.GEN_BRANCH[34].GEN_MUX_REG.data_out_reg_reg[34][16]/D
                            (rising edge-triggered cell FDRE clocked by hdmi_pxlClk  {rise@0.000ns fall@3.367ns period=6.734ns})
  Path Group:             hdmi_pxlClk
  Path Type:              Hold (Min at Fast Process Corner)
  Requirement:            0.000ns  (hdmi_pxlClk rise@0.000ns - hdmi_pxlClk rise@0.000ns)
  Data Path Delay:        0.194ns  (logic 0.141ns (72.678%)  route 0.053ns (27.322%))
  Logic Levels:           0  
  Clock Path Skew:        0.013ns (DCD - SCD - CPR)
    Destination Clock Delay (DCD):    0.321ns
    Source Clock Delay      (SCD):    0.285ns
    Clock Pessimism Removal (CPR):    0.023ns

    Location             Delay type                Incr(ns)  Path(ns)    Netlist Resource(s)
  -------------------------------------------------------------------    -------------------
                         (clock hdmi_pxlClk rise edge)
                                                      0.000     0.000 r  
    BUFR_X0Y1            BUFR                         0.000     0.000 r  design_1_i/axi_dynclk_0/U0/BUFR_inst/O
                         net (fo=2975, routed)        0.285     0.285    design_1_i/v_tc_0/U0/U_VIDEO_CTRL/vid_aclk
    SLICE_X29Y15         FDRE                                         r  design_1_i/v_tc_0/U0/U_VIDEO_CTRL/AXI4_LITE_INTERFACE.genr_control_regs_int_reg[6][16]/C
  -------------------------------------------------------------------    -------------------
    SLICE_X29Y15         FDRE (Prop_fdre_C_Q)         0.141     0.426 r  design_1_i/v_tc_0/U0/U_VIDEO_CTRL/AXI4_LITE_INTERFACE.genr_control_regs_int_reg[6][16]/Q
                         net (fo=1, routed)           0.053     0.479    design_1_i/v_tc_0/U0/U_VIDEO_CTRL/AXI4_LITE_INTERFACE.GENR_MUX0/genr_control_regs[6][16]
    SLICE_X28Y15         FDRE                                         r  design_1_i/v_tc_0/U0/U_VIDEO_CTRL/AXI4_LITE_INTERFACE.GENR_MUX0/GEN_TREE.GEN_BRANCH[34].GEN_MUX_REG.data_out_reg_reg[34][16]/D
  -------------------------------------------------------------------    -------------------

                         (clock hdmi_pxlClk rise edge)
                                                      0.000     0.000 r  
    BUFR_X0Y1            BUFR                         0.000     0.000 r  design_1_i/axi_dynclk_0/U0/BUFR_inst/O
                         net (fo=2975, routed)        0.321     0.321    design_1_i/v_tc_0/U0/U_VIDEO_CTRL/AXI4_LITE_INTERFACE.GENR_MUX0/vid_aclk
    SLICE_X28Y15         FDRE                                         r  design_1_i/v_tc_0/U0/U_VIDEO_CTRL/AXI4_LITE_INTERFACE.GENR_MUX0/GEN_TREE.GEN_BRANCH[34].GEN_MUX_REG.data_out_reg_reg[34][16]/C
                         clock pessimism             -0.023     0.298    
    SLICE_X28Y15         FDRE (Hold_fdre_C_D)         0.076     0.374    design_1_i/v_tc_0/U0/U_VIDEO_CTRL/AXI4_LITE_INTERFACE.GENR_MUX0/GEN_TREE.GEN_BRANCH[34].GEN_MUX_REG.data_out_reg_reg[34][16]
  -------------------------------------------------------------------
                         required time                         -0.374    
                         arrival time                           0.479    
  -------------------------------------------------------------------
                         slack                                  0.105    

Slack (MET) :             0.105ns  (arrival time - required time)
  Source:                 design_1_i/v_tc_0/U0/U_VIDEO_CTRL/AXI4_LITE_INTERFACE.time_control_regs_int_reg[29][4]/C
                            (rising edge-triggered cell FDRE clocked by hdmi_pxlClk  {rise@0.000ns fall@3.367ns period=6.734ns})
  Destination:            design_1_i/v_tc_0/U0/U_VIDEO_CTRL/AXI4_LITE_INTERFACE.GENR_MUX0/GEN_TREE.GEN_BRANCH[49].GEN_MUX_REG.data_out_reg_reg[49][4]/D
                            (rising edge-triggered cell FDRE clocked by hdmi_pxlClk  {rise@0.000ns fall@3.367ns period=6.734ns})
  Path Group:             hdmi_pxlClk
  Path Type:              Hold (Min at Fast Process Corner)
  Requirement:            0.000ns  (hdmi_pxlClk rise@0.000ns - hdmi_pxlClk rise@0.000ns)
  Data Path Delay:        0.239ns  (logic 0.186ns (77.822%)  route 0.053ns (22.178%))
  Logic Levels:           1  (LUT3=1)
  Clock Path Skew:        0.013ns (DCD - SCD - CPR)
    Destination Clock Delay (DCD):    0.325ns
    Source Clock Delay      (SCD):    0.289ns
    Clock Pessimism Removal (CPR):    0.023ns

    Location             Delay type                Incr(ns)  Path(ns)    Netlist Resource(s)
  -------------------------------------------------------------------    -------------------
                         (clock hdmi_pxlClk rise edge)
                                                      0.000     0.000 r  
    BUFR_X0Y1            BUFR                         0.000     0.000 r  design_1_i/axi_dynclk_0/U0/BUFR_inst/O
                         net (fo=2975, routed)        0.289     0.289    design_1_i/v_tc_0/U0/U_VIDEO_CTRL/vid_aclk
    SLICE_X35Y6          FDRE                                         r  design_1_i/v_tc_0/U0/U_VIDEO_CTRL/AXI4_LITE_INTERFACE.time_control_regs_int_reg[29][4]/C
  -------------------------------------------------------------------    -------------------
    SLICE_X35Y6          FDRE (Prop_fdre_C_Q)         0.141     0.430 r  design_1_i/v_tc_0/U0/U_VIDEO_CTRL/AXI4_LITE_INTERFACE.time_control_regs_int_reg[29][4]/Q
                         net (fo=1, routed)           0.053     0.483    design_1_i/v_tc_0/U0/U_VIDEO_CTRL/AXI4_LITE_INTERFACE.SYNC2VIDCLK_I/genr_regs[241]
    SLICE_X34Y6          LUT3 (Prop_lut3_I0_O)        0.045     0.528 r  design_1_i/v_tc_0/U0/U_VIDEO_CTRL/AXI4_LITE_INTERFACE.SYNC2VIDCLK_I/GEN_TREE.GEN_BRANCH[49].GEN_MUX_REG.data_out_reg[49][4]_i_1/O
                         net (fo=1, routed)           0.000     0.528    design_1_i/v_tc_0/U0/U_VIDEO_CTRL/AXI4_LITE_INTERFACE.GENR_MUX0/p_0_in[4]
    SLICE_X34Y6          FDRE                                         r  design_1_i/v_tc_0/U0/U_VIDEO_CTRL/AXI4_LITE_INTERFACE.GENR_MUX0/GEN_TREE.GEN_BRANCH[49].GEN_MUX_REG.data_out_reg_reg[49][4]/D
  -------------------------------------------------------------------    -------------------

                         (clock hdmi_pxlClk rise edge)
                                                      0.000     0.000 r  
    BUFR_X0Y1            BUFR                         0.000     0.000 r  design_1_i/axi_dynclk_0/U0/BUFR_inst/O
                         net (fo=2975, routed)        0.325     0.325    design_1_i/v_tc_0/U0/U_VIDEO_CTRL/AXI4_LITE_INTERFACE.GENR_MUX0/vid_aclk
    SLICE_X34Y6          FDRE                                         r  design_1_i/v_tc_0/U0/U_VIDEO_CTRL/AXI4_LITE_INTERFACE.GENR_MUX0/GEN_TREE.GEN_BRANCH[49].GEN_MUX_REG.data_out_reg_reg[49][4]/C
                         clock pessimism             -0.023     0.302    
    SLICE_X34Y6          FDRE (Hold_fdre_C_D)         0.121     0.423    design_1_i/v_tc_0/U0/U_VIDEO_CTRL/AXI4_LITE_INTERFACE.GENR_MUX0/GEN_TREE.GEN_BRANCH[49].GEN_MUX_REG.data_out_reg_reg[49][4]
  -------------------------------------------------------------------
                         required time                         -0.423    
                         arrival time                           0.528    
  -------------------------------------------------------------------
                         slack                                  0.105    

Slack (MET) :             0.108ns  (arrival time - required time)
  Source:                 design_1_i/v_tc_0/U0/U_VIDEO_CTRL/AXI4_LITE_INTERFACE.GENR_MUX0/GEN_TREE.GEN_BRANCH[49].GEN_MUX_REG.data_out_reg_reg[49][12]/C
                            (rising edge-triggered cell FDRE clocked by hdmi_pxlClk  {rise@0.000ns fall@3.367ns period=6.734ns})
  Destination:            design_1_i/v_tc_0/U0/U_VIDEO_CTRL/AXI4_LITE_INTERFACE.GENR_MUX0/GEN_TREE.GEN_BRANCH[5].GEN_MUX_REG.data_out_reg_reg[5][12]/D
                            (rising edge-triggered cell FDRE clocked by hdmi_pxlClk  {rise@0.000ns fall@3.367ns period=6.734ns})
  Path Group:             hdmi_pxlClk
  Path Type:              Hold (Min at Fast Process Corner)
  Requirement:            0.000ns  (hdmi_pxlClk rise@0.000ns - hdmi_pxlClk rise@0.000ns)
  Data Path Delay:        0.241ns  (logic 0.186ns (77.176%)  route 0.055ns (22.824%))
  Logic Levels:           1  (LUT5=1)
  Clock Path Skew:        0.013ns (DCD - SCD - CPR)
    Destination Clock Delay (DCD):    0.299ns
    Source Clock Delay      (SCD):    0.264ns
    Clock Pessimism Removal (CPR):    0.022ns

    Location             Delay type                Incr(ns)  Path(ns)    Netlist Resource(s)
  -------------------------------------------------------------------    -------------------
                         (clock hdmi_pxlClk rise edge)
                                                      0.000     0.000 r  
    BUFR_X0Y1            BUFR                         0.000     0.000 r  design_1_i/axi_dynclk_0/U0/BUFR_inst/O
                         net (fo=2975, routed)        0.264     0.264    design_1_i/v_tc_0/U0/U_VIDEO_CTRL/AXI4_LITE_INTERFACE.GENR_MUX0/vid_aclk
    SLICE_X39Y40         FDRE                                         r  design_1_i/v_tc_0/U0/U_VIDEO_CTRL/AXI4_LITE_INTERFACE.GENR_MUX0/GEN_TREE.GEN_BRANCH[49].GEN_MUX_REG.data_out_reg_reg[49][12]/C
  -------------------------------------------------------------------    -------------------
    SLICE_X39Y40         FDRE (Prop_fdre_C_Q)         0.141     0.405 r  design_1_i/v_tc_0/U0/U_VIDEO_CTRL/AXI4_LITE_INTERFACE.GENR_MUX0/GEN_TREE.GEN_BRANCH[49].GEN_MUX_REG.data_out_reg_reg[49][12]/Q
                         net (fo=1, routed)           0.055     0.460    design_1_i/v_tc_0/U0/U_VIDEO_CTRL/AXI4_LITE_INTERFACE.GENR_MUX0/GEN_TREE.GEN_BRANCH[49].GEN_MUX_REG.data_out_reg_reg[49]_2[12]
    SLICE_X38Y40         LUT5 (Prop_lut5_I0_O)        0.045     0.505 r  design_1_i/v_tc_0/U0/U_VIDEO_CTRL/AXI4_LITE_INTERFACE.GENR_MUX0/GEN_TREE.GEN_BRANCH[5].GEN_MUX_REG.data_out_reg[5][12]_i_1/O
                         net (fo=1, routed)           0.000     0.505    design_1_i/v_tc_0/U0/U_VIDEO_CTRL/AXI4_LITE_INTERFACE.GENR_MUX0/GEN_TREE.GEN_BRANCH[5].GEN_MUX_REG.data_out_reg[5][12]_i_1_n_0
    SLICE_X38Y40         FDRE                                         r  design_1_i/v_tc_0/U0/U_VIDEO_CTRL/AXI4_LITE_INTERFACE.GENR_MUX0/GEN_TREE.GEN_BRANCH[5].GEN_MUX_REG.data_out_reg_reg[5][12]/D
  -------------------------------------------------------------------    -------------------

                         (clock hdmi_pxlClk rise edge)
                                                      0.000     0.000 r  
    BUFR_X0Y1            BUFR                         0.000     0.000 r  design_1_i/axi_dynclk_0/U0/BUFR_inst/O
                         net (fo=2975, routed)        0.299     0.299    design_1_i/v_tc_0/U0/U_VIDEO_CTRL/AXI4_LITE_INTERFACE.GENR_MUX0/vid_aclk
    SLICE_X38Y40         FDRE                                         r  design_1_i/v_tc_0/U0/U_VIDEO_CTRL/AXI4_LITE_INTERFACE.GENR_MUX0/GEN_TREE.GEN_BRANCH[5].GEN_MUX_REG.data_out_reg_reg[5][12]/C
                         clock pessimism             -0.022     0.277    
    SLICE_X38Y40         FDRE (Hold_fdre_C_D)         0.120     0.397    design_1_i/v_tc_0/U0/U_VIDEO_CTRL/AXI4_LITE_INTERFACE.GENR_MUX0/GEN_TREE.GEN_BRANCH[5].GEN_MUX_REG.data_out_reg_reg[5][12]
  -------------------------------------------------------------------
                         required time                         -0.397    
                         arrival time                           0.505    
  -------------------------------------------------------------------
                         slack                                  0.108    

Slack (MET) :             0.113ns  (arrival time - required time)
  Source:                 design_1_i/v_tc_0/U0/U_VIDEO_CTRL/GEN_HAS_IRQ.intr_err_reg[25]/C
                            (rising edge-triggered cell FDRE clocked by hdmi_pxlClk  {rise@0.000ns fall@3.367ns period=6.734ns})
  Destination:            design_1_i/v_tc_0/U0/U_VIDEO_CTRL/AXI4_LITE_INTERFACE.GENR_MUX0/GEN_TREE.GEN_BRANCH[32].GEN_MUX_REG.data_out_reg_reg[32][25]/D
                            (rising edge-triggered cell FDRE clocked by hdmi_pxlClk  {rise@0.000ns fall@3.367ns period=6.734ns})
  Path Group:             hdmi_pxlClk
  Path Type:              Hold (Min at Fast Process Corner)
  Requirement:            0.000ns  (hdmi_pxlClk rise@0.000ns - hdmi_pxlClk rise@0.000ns)
  Data Path Delay:        0.247ns  (logic 0.186ns (75.345%)  route 0.061ns (24.655%))
  Logic Levels:           1  (LUT3=1)
  Clock Path Skew:        0.013ns (DCD - SCD - CPR)
    Destination Clock Delay (DCD):    0.321ns
    Source Clock Delay      (SCD):    0.285ns
    Clock Pessimism Removal (CPR):    0.023ns

    Location             Delay type                Incr(ns)  Path(ns)    Netlist Resource(s)
  -------------------------------------------------------------------    -------------------
                         (clock hdmi_pxlClk rise edge)
                                                      0.000     0.000 r  
    BUFR_X0Y1            BUFR                         0.000     0.000 r  design_1_i/axi_dynclk_0/U0/BUFR_inst/O
                         net (fo=2975, routed)        0.285     0.285    design_1_i/v_tc_0/U0/U_VIDEO_CTRL/vid_aclk
    SLICE_X29Y34         FDRE                                         r  design_1_i/v_tc_0/U0/U_VIDEO_CTRL/GEN_HAS_IRQ.intr_err_reg[25]/C
  -------------------------------------------------------------------    -------------------
    SLICE_X29Y34         FDRE (Prop_fdre_C_Q)         0.141     0.426 r  design_1_i/v_tc_0/U0/U_VIDEO_CTRL/GEN_HAS_IRQ.intr_err_reg[25]/Q
                         net (fo=2, routed)           0.061     0.487    design_1_i/v_tc_0/U0/U_VIDEO_CTRL/AXI4_LITE_INTERFACE.SYNC2VIDCLK_I/intr_err[25]
    SLICE_X28Y34         LUT3 (Prop_lut3_I2_O)        0.045     0.532 r  design_1_i/v_tc_0/U0/U_VIDEO_CTRL/AXI4_LITE_INTERFACE.SYNC2VIDCLK_I/GEN_TREE.GEN_BRANCH[32].GEN_MUX_REG.data_out_reg[32][25]_i_1/O
                         net (fo=1, routed)           0.000     0.532    design_1_i/v_tc_0/U0/U_VIDEO_CTRL/AXI4_LITE_INTERFACE.GENR_MUX0/GEN_TREE.GEN_BRANCH[32].GEN_MUX_REG.data_out_reg_reg[32][25]_0
    SLICE_X28Y34         FDRE                                         r  design_1_i/v_tc_0/U0/U_VIDEO_CTRL/AXI4_LITE_INTERFACE.GENR_MUX0/GEN_TREE.GEN_BRANCH[32].GEN_MUX_REG.data_out_reg_reg[32][25]/D
  -------------------------------------------------------------------    -------------------

                         (clock hdmi_pxlClk rise edge)
                                                      0.000     0.000 r  
    BUFR_X0Y1            BUFR                         0.000     0.000 r  design_1_i/axi_dynclk_0/U0/BUFR_inst/O
                         net (fo=2975, routed)        0.321     0.321    design_1_i/v_tc_0/U0/U_VIDEO_CTRL/AXI4_LITE_INTERFACE.GENR_MUX0/vid_aclk
    SLICE_X28Y34         FDRE                                         r  design_1_i/v_tc_0/U0/U_VIDEO_CTRL/AXI4_LITE_INTERFACE.GENR_MUX0/GEN_TREE.GEN_BRANCH[32].GEN_MUX_REG.data_out_reg_reg[32][25]/C
                         clock pessimism             -0.023     0.298    
    SLICE_X28Y34         FDRE (Hold_fdre_C_D)         0.121     0.419    design_1_i/v_tc_0/U0/U_VIDEO_CTRL/AXI4_LITE_INTERFACE.GENR_MUX0/GEN_TREE.GEN_BRANCH[32].GEN_MUX_REG.data_out_reg_reg[32][25]
  -------------------------------------------------------------------
                         required time                         -0.419    
                         arrival time                           0.532    
  -------------------------------------------------------------------
                         slack                                  0.113    

Slack (MET) :             0.116ns  (arrival time - required time)
  Source:                 design_1_i/v_tc_0/U0/U_VIDEO_CTRL/AXI4_LITE_INTERFACE.genr_control_regs_int_reg[3][21]/C
                            (rising edge-triggered cell FDRE clocked by hdmi_pxlClk  {rise@0.000ns fall@3.367ns period=6.734ns})
  Destination:            design_1_i/v_tc_0/U0/U_VIDEO_CTRL/AXI4_LITE_INTERFACE.GENR_MUX0/GEN_TREE.GEN_BRANCH[32].GEN_MUX_REG.data_out_reg_reg[32][21]/D
                            (rising edge-triggered cell FDRE clocked by hdmi_pxlClk  {rise@0.000ns fall@3.367ns period=6.734ns})
  Path Group:             hdmi_pxlClk
  Path Type:              Hold (Min at Fast Process Corner)
  Requirement:            0.000ns  (hdmi_pxlClk rise@0.000ns - hdmi_pxlClk rise@0.000ns)
  Data Path Delay:        0.250ns  (logic 0.186ns (74.336%)  route 0.064ns (25.664%))
  Logic Levels:           1  (LUT3=1)
  Clock Path Skew:        0.013ns (DCD - SCD - CPR)
    Destination Clock Delay (DCD):    0.317ns
    Source Clock Delay      (SCD):    0.283ns
    Clock Pessimism Removal (CPR):    0.021ns

    Location             Delay type                Incr(ns)  Path(ns)    Netlist Resource(s)
  -------------------------------------------------------------------    -------------------
                         (clock hdmi_pxlClk rise edge)
                                                      0.000     0.000 r  
    BUFR_X0Y1            BUFR                         0.000     0.000 r  design_1_i/axi_dynclk_0/U0/BUFR_inst/O
                         net (fo=2975, routed)        0.283     0.283    design_1_i/v_tc_0/U0/U_VIDEO_CTRL/vid_aclk
    SLICE_X35Y32         FDRE                                         r  design_1_i/v_tc_0/U0/U_VIDEO_CTRL/AXI4_LITE_INTERFACE.genr_control_regs_int_reg[3][21]/C
  -------------------------------------------------------------------    -------------------
    SLICE_X35Y32         FDRE (Prop_fdre_C_Q)         0.141     0.424 r  design_1_i/v_tc_0/U0/U_VIDEO_CTRL/AXI4_LITE_INTERFACE.genr_control_regs_int_reg[3][21]/Q
                         net (fo=2, routed)           0.064     0.488    design_1_i/v_tc_0/U0/U_VIDEO_CTRL/AXI4_LITE_INTERFACE.SYNC2VIDCLK_I/genr_control_regs[3][11]
    SLICE_X34Y32         LUT3 (Prop_lut3_I0_O)        0.045     0.533 r  design_1_i/v_tc_0/U0/U_VIDEO_CTRL/AXI4_LITE_INTERFACE.SYNC2VIDCLK_I/GEN_TREE.GEN_BRANCH[32].GEN_MUX_REG.data_out_reg[32][21]_i_1/O
                         net (fo=1, routed)           0.000     0.533    design_1_i/v_tc_0/U0/U_VIDEO_CTRL/AXI4_LITE_INTERFACE.GENR_MUX0/GEN_TREE.GEN_BRANCH[32].GEN_MUX_REG.data_out_reg_reg[32][21]_0
    SLICE_X34Y32         FDRE                                         r  design_1_i/v_tc_0/U0/U_VIDEO_CTRL/AXI4_LITE_INTERFACE.GENR_MUX0/GEN_TREE.GEN_BRANCH[32].GEN_MUX_REG.data_out_reg_reg[32][21]/D
  -------------------------------------------------------------------    -------------------

                         (clock hdmi_pxlClk rise edge)
                                                      0.000     0.000 r  
    BUFR_X0Y1            BUFR                         0.000     0.000 r  design_1_i/axi_dynclk_0/U0/BUFR_inst/O
                         net (fo=2975, routed)        0.317     0.317    design_1_i/v_tc_0/U0/U_VIDEO_CTRL/AXI4_LITE_INTERFACE.GENR_MUX0/vid_aclk
    SLICE_X34Y32         FDRE                                         r  design_1_i/v_tc_0/U0/U_VIDEO_CTRL/AXI4_LITE_INTERFACE.GENR_MUX0/GEN_TREE.GEN_BRANCH[32].GEN_MUX_REG.data_out_reg_reg[32][21]/C
                         clock pessimism             -0.021     0.296    
    SLICE_X34Y32         FDRE (Hold_fdre_C_D)         0.121     0.417    design_1_i/v_tc_0/U0/U_VIDEO_CTRL/AXI4_LITE_INTERFACE.GENR_MUX0/GEN_TREE.GEN_BRANCH[32].GEN_MUX_REG.data_out_reg_reg[32][21]
  -------------------------------------------------------------------
                         required time                         -0.417    
                         arrival time                           0.533    
  -------------------------------------------------------------------
                         slack                                  0.116    

Slack (MET) :             0.118ns  (arrival time - required time)
  Source:                 design_1_i/v_tc_0/U0/U_TC_TOP/GEN_GENERATOR.U_TC_GEN/hblank_int_reg/C
                            (rising edge-triggered cell FDRE clocked by hdmi_pxlClk  {rise@0.000ns fall@3.367ns period=6.734ns})
  Destination:            design_1_i/v_tc_0/U0/U_TC_TOP/GEN_GENERATOR.U_TC_GEN/active_video_reg/D
                            (rising edge-triggered cell FDRE clocked by hdmi_pxlClk  {rise@0.000ns fall@3.367ns period=6.734ns})
  Path Group:             hdmi_pxlClk
  Path Type:              Hold (Min at Fast Process Corner)
  Requirement:            0.000ns  (hdmi_pxlClk rise@0.000ns - hdmi_pxlClk rise@0.000ns)
  Data Path Delay:        0.251ns  (logic 0.186ns (74.099%)  route 0.065ns (25.901%))
  Logic Levels:           1  (LUT3=1)
  Clock Path Skew:        0.013ns (DCD - SCD - CPR)
    Destination Clock Delay (DCD):    0.315ns
    Source Clock Delay      (SCD):    0.280ns
    Clock Pessimism Removal (CPR):    0.022ns

    Location             Delay type                Incr(ns)  Path(ns)    Netlist Resource(s)
  -------------------------------------------------------------------    -------------------
                         (clock hdmi_pxlClk rise edge)
                                                      0.000     0.000 r  
    BUFR_X0Y1            BUFR                         0.000     0.000 r  design_1_i/axi_dynclk_0/U0/BUFR_inst/O
                         net (fo=2975, routed)        0.280     0.280    design_1_i/v_tc_0/U0/U_TC_TOP/GEN_GENERATOR.U_TC_GEN/clk
    SLICE_X33Y20         FDRE                                         r  design_1_i/v_tc_0/U0/U_TC_TOP/GEN_GENERATOR.U_TC_GEN/hblank_int_reg/C
  -------------------------------------------------------------------    -------------------
    SLICE_X33Y20         FDRE (Prop_fdre_C_Q)         0.141     0.421 r  design_1_i/v_tc_0/U0/U_TC_TOP/GEN_GENERATOR.U_TC_GEN/hblank_int_reg/Q
                         net (fo=2, routed)           0.065     0.486    design_1_i/v_tc_0/U0/U_TC_TOP/GEN_GENERATOR.U_TC_GEN/hblank_int_reg_n_0
    SLICE_X32Y20         LUT3 (Prop_lut3_I1_O)        0.045     0.531 r  design_1_i/v_tc_0/U0/U_TC_TOP/GEN_GENERATOR.U_TC_GEN/active_video_i_1/O
                         net (fo=1, routed)           0.000     0.531    design_1_i/v_tc_0/U0/U_TC_TOP/GEN_GENERATOR.U_TC_GEN/active_video0
    SLICE_X32Y20         FDRE                                         r  design_1_i/v_tc_0/U0/U_TC_TOP/GEN_GENERATOR.U_TC_GEN/active_video_reg/D
  -------------------------------------------------------------------    -------------------

                         (clock hdmi_pxlClk rise edge)
                                                      0.000     0.000 r  
    BUFR_X0Y1            BUFR                         0.000     0.000 r  design_1_i/axi_dynclk_0/U0/BUFR_inst/O
                         net (fo=2975, routed)        0.315     0.315    design_1_i/v_tc_0/U0/U_TC_TOP/GEN_GENERATOR.U_TC_GEN/clk
    SLICE_X32Y20         FDRE                                         r  design_1_i/v_tc_0/U0/U_TC_TOP/GEN_GENERATOR.U_TC_GEN/active_video_reg/C
                         clock pessimism             -0.022     0.293    
    SLICE_X32Y20         FDRE (Hold_fdre_C_D)         0.120     0.413    design_1_i/v_tc_0/U0/U_TC_TOP/GEN_GENERATOR.U_TC_GEN/active_video_reg
  -------------------------------------------------------------------
                         required time                         -0.413    
                         arrival time                           0.531    
  -------------------------------------------------------------------
                         slack                                  0.118    

Slack (MET) :             0.119ns  (arrival time - required time)
  Source:                 design_1_i/v_tc_0/U0/U_VIDEO_CTRL/AXI4_LITE_INTERFACE.time_control_regs_int_reg[25][22]/C
                            (rising edge-triggered cell FDRE clocked by hdmi_pxlClk  {rise@0.000ns fall@3.367ns period=6.734ns})
  Destination:            design_1_i/v_tc_0/U0/U_VIDEO_CTRL/AXI4_LITE_INTERFACE.GENR_MUX0/GEN_TREE.GEN_BRANCH[47].GEN_MUX_REG.data_out_reg_reg[47][22]/D
                            (rising edge-triggered cell FDRE clocked by hdmi_pxlClk  {rise@0.000ns fall@3.367ns period=6.734ns})
  Path Group:             hdmi_pxlClk
  Path Type:              Hold (Min at Fast Process Corner)
  Requirement:            0.000ns  (hdmi_pxlClk rise@0.000ns - hdmi_pxlClk rise@0.000ns)
  Data Path Delay:        0.252ns  (logic 0.186ns (73.718%)  route 0.066ns (26.282%))
  Logic Levels:           1  (LUT3=1)
  Clock Path Skew:        0.013ns (DCD - SCD - CPR)
    Destination Clock Delay (DCD):    0.314ns
    Source Clock Delay      (SCD):    0.280ns
    Clock Pessimism Removal (CPR):    0.021ns

    Location             Delay type                Incr(ns)  Path(ns)    Netlist Resource(s)
  -------------------------------------------------------------------    -------------------
                         (clock hdmi_pxlClk rise edge)
                                                      0.000     0.000 r  
    BUFR_X0Y1            BUFR                         0.000     0.000 r  design_1_i/axi_dynclk_0/U0/BUFR_inst/O
                         net (fo=2975, routed)        0.280     0.280    design_1_i/v_tc_0/U0/U_VIDEO_CTRL/vid_aclk
    SLICE_X35Y29         FDRE                                         r  design_1_i/v_tc_0/U0/U_VIDEO_CTRL/AXI4_LITE_INTERFACE.time_control_regs_int_reg[25][22]/C
  -------------------------------------------------------------------    -------------------
    SLICE_X35Y29         FDRE (Prop_fdre_C_Q)         0.141     0.421 r  design_1_i/v_tc_0/U0/U_VIDEO_CTRL/AXI4_LITE_INTERFACE.time_control_regs_int_reg[25][22]/Q
                         net (fo=2, routed)           0.066     0.487    design_1_i/v_tc_0/U0/U_VIDEO_CTRL/AXI4_LITE_INTERFACE.SYNC2VIDCLK_I/genr_regs[152]
    SLICE_X34Y29         LUT3 (Prop_lut3_I0_O)        0.045     0.532 r  design_1_i/v_tc_0/U0/U_VIDEO_CTRL/AXI4_LITE_INTERFACE.SYNC2VIDCLK_I/GEN_TREE.GEN_BRANCH[47].GEN_MUX_REG.data_out_reg[47][22]_i_1/O
                         net (fo=1, routed)           0.000     0.532    design_1_i/v_tc_0/U0/U_VIDEO_CTRL/AXI4_LITE_INTERFACE.GENR_MUX0/GEN_TREE.GEN_BRANCH[47].GEN_MUX_REG.data_out_reg_reg[47][22]_0
    SLICE_X34Y29         FDRE                                         r  design_1_i/v_tc_0/U0/U_VIDEO_CTRL/AXI4_LITE_INTERFACE.GENR_MUX0/GEN_TREE.GEN_BRANCH[47].GEN_MUX_REG.data_out_reg_reg[47][22]/D
  -------------------------------------------------------------------    -------------------

                         (clock hdmi_pxlClk rise edge)
                                                      0.000     0.000 r  
    BUFR_X0Y1            BUFR                         0.000     0.000 r  design_1_i/axi_dynclk_0/U0/BUFR_inst/O
                         net (fo=2975, routed)        0.314     0.314    design_1_i/v_tc_0/U0/U_VIDEO_CTRL/AXI4_LITE_INTERFACE.GENR_MUX0/vid_aclk
    SLICE_X34Y29         FDRE                                         r  design_1_i/v_tc_0/U0/U_VIDEO_CTRL/AXI4_LITE_INTERFACE.GENR_MUX0/GEN_TREE.GEN_BRANCH[47].GEN_MUX_REG.data_out_reg_reg[47][22]/C
                         clock pessimism             -0.021     0.293    
    SLICE_X34Y29         FDRE (Hold_fdre_C_D)         0.120     0.413    design_1_i/v_tc_0/U0/U_VIDEO_CTRL/AXI4_LITE_INTERFACE.GENR_MUX0/GEN_TREE.GEN_BRANCH[47].GEN_MUX_REG.data_out_reg_reg[47][22]
  -------------------------------------------------------------------
                         required time                         -0.413    
                         arrival time                           0.532    
  -------------------------------------------------------------------
                         slack                                  0.119    

Slack (MET) :             0.120ns  (arrival time - required time)
  Source:                 design_1_i/v_axi4s_vid_out_0/inst/COUPLER_INST/generate_async_fifo.FIFO_INST/XPM_FIFO_ASYNC_INST/gnuram_async_fifo.xpm_fifo_base_inst/gen_cdc_pntr.wr_pntr_cdc_inst/dest_graysync_ff_reg[0][3]/C
                            (rising edge-triggered cell FDRE clocked by hdmi_pxlClk  {rise@0.000ns fall@3.367ns period=6.734ns})
  Destination:            design_1_i/v_axi4s_vid_out_0/inst/COUPLER_INST/generate_async_fifo.FIFO_INST/XPM_FIFO_ASYNC_INST/gnuram_async_fifo.xpm_fifo_base_inst/gen_cdc_pntr.wr_pntr_cdc_inst/dest_graysync_ff_reg[1][3]/D
                            (rising edge-triggered cell FDRE clocked by hdmi_pxlClk  {rise@0.000ns fall@3.367ns period=6.734ns})
  Path Group:             hdmi_pxlClk
  Path Type:              Hold (Min at Fast Process Corner)
  Requirement:            0.000ns  (hdmi_pxlClk rise@0.000ns - hdmi_pxlClk rise@0.000ns)
  Data Path Delay:        0.196ns  (logic 0.141ns (71.991%)  route 0.055ns (28.009%))
  Logic Levels:           0  
  Clock Path Skew:        0.000ns (DCD - SCD - CPR)
    Destination Clock Delay (DCD):    0.328ns
    Source Clock Delay      (SCD):    0.291ns
    Clock Pessimism Removal (CPR):    0.037ns

    Location             Delay type                Incr(ns)  Path(ns)    Netlist Resource(s)
  -------------------------------------------------------------------    -------------------
                         (clock hdmi_pxlClk rise edge)
                                                      0.000     0.000 r  
    BUFR_X0Y1            BUFR                         0.000     0.000 r  design_1_i/axi_dynclk_0/U0/BUFR_inst/O
                         net (fo=2975, routed)        0.291     0.291    design_1_i/v_axi4s_vid_out_0/inst/COUPLER_INST/generate_async_fifo.FIFO_INST/XPM_FIFO_ASYNC_INST/gnuram_async_fifo.xpm_fifo_base_inst/gen_cdc_pntr.wr_pntr_cdc_inst/dest_clk
    SLICE_X27Y1          FDRE                                         r  design_1_i/v_axi4s_vid_out_0/inst/COUPLER_INST/generate_async_fifo.FIFO_INST/XPM_FIFO_ASYNC_INST/gnuram_async_fifo.xpm_fifo_base_inst/gen_cdc_pntr.wr_pntr_cdc_inst/dest_graysync_ff_reg[0][3]/C
  -------------------------------------------------------------------    -------------------
    SLICE_X27Y1          FDRE (Prop_fdre_C_Q)         0.141     0.432 r  design_1_i/v_axi4s_vid_out_0/inst/COUPLER_INST/generate_async_fifo.FIFO_INST/XPM_FIFO_ASYNC_INST/gnuram_async_fifo.xpm_fifo_base_inst/gen_cdc_pntr.wr_pntr_cdc_inst/dest_graysync_ff_reg[0][3]/Q
                         net (fo=1, routed)           0.055     0.487    design_1_i/v_axi4s_vid_out_0/inst/COUPLER_INST/generate_async_fifo.FIFO_INST/XPM_FIFO_ASYNC_INST/gnuram_async_fifo.xpm_fifo_base_inst/gen_cdc_pntr.wr_pntr_cdc_inst/dest_graysync_ff[0][3]
    SLICE_X27Y1          FDRE                                         r  design_1_i/v_axi4s_vid_out_0/inst/COUPLER_INST/generate_async_fifo.FIFO_INST/XPM_FIFO_ASYNC_INST/gnuram_async_fifo.xpm_fifo_base_inst/gen_cdc_pntr.wr_pntr_cdc_inst/dest_graysync_ff_reg[1][3]/D
  -------------------------------------------------------------------    -------------------

                         (clock hdmi_pxlClk rise edge)
                                                      0.000     0.000 r  
    BUFR_X0Y1            BUFR                         0.000     0.000 r  design_1_i/axi_dynclk_0/U0/BUFR_inst/O
                         net (fo=2975, routed)        0.328     0.328    design_1_i/v_axi4s_vid_out_0/inst/COUPLER_INST/generate_async_fifo.FIFO_INST/XPM_FIFO_ASYNC_INST/gnuram_async_fifo.xpm_fifo_base_inst/gen_cdc_pntr.wr_pntr_cdc_inst/dest_clk
    SLICE_X27Y1          FDRE                                         r  design_1_i/v_axi4s_vid_out_0/inst/COUPLER_INST/generate_async_fifo.FIFO_INST/XPM_FIFO_ASYNC_INST/gnuram_async_fifo.xpm_fifo_base_inst/gen_cdc_pntr.wr_pntr_cdc_inst/dest_graysync_ff_reg[1][3]/C
                         clock pessimism             -0.037     0.291    
    SLICE_X27Y1          FDRE (Hold_fdre_C_D)         0.076     0.367    design_1_i/v_axi4s_vid_out_0/inst/COUPLER_INST/generate_async_fifo.FIFO_INST/XPM_FIFO_ASYNC_INST/gnuram_async_fifo.xpm_fifo_base_inst/gen_cdc_pntr.wr_pntr_cdc_inst/dest_graysync_ff_reg[1][3]
  -------------------------------------------------------------------
                         required time                         -0.367    
                         arrival time                           0.487    
  -------------------------------------------------------------------
                         slack                                  0.120    

Slack (MET) :             0.120ns  (arrival time - required time)
  Source:                 design_1_i/v_axi4s_vid_out_0/inst/COUPLER_INST/generate_async_fifo.FIFO_INST/XPM_FIFO_ASYNC_INST/gnuram_async_fifo.xpm_fifo_base_inst/gen_cdc_pntr.wr_pntr_cdc_inst/dest_graysync_ff_reg[0][8]/C
                            (rising edge-triggered cell FDRE clocked by hdmi_pxlClk  {rise@0.000ns fall@3.367ns period=6.734ns})
  Destination:            design_1_i/v_axi4s_vid_out_0/inst/COUPLER_INST/generate_async_fifo.FIFO_INST/XPM_FIFO_ASYNC_INST/gnuram_async_fifo.xpm_fifo_base_inst/gen_cdc_pntr.wr_pntr_cdc_inst/dest_graysync_ff_reg[1][8]/D
                            (rising edge-triggered cell FDRE clocked by hdmi_pxlClk  {rise@0.000ns fall@3.367ns period=6.734ns})
  Path Group:             hdmi_pxlClk
  Path Type:              Hold (Min at Fast Process Corner)
  Requirement:            0.000ns  (hdmi_pxlClk rise@0.000ns - hdmi_pxlClk rise@0.000ns)
  Data Path Delay:        0.196ns  (logic 0.141ns (71.991%)  route 0.055ns (28.009%))
  Logic Levels:           0  
  Clock Path Skew:        0.000ns (DCD - SCD - CPR)
    Destination Clock Delay (DCD):    0.327ns
    Source Clock Delay      (SCD):    0.290ns
    Clock Pessimism Removal (CPR):    0.037ns

    Location             Delay type                Incr(ns)  Path(ns)    Netlist Resource(s)
  -------------------------------------------------------------------    -------------------
                         (clock hdmi_pxlClk rise edge)
                                                      0.000     0.000 r  
    BUFR_X0Y1            BUFR                         0.000     0.000 r  design_1_i/axi_dynclk_0/U0/BUFR_inst/O
                         net (fo=2975, routed)        0.290     0.290    design_1_i/v_axi4s_vid_out_0/inst/COUPLER_INST/generate_async_fifo.FIFO_INST/XPM_FIFO_ASYNC_INST/gnuram_async_fifo.xpm_fifo_base_inst/gen_cdc_pntr.wr_pntr_cdc_inst/dest_clk
    SLICE_X25Y3          FDRE                                         r  design_1_i/v_axi4s_vid_out_0/inst/COUPLER_INST/generate_async_fifo.FIFO_INST/XPM_FIFO_ASYNC_INST/gnuram_async_fifo.xpm_fifo_base_inst/gen_cdc_pntr.wr_pntr_cdc_inst/dest_graysync_ff_reg[0][8]/C
  -------------------------------------------------------------------    -------------------
    SLICE_X25Y3          FDRE (Prop_fdre_C_Q)         0.141     0.431 r  design_1_i/v_axi4s_vid_out_0/inst/COUPLER_INST/generate_async_fifo.FIFO_INST/XPM_FIFO_ASYNC_INST/gnuram_async_fifo.xpm_fifo_base_inst/gen_cdc_pntr.wr_pntr_cdc_inst/dest_graysync_ff_reg[0][8]/Q
                         net (fo=1, routed)           0.055     0.486    design_1_i/v_axi4s_vid_out_0/inst/COUPLER_INST/generate_async_fifo.FIFO_INST/XPM_FIFO_ASYNC_INST/gnuram_async_fifo.xpm_fifo_base_inst/gen_cdc_pntr.wr_pntr_cdc_inst/dest_graysync_ff[0][8]
    SLICE_X25Y3          FDRE                                         r  design_1_i/v_axi4s_vid_out_0/inst/COUPLER_INST/generate_async_fifo.FIFO_INST/XPM_FIFO_ASYNC_INST/gnuram_async_fifo.xpm_fifo_base_inst/gen_cdc_pntr.wr_pntr_cdc_inst/dest_graysync_ff_reg[1][8]/D
  -------------------------------------------------------------------    -------------------

                         (clock hdmi_pxlClk rise edge)
                                                      0.000     0.000 r  
    BUFR_X0Y1            BUFR                         0.000     0.000 r  design_1_i/axi_dynclk_0/U0/BUFR_inst/O
                         net (fo=2975, routed)        0.327     0.327    design_1_i/v_axi4s_vid_out_0/inst/COUPLER_INST/generate_async_fifo.FIFO_INST/XPM_FIFO_ASYNC_INST/gnuram_async_fifo.xpm_fifo_base_inst/gen_cdc_pntr.wr_pntr_cdc_inst/dest_clk
    SLICE_X25Y3          FDRE                                         r  design_1_i/v_axi4s_vid_out_0/inst/COUPLER_INST/generate_async_fifo.FIFO_INST/XPM_FIFO_ASYNC_INST/gnuram_async_fifo.xpm_fifo_base_inst/gen_cdc_pntr.wr_pntr_cdc_inst/dest_graysync_ff_reg[1][8]/C
                         clock pessimism             -0.037     0.290    
    SLICE_X25Y3          FDRE (Hold_fdre_C_D)         0.076     0.366    design_1_i/v_axi4s_vid_out_0/inst/COUPLER_INST/generate_async_fifo.FIFO_INST/XPM_FIFO_ASYNC_INST/gnuram_async_fifo.xpm_fifo_base_inst/gen_cdc_pntr.wr_pntr_cdc_inst/dest_graysync_ff_reg[1][8]
  -------------------------------------------------------------------
                         required time                         -0.366    
                         arrival time                           0.486    
  -------------------------------------------------------------------
                         slack                                  0.120    





Pulse Width Checks
--------------------------------------------------------------------------------------
Clock Name:         hdmi_pxlClk
Waveform(ns):       { 0.000 3.367 }
Period(ns):         6.734
Sources:            { design_1_i/axi_dynclk_0/U0/BUFR_inst/O }

Check Type        Corner  Lib Pin             Reference Pin  Required(ns)  Actual(ns)  Slack(ns)  Location      Pin
Min Period        n/a     RAMB36E1/CLKBWRCLK  n/a            1.962         6.734       4.772      RAMB36_X2Y2   design_1_i/v_axi4s_vid_out_0/inst/COUPLER_INST/generate_async_fifo.FIFO_INST/XPM_FIFO_ASYNC_INST/gnuram_async_fifo.xpm_fifo_base_inst/gen_sdpram.xpm_memory_base_inst/gen_wr_a.gen_word_narrow.mem_reg_0/CLKBWRCLK
Min Period        n/a     RAMB36E1/CLKBWRCLK  n/a            1.962         6.734       4.772      RAMB36_X2Y1   design_1_i/v_axi4s_vid_out_0/inst/COUPLER_INST/generate_async_fifo.FIFO_INST/XPM_FIFO_ASYNC_INST/gnuram_async_fifo.xpm_fifo_base_inst/gen_sdpram.xpm_memory_base_inst/gen_wr_a.gen_word_narrow.mem_reg_1/CLKBWRCLK
Min Period        n/a     RAMB36E1/CLKBWRCLK  n/a            1.962         6.734       4.772      RAMB36_X1Y2   design_1_i/v_axi4s_vid_out_0/inst/COUPLER_INST/generate_async_fifo.FIFO_INST/XPM_FIFO_ASYNC_INST/gnuram_async_fifo.xpm_fifo_base_inst/gen_sdpram.xpm_memory_base_inst/gen_wr_a.gen_word_narrow.mem_reg_2/CLKBWRCLK
Min Period        n/a     RAMB36E1/CLKBWRCLK  n/a            1.962         6.734       4.772      RAMB36_X1Y0   design_1_i/v_axi4s_vid_out_0/inst/COUPLER_INST/generate_async_fifo.FIFO_INST/XPM_FIFO_ASYNC_INST/gnuram_async_fifo.xpm_fifo_base_inst/gen_sdpram.xpm_memory_base_inst/gen_wr_a.gen_word_narrow.mem_reg_3/CLKBWRCLK
Min Period        n/a     OSERDESE2/CLKDIV    n/a            1.471         6.734       5.263      OLOGIC_X0Y34  design_1_i/rgb2dvi_0/U0/ClockSerializer/SerializerMaster/CLKDIV
Min Period        n/a     OSERDESE2/CLKDIV    n/a            1.471         6.734       5.263      OLOGIC_X0Y33  design_1_i/rgb2dvi_0/U0/ClockSerializer/SerializerSlave/CLKDIV
Min Period        n/a     OSERDESE2/CLKDIV    n/a            1.471         6.734       5.263      OLOGIC_X0Y30  design_1_i/rgb2dvi_0/U0/DataEncoders[0].DataSerializer/SerializerMaster/CLKDIV
Min Period        n/a     OSERDESE2/CLKDIV    n/a            1.471         6.734       5.263      OLOGIC_X0Y29  design_1_i/rgb2dvi_0/U0/DataEncoders[0].DataSerializer/SerializerSlave/CLKDIV
Min Period        n/a     OSERDESE2/CLKDIV    n/a            1.471         6.734       5.263      OLOGIC_X0Y36  design_1_i/rgb2dvi_0/U0/DataEncoders[1].DataSerializer/SerializerMaster/CLKDIV
Min Period        n/a     OSERDESE2/CLKDIV    n/a            1.471         6.734       5.263      OLOGIC_X0Y35  design_1_i/rgb2dvi_0/U0/DataEncoders[1].DataSerializer/SerializerSlave/CLKDIV
Low Pulse Width   Slow    SRL16E/CLK          n/a            0.770         3.367       2.597      SLICE_X30Y18  design_1_i/v_tc_0/U0/U_TC_TOP/detect_en_d_reg[1]_srl2___U_TC_TOP_detect_en_d_reg_r_0/CLK
Low Pulse Width   Fast    SRL16E/CLK          n/a            0.770         3.367       2.597      SLICE_X30Y18  design_1_i/v_tc_0/U0/U_TC_TOP/detect_en_d_reg[1]_srl2___U_TC_TOP_detect_en_d_reg_r_0/CLK
Low Pulse Width   Slow    SRL16E/CLK          n/a            0.770         3.367       2.597      SLICE_X30Y18  design_1_i/v_tc_0/U0/U_TC_TOP/generate_en_d_reg[1]_srl2___U_TC_TOP_detect_en_d_reg_r_0/CLK
Low Pulse Width   Fast    SRL16E/CLK          n/a            0.770         3.367       2.597      SLICE_X30Y18  design_1_i/v_tc_0/U0/U_TC_TOP/generate_en_d_reg[1]_srl2___U_TC_TOP_detect_en_d_reg_r_0/CLK
Low Pulse Width   Slow    SRL16E/CLK          n/a            0.770         3.367       2.597      SLICE_X24Y35  design_1_i/v_tc_0/U0/U_VIDEO_CTRL/AXI4_LITE_INTERFACE.CORE_MUX0/GEN_SEL_DELAY[3].sel_int_reg[3][1]_srl2/CLK
Low Pulse Width   Fast    SRL16E/CLK          n/a            0.770         3.367       2.597      SLICE_X24Y35  design_1_i/v_tc_0/U0/U_VIDEO_CTRL/AXI4_LITE_INTERFACE.CORE_MUX0/GEN_SEL_DELAY[3].sel_int_reg[3][1]_srl2/CLK
Low Pulse Width   Slow    SRL16E/CLK          n/a            0.770         3.367       2.597      SLICE_X24Y35  design_1_i/v_tc_0/U0/U_VIDEO_CTRL/AXI4_LITE_INTERFACE.GENR_MUX0/GEN_SEL_DELAY[4].sel_int_reg[4][1]_srl3/CLK
Low Pulse Width   Fast    SRL16E/CLK          n/a            0.770         3.367       2.597      SLICE_X24Y35  design_1_i/v_tc_0/U0/U_VIDEO_CTRL/AXI4_LITE_INTERFACE.GENR_MUX0/GEN_SEL_DELAY[4].sel_int_reg[4][1]_srl3/CLK
Low Pulse Width   Slow    SRL16E/CLK          n/a            0.770         3.367       2.597      SLICE_X30Y40  design_1_i/v_tc_0/U0/U_VIDEO_CTRL/AXI4_LITE_INTERFACE.GENR_MUX0/GEN_SEL_DELAY[5].sel_int_reg[5][1]_srl4/CLK
Low Pulse Width   Fast    SRL16E/CLK          n/a            0.770         3.367       2.597      SLICE_X30Y40  design_1_i/v_tc_0/U0/U_VIDEO_CTRL/AXI4_LITE_INTERFACE.GENR_MUX0/GEN_SEL_DELAY[5].sel_int_reg[5][1]_srl4/CLK
High Pulse Width  Slow    SRL16E/CLK          n/a            0.770         3.367       2.597      SLICE_X30Y18  design_1_i/v_tc_0/U0/U_TC_TOP/detect_en_d_reg[1]_srl2___U_TC_TOP_detect_en_d_reg_r_0/CLK
High Pulse Width  Fast    SRL16E/CLK          n/a            0.770         3.367       2.597      SLICE_X30Y18  design_1_i/v_tc_0/U0/U_TC_TOP/detect_en_d_reg[1]_srl2___U_TC_TOP_detect_en_d_reg_r_0/CLK
High Pulse Width  Slow    SRL16E/CLK          n/a            0.770         3.367       2.597      SLICE_X30Y18  design_1_i/v_tc_0/U0/U_TC_TOP/generate_en_d_reg[1]_srl2___U_TC_TOP_detect_en_d_reg_r_0/CLK
High Pulse Width  Fast    SRL16E/CLK          n/a            0.770         3.367       2.597      SLICE_X30Y18  design_1_i/v_tc_0/U0/U_TC_TOP/generate_en_d_reg[1]_srl2___U_TC_TOP_detect_en_d_reg_r_0/CLK
High Pulse Width  Slow    SRL16E/CLK          n/a            0.770         3.367       2.597      SLICE_X24Y35  design_1_i/v_tc_0/U0/U_VIDEO_CTRL/AXI4_LITE_INTERFACE.CORE_MUX0/GEN_SEL_DELAY[3].sel_int_reg[3][1]_srl2/CLK
High Pulse Width  Fast    SRL16E/CLK          n/a            0.770         3.367       2.597      SLICE_X24Y35  design_1_i/v_tc_0/U0/U_VIDEO_CTRL/AXI4_LITE_INTERFACE.CORE_MUX0/GEN_SEL_DELAY[3].sel_int_reg[3][1]_srl2/CLK
High Pulse Width  Slow    SRL16E/CLK          n/a            0.770         3.367       2.597      SLICE_X24Y35  design_1_i/v_tc_0/U0/U_VIDEO_CTRL/AXI4_LITE_INTERFACE.GENR_MUX0/GEN_SEL_DELAY[4].sel_int_reg[4][1]_srl3/CLK
High Pulse Width  Fast    SRL16E/CLK          n/a            0.770         3.367       2.597      SLICE_X24Y35  design_1_i/v_tc_0/U0/U_VIDEO_CTRL/AXI4_LITE_INTERFACE.GENR_MUX0/GEN_SEL_DELAY[4].sel_int_reg[4][1]_srl3/CLK
High Pulse Width  Slow    SRL16E/CLK          n/a            0.770         3.367       2.597      SLICE_X30Y40  design_1_i/v_tc_0/U0/U_VIDEO_CTRL/AXI4_LITE_INTERFACE.GENR_MUX0/GEN_SEL_DELAY[5].sel_int_reg[5][1]_srl4/CLK
High Pulse Width  Fast    SRL16E/CLK          n/a            0.770         3.367       2.597      SLICE_X30Y40  design_1_i/v_tc_0/U0/U_VIDEO_CTRL/AXI4_LITE_INTERFACE.GENR_MUX0/GEN_SEL_DELAY[5].sel_int_reg[5][1]_srl4/CLK



---------------------------------------------------------------------------------------------------
From Clock:  hdmi_serClk
  To Clock:  hdmi_serClk

Setup :           NA  Failing Endpoints,  Worst Slack           NA  ,  Total Violation           NA
Hold  :           NA  Failing Endpoints,  Worst Slack           NA  ,  Total Violation           NA
PW    :            8  Failing Endpoints,  Worst Slack       -0.124ns,  Total Violation       -0.992ns
---------------------------------------------------------------------------------------------------


Pulse Width Checks
--------------------------------------------------------------------------------------
Clock Name:         hdmi_serClk
Waveform(ns):       { 0.000 0.674 }
Period(ns):         1.347
Sources:            { design_1_i/axi_dynclk_0/U0/BUFIO_inst/O }

Check Type  Corner  Lib Pin        Reference Pin  Required(ns)  Actual(ns)  Slack(ns)  Location      Pin
Min Period  n/a     OSERDESE2/CLK  n/a            1.471         1.347       -0.124     OLOGIC_X0Y34  design_1_i/rgb2dvi_0/U0/ClockSerializer/SerializerMaster/CLK
Min Period  n/a     OSERDESE2/CLK  n/a            1.471         1.347       -0.124     OLOGIC_X0Y33  design_1_i/rgb2dvi_0/U0/ClockSerializer/SerializerSlave/CLK
Min Period  n/a     OSERDESE2/CLK  n/a            1.471         1.347       -0.124     OLOGIC_X0Y30  design_1_i/rgb2dvi_0/U0/DataEncoders[0].DataSerializer/SerializerMaster/CLK
Min Period  n/a     OSERDESE2/CLK  n/a            1.471         1.347       -0.124     OLOGIC_X0Y29  design_1_i/rgb2dvi_0/U0/DataEncoders[0].DataSerializer/SerializerSlave/CLK
Min Period  n/a     OSERDESE2/CLK  n/a            1.471         1.347       -0.124     OLOGIC_X0Y36  design_1_i/rgb2dvi_0/U0/DataEncoders[1].DataSerializer/SerializerMaster/CLK
Min Period  n/a     OSERDESE2/CLK  n/a            1.471         1.347       -0.124     OLOGIC_X0Y35  design_1_i/rgb2dvi_0/U0/DataEncoders[1].DataSerializer/SerializerSlave/CLK
Min Period  n/a     OSERDESE2/CLK  n/a            1.471         1.347       -0.124     OLOGIC_X0Y16  design_1_i/rgb2dvi_0/U0/DataEncoders[2].DataSerializer/SerializerMaster/CLK
Min Period  n/a     OSERDESE2/CLK  n/a            1.471         1.347       -0.124     OLOGIC_X0Y15  design_1_i/rgb2dvi_0/U0/DataEncoders[2].DataSerializer/SerializerSlave/CLK



---------------------------------------------------------------------------------------------------
From Clock:  hdmi_pxlClk
  To Clock:  clk_fpga_3

Setup :            0  Failing Endpoints,  Worst Slack        5.315ns,  Total Violation        0.000ns
Hold  :           NA  Failing Endpoints,  Worst Slack           NA  ,  Total Violation           NA
---------------------------------------------------------------------------------------------------


Max Delay Paths
--------------------------------------------------------------------------------------
Slack (MET) :             5.315ns  (required time - arrival time)
  Source:                 design_1_i/v_tc_0/U0/U_VIDEO_CTRL/AXI4_LITE_INTERFACE.ipif_RdData_reg[0]/C
                            (rising edge-triggered cell FDRE clocked by hdmi_pxlClk  {rise@0.000ns fall@3.367ns period=6.734ns})
  Destination:            design_1_i/v_tc_0/U0/U_VIDEO_CTRL/AXI4_LITE_INTERFACE.SYNC2PROCCLK_I/data_sync_reg[0][0]/D
                            (rising edge-triggered cell FDRE clocked by clk_fpga_3  {rise@0.000ns fall@3.250ns period=6.499ns})
  Path Group:             clk_fpga_3
  Path Type:              Setup (Max at Slow Process Corner)
  Requirement:            6.734ns  (MaxDelay Path 6.734ns)
  Data Path Delay:        1.352ns  (logic 0.341ns (25.213%)  route 1.011ns (74.787%))
  Logic Levels:           0  
  Timing Exception:       MaxDelay Path 6.734ns -datapath_only

    Location             Delay type                Incr(ns)  Path(ns)    Netlist Resource(s)
  -------------------------------------------------------------------    -------------------
    SLICE_X26Y9                                       0.000     0.000 r  design_1_i/v_tc_0/U0/U_VIDEO_CTRL/AXI4_LITE_INTERFACE.ipif_RdData_reg[0]/C
    SLICE_X26Y9          FDRE (Prop_fdre_C_Q)         0.341     0.341 r  design_1_i/v_tc_0/U0/U_VIDEO_CTRL/AXI4_LITE_INTERFACE.ipif_RdData_reg[0]/Q
                         net (fo=1, routed)           1.011     1.352    design_1_i/v_tc_0/U0/U_VIDEO_CTRL/AXI4_LITE_INTERFACE.SYNC2PROCCLK_I/in_data[0]
    SLICE_X21Y27         FDRE                                         r  design_1_i/v_tc_0/U0/U_VIDEO_CTRL/AXI4_LITE_INTERFACE.SYNC2PROCCLK_I/data_sync_reg[0][0]/D
  -------------------------------------------------------------------    -------------------

                         max delay                    6.734     6.734    
    SLICE_X21Y27         FDRE (Setup_fdre_C_D)       -0.067     6.667    design_1_i/v_tc_0/U0/U_VIDEO_CTRL/AXI4_LITE_INTERFACE.SYNC2PROCCLK_I/data_sync_reg[0][0]
  -------------------------------------------------------------------
                         required time                          6.667    
                         arrival time                          -1.352    
  -------------------------------------------------------------------
                         slack                                  5.315    

Slack (MET) :             5.330ns  (required time - arrival time)
  Source:                 design_1_i/v_tc_0/U0/U_VIDEO_CTRL/AXI4_LITE_INTERFACE.ipif_RdData_reg[1]/C
                            (rising edge-triggered cell FDRE clocked by hdmi_pxlClk  {rise@0.000ns fall@3.367ns period=6.734ns})
  Destination:            design_1_i/v_tc_0/U0/U_VIDEO_CTRL/AXI4_LITE_INTERFACE.SYNC2PROCCLK_I/data_sync_reg[0][1]/D
                            (rising edge-triggered cell FDRE clocked by clk_fpga_3  {rise@0.000ns fall@3.250ns period=6.499ns})
  Path Group:             clk_fpga_3
  Path Type:              Setup (Max at Slow Process Corner)
  Requirement:            6.734ns  (MaxDelay Path 6.734ns)
  Data Path Delay:        1.376ns  (logic 0.393ns (28.563%)  route 0.983ns (71.437%))
  Logic Levels:           0  
  Timing Exception:       MaxDelay Path 6.734ns -datapath_only

    Location             Delay type                Incr(ns)  Path(ns)    Netlist Resource(s)
  -------------------------------------------------------------------    -------------------
    SLICE_X32Y8                                       0.000     0.000 r  design_1_i/v_tc_0/U0/U_VIDEO_CTRL/AXI4_LITE_INTERFACE.ipif_RdData_reg[1]/C
    SLICE_X32Y8          FDRE (Prop_fdre_C_Q)         0.393     0.393 r  design_1_i/v_tc_0/U0/U_VIDEO_CTRL/AXI4_LITE_INTERFACE.ipif_RdData_reg[1]/Q
                         net (fo=1, routed)           0.983     1.376    design_1_i/v_tc_0/U0/U_VIDEO_CTRL/AXI4_LITE_INTERFACE.SYNC2PROCCLK_I/in_data[1]
    SLICE_X20Y23         FDRE                                         r  design_1_i/v_tc_0/U0/U_VIDEO_CTRL/AXI4_LITE_INTERFACE.SYNC2PROCCLK_I/data_sync_reg[0][1]/D
  -------------------------------------------------------------------    -------------------

                         max delay                    6.734     6.734    
    SLICE_X20Y23         FDRE (Setup_fdre_C_D)       -0.028     6.706    design_1_i/v_tc_0/U0/U_VIDEO_CTRL/AXI4_LITE_INTERFACE.SYNC2PROCCLK_I/data_sync_reg[0][1]
  -------------------------------------------------------------------
                         required time                          6.706    
                         arrival time                          -1.376    
  -------------------------------------------------------------------
                         slack                                  5.330    

Slack (MET) :             5.333ns  (required time - arrival time)
  Source:                 design_1_i/v_tc_0/U0/U_VIDEO_CTRL/AXI4_LITE_INTERFACE.ipif_RdData_reg[2]/C
                            (rising edge-triggered cell FDRE clocked by hdmi_pxlClk  {rise@0.000ns fall@3.367ns period=6.734ns})
  Destination:            design_1_i/v_tc_0/U0/U_VIDEO_CTRL/AXI4_LITE_INTERFACE.SYNC2PROCCLK_I/data_sync_reg[0][2]/D
                            (rising edge-triggered cell FDRE clocked by clk_fpga_3  {rise@0.000ns fall@3.250ns period=6.499ns})
  Path Group:             clk_fpga_3
  Path Type:              Setup (Max at Slow Process Corner)
  Requirement:            6.734ns  (MaxDelay Path 6.734ns)
  Data Path Delay:        1.334ns  (logic 0.341ns (25.569%)  route 0.993ns (74.431%))
  Logic Levels:           0  
  Timing Exception:       MaxDelay Path 6.734ns -datapath_only

    Location             Delay type                Incr(ns)  Path(ns)    Netlist Resource(s)
  -------------------------------------------------------------------    -------------------
    SLICE_X26Y10                                      0.000     0.000 r  design_1_i/v_tc_0/U0/U_VIDEO_CTRL/AXI4_LITE_INTERFACE.ipif_RdData_reg[2]/C
    SLICE_X26Y10         FDRE (Prop_fdre_C_Q)         0.341     0.341 r  design_1_i/v_tc_0/U0/U_VIDEO_CTRL/AXI4_LITE_INTERFACE.ipif_RdData_reg[2]/Q
                         net (fo=1, routed)           0.993     1.334    design_1_i/v_tc_0/U0/U_VIDEO_CTRL/AXI4_LITE_INTERFACE.SYNC2PROCCLK_I/in_data[2]
    SLICE_X18Y26         FDRE                                         r  design_1_i/v_tc_0/U0/U_VIDEO_CTRL/AXI4_LITE_INTERFACE.SYNC2PROCCLK_I/data_sync_reg[0][2]/D
  -------------------------------------------------------------------    -------------------

                         max delay                    6.734     6.734    
    SLICE_X18Y26         FDRE (Setup_fdre_C_D)       -0.067     6.667    design_1_i/v_tc_0/U0/U_VIDEO_CTRL/AXI4_LITE_INTERFACE.SYNC2PROCCLK_I/data_sync_reg[0][2]
  -------------------------------------------------------------------
                         required time                          6.667    
                         arrival time                          -1.334    
  -------------------------------------------------------------------
                         slack                                  5.333    

Slack (MET) :             5.403ns  (required time - arrival time)
  Source:                 design_1_i/v_tc_0/U0/U_VIDEO_CTRL/AXI4_LITE_INTERFACE.ipif_RdData_reg[10]/C
                            (rising edge-triggered cell FDRE clocked by hdmi_pxlClk  {rise@0.000ns fall@3.367ns period=6.734ns})
  Destination:            design_1_i/v_tc_0/U0/U_VIDEO_CTRL/AXI4_LITE_INTERFACE.SYNC2PROCCLK_I/data_sync_reg[0][10]/D
                            (rising edge-triggered cell FDRE clocked by clk_fpga_3  {rise@0.000ns fall@3.250ns period=6.499ns})
  Path Group:             clk_fpga_3
  Path Type:              Setup (Max at Slow Process Corner)
  Requirement:            6.734ns  (MaxDelay Path 6.734ns)
  Data Path Delay:        1.303ns  (logic 0.341ns (26.175%)  route 0.962ns (73.825%))
  Logic Levels:           0  
  Timing Exception:       MaxDelay Path 6.734ns -datapath_only

    Location             Delay type                Incr(ns)  Path(ns)    Netlist Resource(s)
  -------------------------------------------------------------------    -------------------
    SLICE_X27Y9                                       0.000     0.000 r  design_1_i/v_tc_0/U0/U_VIDEO_CTRL/AXI4_LITE_INTERFACE.ipif_RdData_reg[10]/C
    SLICE_X27Y9          FDRE (Prop_fdre_C_Q)         0.341     0.341 r  design_1_i/v_tc_0/U0/U_VIDEO_CTRL/AXI4_LITE_INTERFACE.ipif_RdData_reg[10]/Q
                         net (fo=1, routed)           0.962     1.303    design_1_i/v_tc_0/U0/U_VIDEO_CTRL/AXI4_LITE_INTERFACE.SYNC2PROCCLK_I/in_data[10]
    SLICE_X20Y26         FDRE                                         r  design_1_i/v_tc_0/U0/U_VIDEO_CTRL/AXI4_LITE_INTERFACE.SYNC2PROCCLK_I/data_sync_reg[0][10]/D
  -------------------------------------------------------------------    -------------------

                         max delay                    6.734     6.734    
    SLICE_X20Y26         FDRE (Setup_fdre_C_D)       -0.028     6.706    design_1_i/v_tc_0/U0/U_VIDEO_CTRL/AXI4_LITE_INTERFACE.SYNC2PROCCLK_I/data_sync_reg[0][10]
  -------------------------------------------------------------------
                         required time                          6.706    
                         arrival time                          -1.303    
  -------------------------------------------------------------------
                         slack                                  5.403    

Slack (MET) :             5.422ns  (required time - arrival time)
  Source:                 design_1_i/v_tc_0/U0/U_VIDEO_CTRL/AXI4_LITE_INTERFACE.ipif_RdData_reg[31]/C
                            (rising edge-triggered cell FDRE clocked by hdmi_pxlClk  {rise@0.000ns fall@3.367ns period=6.734ns})
  Destination:            design_1_i/v_tc_0/U0/U_VIDEO_CTRL/AXI4_LITE_INTERFACE.SYNC2PROCCLK_I/data_sync_reg[0][31]/D
                            (rising edge-triggered cell FDRE clocked by clk_fpga_3  {rise@0.000ns fall@3.250ns period=6.499ns})
  Path Group:             clk_fpga_3
  Path Type:              Setup (Max at Slow Process Corner)
  Requirement:            6.734ns  (MaxDelay Path 6.734ns)
  Data Path Delay:        1.273ns  (logic 0.393ns (30.866%)  route 0.880ns (69.134%))
  Logic Levels:           0  
  Timing Exception:       MaxDelay Path 6.734ns -datapath_only

    Location             Delay type                Incr(ns)  Path(ns)    Netlist Resource(s)
  -------------------------------------------------------------------    -------------------
    SLICE_X28Y42                                      0.000     0.000 r  design_1_i/v_tc_0/U0/U_VIDEO_CTRL/AXI4_LITE_INTERFACE.ipif_RdData_reg[31]/C
    SLICE_X28Y42         FDRE (Prop_fdre_C_Q)         0.393     0.393 r  design_1_i/v_tc_0/U0/U_VIDEO_CTRL/AXI4_LITE_INTERFACE.ipif_RdData_reg[31]/Q
                         net (fo=1, routed)           0.880     1.273    design_1_i/v_tc_0/U0/U_VIDEO_CTRL/AXI4_LITE_INTERFACE.SYNC2PROCCLK_I/in_data[31]
    SLICE_X13Y41         FDRE                                         r  design_1_i/v_tc_0/U0/U_VIDEO_CTRL/AXI4_LITE_INTERFACE.SYNC2PROCCLK_I/data_sync_reg[0][31]/D
  -------------------------------------------------------------------    -------------------

                         max delay                    6.734     6.734    
    SLICE_X13Y41         FDRE (Setup_fdre_C_D)       -0.039     6.695    design_1_i/v_tc_0/U0/U_VIDEO_CTRL/AXI4_LITE_INTERFACE.SYNC2PROCCLK_I/data_sync_reg[0][31]
  -------------------------------------------------------------------
                         required time                          6.695    
                         arrival time                          -1.273    
  -------------------------------------------------------------------
                         slack                                  5.422    

Slack (MET) :             5.433ns  (required time - arrival time)
  Source:                 design_1_i/v_tc_0/U0/U_VIDEO_CTRL/AXI4_LITE_INTERFACE.ipif_RdData_reg[9]/C
                            (rising edge-triggered cell FDRE clocked by hdmi_pxlClk  {rise@0.000ns fall@3.367ns period=6.734ns})
  Destination:            design_1_i/v_tc_0/U0/U_VIDEO_CTRL/AXI4_LITE_INTERFACE.SYNC2PROCCLK_I/data_sync_reg[0][9]/D
                            (rising edge-triggered cell FDRE clocked by clk_fpga_3  {rise@0.000ns fall@3.250ns period=6.499ns})
  Path Group:             clk_fpga_3
  Path Type:              Setup (Max at Slow Process Corner)
  Requirement:            6.734ns  (MaxDelay Path 6.734ns)
  Data Path Delay:        1.234ns  (logic 0.341ns (27.643%)  route 0.893ns (72.357%))
  Logic Levels:           0  
  Timing Exception:       MaxDelay Path 6.734ns -datapath_only

    Location             Delay type                Incr(ns)  Path(ns)    Netlist Resource(s)
  -------------------------------------------------------------------    -------------------
    SLICE_X26Y17                                      0.000     0.000 r  design_1_i/v_tc_0/U0/U_VIDEO_CTRL/AXI4_LITE_INTERFACE.ipif_RdData_reg[9]/C
    SLICE_X26Y17         FDRE (Prop_fdre_C_Q)         0.341     0.341 r  design_1_i/v_tc_0/U0/U_VIDEO_CTRL/AXI4_LITE_INTERFACE.ipif_RdData_reg[9]/Q
                         net (fo=1, routed)           0.893     1.234    design_1_i/v_tc_0/U0/U_VIDEO_CTRL/AXI4_LITE_INTERFACE.SYNC2PROCCLK_I/in_data[9]
    SLICE_X18Y28         FDRE                                         r  design_1_i/v_tc_0/U0/U_VIDEO_CTRL/AXI4_LITE_INTERFACE.SYNC2PROCCLK_I/data_sync_reg[0][9]/D
  -------------------------------------------------------------------    -------------------

                         max delay                    6.734     6.734    
    SLICE_X18Y28         FDRE (Setup_fdre_C_D)       -0.067     6.667    design_1_i/v_tc_0/U0/U_VIDEO_CTRL/AXI4_LITE_INTERFACE.SYNC2PROCCLK_I/data_sync_reg[0][9]
  -------------------------------------------------------------------
                         required time                          6.667    
                         arrival time                          -1.234    
  -------------------------------------------------------------------
                         slack                                  5.433    

Slack (MET) :             5.437ns  (required time - arrival time)
  Source:                 design_1_i/v_tc_0/U0/U_VIDEO_CTRL/AXI4_LITE_INTERFACE.ipif_RdData_reg[4]/C
                            (rising edge-triggered cell FDRE clocked by hdmi_pxlClk  {rise@0.000ns fall@3.367ns period=6.734ns})
  Destination:            design_1_i/v_tc_0/U0/U_VIDEO_CTRL/AXI4_LITE_INTERFACE.SYNC2PROCCLK_I/data_sync_reg[0][4]/D
                            (rising edge-triggered cell FDRE clocked by clk_fpga_3  {rise@0.000ns fall@3.250ns period=6.499ns})
  Path Group:             clk_fpga_3
  Path Type:              Setup (Max at Slow Process Corner)
  Requirement:            6.734ns  (MaxDelay Path 6.734ns)
  Data Path Delay:        1.230ns  (logic 0.341ns (27.722%)  route 0.889ns (72.278%))
  Logic Levels:           0  
  Timing Exception:       MaxDelay Path 6.734ns -datapath_only

    Location             Delay type                Incr(ns)  Path(ns)    Netlist Resource(s)
  -------------------------------------------------------------------    -------------------
    SLICE_X26Y10                                      0.000     0.000 r  design_1_i/v_tc_0/U0/U_VIDEO_CTRL/AXI4_LITE_INTERFACE.ipif_RdData_reg[4]/C
    SLICE_X26Y10         FDRE (Prop_fdre_C_Q)         0.341     0.341 r  design_1_i/v_tc_0/U0/U_VIDEO_CTRL/AXI4_LITE_INTERFACE.ipif_RdData_reg[4]/Q
                         net (fo=1, routed)           0.889     1.230    design_1_i/v_tc_0/U0/U_VIDEO_CTRL/AXI4_LITE_INTERFACE.SYNC2PROCCLK_I/in_data[4]
    SLICE_X18Y27         FDRE                                         r  design_1_i/v_tc_0/U0/U_VIDEO_CTRL/AXI4_LITE_INTERFACE.SYNC2PROCCLK_I/data_sync_reg[0][4]/D
  -------------------------------------------------------------------    -------------------

                         max delay                    6.734     6.734    
    SLICE_X18Y27         FDRE (Setup_fdre_C_D)       -0.067     6.667    design_1_i/v_tc_0/U0/U_VIDEO_CTRL/AXI4_LITE_INTERFACE.SYNC2PROCCLK_I/data_sync_reg[0][4]
  -------------------------------------------------------------------
                         required time                          6.667    
                         arrival time                          -1.230    
  -------------------------------------------------------------------
                         slack                                  5.437    

Slack (MET) :             5.440ns  (required time - arrival time)
  Source:                 design_1_i/v_tc_0/U0/U_VIDEO_CTRL/AXI4_LITE_INTERFACE.ipif_RdData_reg[7]/C
                            (rising edge-triggered cell FDRE clocked by hdmi_pxlClk  {rise@0.000ns fall@3.367ns period=6.734ns})
  Destination:            design_1_i/v_tc_0/U0/U_VIDEO_CTRL/AXI4_LITE_INTERFACE.SYNC2PROCCLK_I/data_sync_reg[0][7]/D
                            (rising edge-triggered cell FDRE clocked by clk_fpga_3  {rise@0.000ns fall@3.250ns period=6.499ns})
  Path Group:             clk_fpga_3
  Path Type:              Setup (Max at Slow Process Corner)
  Requirement:            6.734ns  (MaxDelay Path 6.734ns)
  Data Path Delay:        1.269ns  (logic 0.393ns (30.960%)  route 0.876ns (69.040%))
  Logic Levels:           0  
  Timing Exception:       MaxDelay Path 6.734ns -datapath_only

    Location             Delay type                Incr(ns)  Path(ns)    Netlist Resource(s)
  -------------------------------------------------------------------    -------------------
    SLICE_X32Y8                                       0.000     0.000 r  design_1_i/v_tc_0/U0/U_VIDEO_CTRL/AXI4_LITE_INTERFACE.ipif_RdData_reg[7]/C
    SLICE_X32Y8          FDRE (Prop_fdre_C_Q)         0.393     0.393 r  design_1_i/v_tc_0/U0/U_VIDEO_CTRL/AXI4_LITE_INTERFACE.ipif_RdData_reg[7]/Q
                         net (fo=1, routed)           0.876     1.269    design_1_i/v_tc_0/U0/U_VIDEO_CTRL/AXI4_LITE_INTERFACE.SYNC2PROCCLK_I/in_data[7]
    SLICE_X20Y23         FDRE                                         r  design_1_i/v_tc_0/U0/U_VIDEO_CTRL/AXI4_LITE_INTERFACE.SYNC2PROCCLK_I/data_sync_reg[0][7]/D
  -------------------------------------------------------------------    -------------------

                         max delay                    6.734     6.734    
    SLICE_X20Y23         FDRE (Setup_fdre_C_D)       -0.025     6.709    design_1_i/v_tc_0/U0/U_VIDEO_CTRL/AXI4_LITE_INTERFACE.SYNC2PROCCLK_I/data_sync_reg[0][7]
  -------------------------------------------------------------------
                         required time                          6.709    
                         arrival time                          -1.269    
  -------------------------------------------------------------------
                         slack                                  5.440    

Slack (MET) :             5.449ns  (required time - arrival time)
  Source:                 design_1_i/v_tc_0/U0/U_VIDEO_CTRL/AXI4_LITE_INTERFACE.ipif_RdData_reg[8]/C
                            (rising edge-triggered cell FDRE clocked by hdmi_pxlClk  {rise@0.000ns fall@3.367ns period=6.734ns})
  Destination:            design_1_i/v_tc_0/U0/U_VIDEO_CTRL/AXI4_LITE_INTERFACE.SYNC2PROCCLK_I/data_sync_reg[0][8]/D
                            (rising edge-triggered cell FDRE clocked by clk_fpga_3  {rise@0.000ns fall@3.250ns period=6.499ns})
  Path Group:             clk_fpga_3
  Path Type:              Setup (Max at Slow Process Corner)
  Requirement:            6.734ns  (MaxDelay Path 6.734ns)
  Data Path Delay:        1.260ns  (logic 0.393ns (31.202%)  route 0.867ns (68.798%))
  Logic Levels:           0  
  Timing Exception:       MaxDelay Path 6.734ns -datapath_only

    Location             Delay type                Incr(ns)  Path(ns)    Netlist Resource(s)
  -------------------------------------------------------------------    -------------------
    SLICE_X28Y12                                      0.000     0.000 r  design_1_i/v_tc_0/U0/U_VIDEO_CTRL/AXI4_LITE_INTERFACE.ipif_RdData_reg[8]/C
    SLICE_X28Y12         FDRE (Prop_fdre_C_Q)         0.393     0.393 r  design_1_i/v_tc_0/U0/U_VIDEO_CTRL/AXI4_LITE_INTERFACE.ipif_RdData_reg[8]/Q
                         net (fo=1, routed)           0.867     1.260    design_1_i/v_tc_0/U0/U_VIDEO_CTRL/AXI4_LITE_INTERFACE.SYNC2PROCCLK_I/in_data[8]
    SLICE_X20Y27         FDRE                                         r  design_1_i/v_tc_0/U0/U_VIDEO_CTRL/AXI4_LITE_INTERFACE.SYNC2PROCCLK_I/data_sync_reg[0][8]/D
  -------------------------------------------------------------------    -------------------

                         max delay                    6.734     6.734    
    SLICE_X20Y27         FDRE (Setup_fdre_C_D)       -0.025     6.709    design_1_i/v_tc_0/U0/U_VIDEO_CTRL/AXI4_LITE_INTERFACE.SYNC2PROCCLK_I/data_sync_reg[0][8]
  -------------------------------------------------------------------
                         required time                          6.709    
                         arrival time                          -1.260    
  -------------------------------------------------------------------
                         slack                                  5.449    

Slack (MET) :             5.473ns  (required time - arrival time)
  Source:                 design_1_i/v_tc_0/U0/U_VIDEO_CTRL/AXI4_LITE_INTERFACE.ipif_RdData_reg[6]/C
                            (rising edge-triggered cell FDRE clocked by hdmi_pxlClk  {rise@0.000ns fall@3.367ns period=6.734ns})
  Destination:            design_1_i/v_tc_0/U0/U_VIDEO_CTRL/AXI4_LITE_INTERFACE.SYNC2PROCCLK_I/data_sync_reg[0][6]/D
                            (rising edge-triggered cell FDRE clocked by clk_fpga_3  {rise@0.000ns fall@3.250ns period=6.499ns})
  Path Group:             clk_fpga_3
  Path Type:              Setup (Max at Slow Process Corner)
  Requirement:            6.734ns  (MaxDelay Path 6.734ns)
  Data Path Delay:        1.236ns  (logic 0.393ns (31.796%)  route 0.843ns (68.204%))
  Logic Levels:           0  
  Timing Exception:       MaxDelay Path 6.734ns -datapath_only

    Location             Delay type                Incr(ns)  Path(ns)    Netlist Resource(s)
  -------------------------------------------------------------------    -------------------
    SLICE_X28Y12                                      0.000     0.000 r  design_1_i/v_tc_0/U0/U_VIDEO_CTRL/AXI4_LITE_INTERFACE.ipif_RdData_reg[6]/C
    SLICE_X28Y12         FDRE (Prop_fdre_C_Q)         0.393     0.393 r  design_1_i/v_tc_0/U0/U_VIDEO_CTRL/AXI4_LITE_INTERFACE.ipif_RdData_reg[6]/Q
                         net (fo=1, routed)           0.843     1.236    design_1_i/v_tc_0/U0/U_VIDEO_CTRL/AXI4_LITE_INTERFACE.SYNC2PROCCLK_I/in_data[6]
    SLICE_X20Y25         FDRE                                         r  design_1_i/v_tc_0/U0/U_VIDEO_CTRL/AXI4_LITE_INTERFACE.SYNC2PROCCLK_I/data_sync_reg[0][6]/D
  -------------------------------------------------------------------    -------------------

                         max delay                    6.734     6.734    
    SLICE_X20Y25         FDRE (Setup_fdre_C_D)       -0.025     6.709    design_1_i/v_tc_0/U0/U_VIDEO_CTRL/AXI4_LITE_INTERFACE.SYNC2PROCCLK_I/data_sync_reg[0][6]
  -------------------------------------------------------------------
                         required time                          6.709    
                         arrival time                          -1.236    
  -------------------------------------------------------------------
                         slack                                  5.473    





---------------------------------------------------------------------------------------------------
From Clock:  clk_fpga_3
  To Clock:  hdmi_pxlClk

Setup :            0  Failing Endpoints,  Worst Slack        5.229ns,  Total Violation        0.000ns
Hold  :           NA  Failing Endpoints,  Worst Slack           NA  ,  Total Violation           NA
---------------------------------------------------------------------------------------------------


Max Delay Paths
--------------------------------------------------------------------------------------
Slack (MET) :             5.229ns  (required time - arrival time)
  Source:                 design_1_i/v_tc_0/U0/U_VIDEO_CTRL/AXI4_LITE_INTERFACE.proc_sync1_reg[30]/C
                            (rising edge-triggered cell FDRE clocked by clk_fpga_3  {rise@0.000ns fall@3.250ns period=6.499ns})
  Destination:            design_1_i/v_tc_0/U0/U_VIDEO_CTRL/AXI4_LITE_INTERFACE.SYNC2VIDCLK_I/data_sync_reg[0][30]/D
                            (rising edge-triggered cell FDRE clocked by hdmi_pxlClk  {rise@0.000ns fall@3.367ns period=6.734ns})
  Path Group:             hdmi_pxlClk
  Path Type:              Setup (Max at Slow Process Corner)
  Requirement:            6.499ns  (MaxDelay Path 6.499ns)
  Data Path Delay:        1.203ns  (logic 0.393ns (32.660%)  route 0.810ns (67.340%))
  Logic Levels:           0  
  Timing Exception:       MaxDelay Path 6.499ns -datapath_only

    Location             Delay type                Incr(ns)  Path(ns)    Netlist Resource(s)
  -------------------------------------------------------------------    -------------------
    SLICE_X12Y39                                      0.000     0.000 r  design_1_i/v_tc_0/U0/U_VIDEO_CTRL/AXI4_LITE_INTERFACE.proc_sync1_reg[30]/C
    SLICE_X12Y39         FDRE (Prop_fdre_C_Q)         0.393     0.393 r  design_1_i/v_tc_0/U0/U_VIDEO_CTRL/AXI4_LITE_INTERFACE.proc_sync1_reg[30]/Q
                         net (fo=1, routed)           0.810     1.203    design_1_i/v_tc_0/U0/U_VIDEO_CTRL/AXI4_LITE_INTERFACE.SYNC2VIDCLK_I/data_sync_reg[0][44]_0[30]
    SLICE_X26Y39         FDRE                                         r  design_1_i/v_tc_0/U0/U_VIDEO_CTRL/AXI4_LITE_INTERFACE.SYNC2VIDCLK_I/data_sync_reg[0][30]/D
  -------------------------------------------------------------------    -------------------

                         max delay                    6.499     6.499    
    SLICE_X26Y39         FDRE (Setup_fdre_C_D)       -0.067     6.432    design_1_i/v_tc_0/U0/U_VIDEO_CTRL/AXI4_LITE_INTERFACE.SYNC2VIDCLK_I/data_sync_reg[0][30]
  -------------------------------------------------------------------
                         required time                          6.432    
                         arrival time                          -1.203    
  -------------------------------------------------------------------
                         slack                                  5.229    

Slack (MET) :             5.309ns  (required time - arrival time)
  Source:                 design_1_i/v_tc_0/U0/U_VIDEO_CTRL/AXI4_LITE_INTERFACE.proc_sync1_reg[13]/C
                            (rising edge-triggered cell FDRE clocked by clk_fpga_3  {rise@0.000ns fall@3.250ns period=6.499ns})
  Destination:            design_1_i/v_tc_0/U0/U_VIDEO_CTRL/AXI4_LITE_INTERFACE.SYNC2VIDCLK_I/data_sync_reg[0][13]/D
                            (rising edge-triggered cell FDRE clocked by hdmi_pxlClk  {rise@0.000ns fall@3.367ns period=6.734ns})
  Path Group:             hdmi_pxlClk
  Path Type:              Setup (Max at Slow Process Corner)
  Requirement:            6.499ns  (MaxDelay Path 6.499ns)
  Data Path Delay:        1.021ns  (logic 0.361ns (35.362%)  route 0.660ns (64.638%))
  Logic Levels:           0  
  Timing Exception:       MaxDelay Path 6.499ns -datapath_only

    Location             Delay type                Incr(ns)  Path(ns)    Netlist Resource(s)
  -------------------------------------------------------------------    -------------------
    SLICE_X12Y31                                      0.000     0.000 r  design_1_i/v_tc_0/U0/U_VIDEO_CTRL/AXI4_LITE_INTERFACE.proc_sync1_reg[13]/C
    SLICE_X12Y31         FDRE (Prop_fdre_C_Q)         0.361     0.361 r  design_1_i/v_tc_0/U0/U_VIDEO_CTRL/AXI4_LITE_INTERFACE.proc_sync1_reg[13]/Q
                         net (fo=1, routed)           0.660     1.021    design_1_i/v_tc_0/U0/U_VIDEO_CTRL/AXI4_LITE_INTERFACE.SYNC2VIDCLK_I/data_sync_reg[0][44]_0[13]
    SLICE_X22Y33         FDRE                                         r  design_1_i/v_tc_0/U0/U_VIDEO_CTRL/AXI4_LITE_INTERFACE.SYNC2VIDCLK_I/data_sync_reg[0][13]/D
  -------------------------------------------------------------------    -------------------

                         max delay                    6.499     6.499    
    SLICE_X22Y33         FDRE (Setup_fdre_C_D)       -0.169     6.330    design_1_i/v_tc_0/U0/U_VIDEO_CTRL/AXI4_LITE_INTERFACE.SYNC2VIDCLK_I/data_sync_reg[0][13]
  -------------------------------------------------------------------
                         required time                          6.330    
                         arrival time                          -1.021    
  -------------------------------------------------------------------
                         slack                                  5.309    

Slack (MET) :             5.319ns  (required time - arrival time)
  Source:                 design_1_i/v_tc_0/U0/U_VIDEO_CTRL/AXI4_LITE_INTERFACE.proc_sync1_reg[34]/C
                            (rising edge-triggered cell FDRE clocked by clk_fpga_3  {rise@0.000ns fall@3.250ns period=6.499ns})
  Destination:            design_1_i/v_tc_0/U0/U_VIDEO_CTRL/AXI4_LITE_INTERFACE.SYNC2VIDCLK_I/data_sync_reg[0][34]/D
                            (rising edge-triggered cell FDRE clocked by hdmi_pxlClk  {rise@0.000ns fall@3.367ns period=6.734ns})
  Path Group:             hdmi_pxlClk
  Path Type:              Setup (Max at Slow Process Corner)
  Requirement:            6.499ns  (MaxDelay Path 6.499ns)
  Data Path Delay:        1.009ns  (logic 0.361ns (35.791%)  route 0.648ns (64.209%))
  Logic Levels:           0  
  Timing Exception:       MaxDelay Path 6.499ns -datapath_only

    Location             Delay type                Incr(ns)  Path(ns)    Netlist Resource(s)
  -------------------------------------------------------------------    -------------------
    SLICE_X12Y38                                      0.000     0.000 r  design_1_i/v_tc_0/U0/U_VIDEO_CTRL/AXI4_LITE_INTERFACE.proc_sync1_reg[34]/C
    SLICE_X12Y38         FDRE (Prop_fdre_C_Q)         0.361     0.361 r  design_1_i/v_tc_0/U0/U_VIDEO_CTRL/AXI4_LITE_INTERFACE.proc_sync1_reg[34]/Q
                         net (fo=1, routed)           0.648     1.009    design_1_i/v_tc_0/U0/U_VIDEO_CTRL/AXI4_LITE_INTERFACE.SYNC2VIDCLK_I/data_sync_reg[0][44]_0[34]
    SLICE_X22Y37         FDRE                                         r  design_1_i/v_tc_0/U0/U_VIDEO_CTRL/AXI4_LITE_INTERFACE.SYNC2VIDCLK_I/data_sync_reg[0][34]/D
  -------------------------------------------------------------------    -------------------

                         max delay                    6.499     6.499    
    SLICE_X22Y37         FDRE (Setup_fdre_C_D)       -0.171     6.328    design_1_i/v_tc_0/U0/U_VIDEO_CTRL/AXI4_LITE_INTERFACE.SYNC2VIDCLK_I/data_sync_reg[0][34]
  -------------------------------------------------------------------
                         required time                          6.328    
                         arrival time                          -1.009    
  -------------------------------------------------------------------
                         slack                                  5.319    

Slack (MET) :             5.552ns  (required time - arrival time)
  Source:                 design_1_i/v_axi4s_vid_out_0/inst/COUPLER_INST/generate_async_fifo.FIFO_INST/XPM_FIFO_ASYNC_INST/gnuram_async_fifo.xpm_fifo_base_inst/gen_cdc_pntr.wr_pntr_cdc_dc_inst/src_gray_ff_reg[11]/C
                            (rising edge-triggered cell FDRE clocked by clk_fpga_3  {rise@0.000ns fall@3.250ns period=6.499ns})
  Destination:            design_1_i/v_axi4s_vid_out_0/inst/COUPLER_INST/generate_async_fifo.FIFO_INST/XPM_FIFO_ASYNC_INST/gnuram_async_fifo.xpm_fifo_base_inst/gen_cdc_pntr.wr_pntr_cdc_dc_inst/dest_graysync_ff_reg[0][11]/D
                            (rising edge-triggered cell FDRE clocked by hdmi_pxlClk  {rise@0.000ns fall@3.367ns period=6.734ns})
  Path Group:             hdmi_pxlClk
  Path Type:              Setup (Max at Slow Process Corner)
  Requirement:            6.499ns  (MaxDelay Path 6.499ns)
  Data Path Delay:        0.778ns  (logic 0.361ns (46.423%)  route 0.417ns (53.577%))
  Logic Levels:           0  
  Timing Exception:       MaxDelay Path 6.499ns -datapath_only

    Location             Delay type                Incr(ns)  Path(ns)    Netlist Resource(s)
  -------------------------------------------------------------------    -------------------
    SLICE_X28Y6                                       0.000     0.000 r  design_1_i/v_axi4s_vid_out_0/inst/COUPLER_INST/generate_async_fifo.FIFO_INST/XPM_FIFO_ASYNC_INST/gnuram_async_fifo.xpm_fifo_base_inst/gen_cdc_pntr.wr_pntr_cdc_dc_inst/src_gray_ff_reg[11]/C
    SLICE_X28Y6          FDRE (Prop_fdre_C_Q)         0.361     0.361 r  design_1_i/v_axi4s_vid_out_0/inst/COUPLER_INST/generate_async_fifo.FIFO_INST/XPM_FIFO_ASYNC_INST/gnuram_async_fifo.xpm_fifo_base_inst/gen_cdc_pntr.wr_pntr_cdc_dc_inst/src_gray_ff_reg[11]/Q
                         net (fo=1, routed)           0.417     0.778    design_1_i/v_axi4s_vid_out_0/inst/COUPLER_INST/generate_async_fifo.FIFO_INST/XPM_FIFO_ASYNC_INST/gnuram_async_fifo.xpm_fifo_base_inst/gen_cdc_pntr.wr_pntr_cdc_dc_inst/async_path[11]
    SLICE_X29Y6          FDRE                                         r  design_1_i/v_axi4s_vid_out_0/inst/COUPLER_INST/generate_async_fifo.FIFO_INST/XPM_FIFO_ASYNC_INST/gnuram_async_fifo.xpm_fifo_base_inst/gen_cdc_pntr.wr_pntr_cdc_dc_inst/dest_graysync_ff_reg[0][11]/D
  -------------------------------------------------------------------    -------------------

                         max delay                    6.499     6.499    
    SLICE_X29Y6          FDRE (Setup_fdre_C_D)       -0.169     6.330    design_1_i/v_axi4s_vid_out_0/inst/COUPLER_INST/generate_async_fifo.FIFO_INST/XPM_FIFO_ASYNC_INST/gnuram_async_fifo.xpm_fifo_base_inst/gen_cdc_pntr.wr_pntr_cdc_dc_inst/dest_graysync_ff_reg[0][11]
  -------------------------------------------------------------------
                         required time                          6.330    
                         arrival time                          -0.778    
  -------------------------------------------------------------------
                         slack                                  5.552    

Slack (MET) :             5.577ns  (required time - arrival time)
  Source:                 design_1_i/v_axi4s_vid_out_0/inst/COUPLER_INST/generate_async_fifo.FIFO_INST/XPM_FIFO_ASYNC_INST/gnuram_async_fifo.xpm_fifo_base_inst/gen_cdc_pntr.wr_pntr_cdc_dc_inst/src_gray_ff_reg[9]/C
                            (rising edge-triggered cell FDRE clocked by clk_fpga_3  {rise@0.000ns fall@3.250ns period=6.499ns})
  Destination:            design_1_i/v_axi4s_vid_out_0/inst/COUPLER_INST/generate_async_fifo.FIFO_INST/XPM_FIFO_ASYNC_INST/gnuram_async_fifo.xpm_fifo_base_inst/gen_cdc_pntr.wr_pntr_cdc_dc_inst/dest_graysync_ff_reg[0][9]/D
                            (rising edge-triggered cell FDRE clocked by hdmi_pxlClk  {rise@0.000ns fall@3.367ns period=6.734ns})
  Path Group:             hdmi_pxlClk
  Path Type:              Setup (Max at Slow Process Corner)
  Requirement:            6.499ns  (MaxDelay Path 6.499ns)
  Data Path Delay:        0.792ns  (logic 0.361ns (45.565%)  route 0.431ns (54.435%))
  Logic Levels:           0  
  Timing Exception:       MaxDelay Path 6.499ns -datapath_only

    Location             Delay type                Incr(ns)  Path(ns)    Netlist Resource(s)
  -------------------------------------------------------------------    -------------------
    SLICE_X32Y4                                       0.000     0.000 r  design_1_i/v_axi4s_vid_out_0/inst/COUPLER_INST/generate_async_fifo.FIFO_INST/XPM_FIFO_ASYNC_INST/gnuram_async_fifo.xpm_fifo_base_inst/gen_cdc_pntr.wr_pntr_cdc_dc_inst/src_gray_ff_reg[9]/C
    SLICE_X32Y4          FDRE (Prop_fdre_C_Q)         0.361     0.361 r  design_1_i/v_axi4s_vid_out_0/inst/COUPLER_INST/generate_async_fifo.FIFO_INST/XPM_FIFO_ASYNC_INST/gnuram_async_fifo.xpm_fifo_base_inst/gen_cdc_pntr.wr_pntr_cdc_dc_inst/src_gray_ff_reg[9]/Q
                         net (fo=1, routed)           0.431     0.792    design_1_i/v_axi4s_vid_out_0/inst/COUPLER_INST/generate_async_fifo.FIFO_INST/XPM_FIFO_ASYNC_INST/gnuram_async_fifo.xpm_fifo_base_inst/gen_cdc_pntr.wr_pntr_cdc_dc_inst/async_path[9]
    SLICE_X32Y5          FDRE                                         r  design_1_i/v_axi4s_vid_out_0/inst/COUPLER_INST/generate_async_fifo.FIFO_INST/XPM_FIFO_ASYNC_INST/gnuram_async_fifo.xpm_fifo_base_inst/gen_cdc_pntr.wr_pntr_cdc_dc_inst/dest_graysync_ff_reg[0][9]/D
  -------------------------------------------------------------------    -------------------

                         max delay                    6.499     6.499    
    SLICE_X32Y5          FDRE (Setup_fdre_C_D)       -0.130     6.369    design_1_i/v_axi4s_vid_out_0/inst/COUPLER_INST/generate_async_fifo.FIFO_INST/XPM_FIFO_ASYNC_INST/gnuram_async_fifo.xpm_fifo_base_inst/gen_cdc_pntr.wr_pntr_cdc_dc_inst/dest_graysync_ff_reg[0][9]
  -------------------------------------------------------------------
                         required time                          6.369    
                         arrival time                          -0.792    
  -------------------------------------------------------------------
                         slack                                  5.577    

Slack (MET) :             5.577ns  (required time - arrival time)
  Source:                 design_1_i/v_tc_0/U0/U_VIDEO_CTRL/AXI4_LITE_INTERFACE.proc_sync1_reg[37]/C
                            (rising edge-triggered cell FDRE clocked by clk_fpga_3  {rise@0.000ns fall@3.250ns period=6.499ns})
  Destination:            design_1_i/v_tc_0/U0/U_VIDEO_CTRL/AXI4_LITE_INTERFACE.SYNC2VIDCLK_I/data_sync_reg[0][37]/D
                            (rising edge-triggered cell FDRE clocked by hdmi_pxlClk  {rise@0.000ns fall@3.367ns period=6.734ns})
  Path Group:             hdmi_pxlClk
  Path Type:              Setup (Max at Slow Process Corner)
  Requirement:            6.499ns  (MaxDelay Path 6.499ns)
  Data Path Delay:        0.857ns  (logic 0.341ns (39.790%)  route 0.516ns (60.210%))
  Logic Levels:           0  
  Timing Exception:       MaxDelay Path 6.499ns -datapath_only

    Location             Delay type                Incr(ns)  Path(ns)    Netlist Resource(s)
  -------------------------------------------------------------------    -------------------
    SLICE_X18Y37                                      0.000     0.000 r  design_1_i/v_tc_0/U0/U_VIDEO_CTRL/AXI4_LITE_INTERFACE.proc_sync1_reg[37]/C
    SLICE_X18Y37         FDRE (Prop_fdre_C_Q)         0.341     0.341 r  design_1_i/v_tc_0/U0/U_VIDEO_CTRL/AXI4_LITE_INTERFACE.proc_sync1_reg[37]/Q
                         net (fo=1, routed)           0.516     0.857    design_1_i/v_tc_0/U0/U_VIDEO_CTRL/AXI4_LITE_INTERFACE.SYNC2VIDCLK_I/data_sync_reg[0][44]_0[37]
    SLICE_X25Y37         FDRE                                         r  design_1_i/v_tc_0/U0/U_VIDEO_CTRL/AXI4_LITE_INTERFACE.SYNC2VIDCLK_I/data_sync_reg[0][37]/D
  -------------------------------------------------------------------    -------------------

                         max delay                    6.499     6.499    
    SLICE_X25Y37         FDRE (Setup_fdre_C_D)       -0.065     6.434    design_1_i/v_tc_0/U0/U_VIDEO_CTRL/AXI4_LITE_INTERFACE.SYNC2VIDCLK_I/data_sync_reg[0][37]
  -------------------------------------------------------------------
                         required time                          6.434    
                         arrival time                          -0.857    
  -------------------------------------------------------------------
                         slack                                  5.577    

Slack (MET) :             5.618ns  (required time - arrival time)
  Source:                 design_1_i/v_tc_0/U0/U_VIDEO_CTRL/AXI4_LITE_INTERFACE.proc_sync1_reg[3]/C
                            (rising edge-triggered cell FDRE clocked by clk_fpga_3  {rise@0.000ns fall@3.250ns period=6.499ns})
  Destination:            design_1_i/v_tc_0/U0/U_VIDEO_CTRL/AXI4_LITE_INTERFACE.SYNC2VIDCLK_I/data_sync_reg[0][3]/D
                            (rising edge-triggered cell FDRE clocked by hdmi_pxlClk  {rise@0.000ns fall@3.367ns period=6.734ns})
  Path Group:             hdmi_pxlClk
  Path Type:              Setup (Max at Slow Process Corner)
  Requirement:            6.499ns  (MaxDelay Path 6.499ns)
  Data Path Delay:        0.816ns  (logic 0.341ns (41.796%)  route 0.475ns (58.204%))
  Logic Levels:           0  
  Timing Exception:       MaxDelay Path 6.499ns -datapath_only

    Location             Delay type                Incr(ns)  Path(ns)    Netlist Resource(s)
  -------------------------------------------------------------------    -------------------
    SLICE_X21Y20                                      0.000     0.000 r  design_1_i/v_tc_0/U0/U_VIDEO_CTRL/AXI4_LITE_INTERFACE.proc_sync1_reg[3]/C
    SLICE_X21Y20         FDRE (Prop_fdre_C_Q)         0.341     0.341 r  design_1_i/v_tc_0/U0/U_VIDEO_CTRL/AXI4_LITE_INTERFACE.proc_sync1_reg[3]/Q
                         net (fo=1, routed)           0.475     0.816    design_1_i/v_tc_0/U0/U_VIDEO_CTRL/AXI4_LITE_INTERFACE.SYNC2VIDCLK_I/data_sync_reg[0][44]_0[3]
    SLICE_X22Y17         FDRE                                         r  design_1_i/v_tc_0/U0/U_VIDEO_CTRL/AXI4_LITE_INTERFACE.SYNC2VIDCLK_I/data_sync_reg[0][3]/D
  -------------------------------------------------------------------    -------------------

                         max delay                    6.499     6.499    
    SLICE_X22Y17         FDRE (Setup_fdre_C_D)       -0.065     6.434    design_1_i/v_tc_0/U0/U_VIDEO_CTRL/AXI4_LITE_INTERFACE.SYNC2VIDCLK_I/data_sync_reg[0][3]
  -------------------------------------------------------------------
                         required time                          6.434    
                         arrival time                          -0.816    
  -------------------------------------------------------------------
                         slack                                  5.618    

Slack (MET) :             5.633ns  (required time - arrival time)
  Source:                 design_1_i/v_axi4s_vid_out_0/inst/COUPLER_INST/generate_async_fifo.FIFO_INST/XPM_FIFO_ASYNC_INST/gnuram_async_fifo.xpm_fifo_base_inst/gen_cdc_pntr.wr_pntr_cdc_dc_inst/src_gray_ff_reg[6]/C
                            (rising edge-triggered cell FDRE clocked by clk_fpga_3  {rise@0.000ns fall@3.250ns period=6.499ns})
  Destination:            design_1_i/v_axi4s_vid_out_0/inst/COUPLER_INST/generate_async_fifo.FIFO_INST/XPM_FIFO_ASYNC_INST/gnuram_async_fifo.xpm_fifo_base_inst/gen_cdc_pntr.wr_pntr_cdc_dc_inst/dest_graysync_ff_reg[0][6]/D
                            (rising edge-triggered cell FDRE clocked by hdmi_pxlClk  {rise@0.000ns fall@3.367ns period=6.734ns})
  Path Group:             hdmi_pxlClk
  Path Type:              Setup (Max at Slow Process Corner)
  Requirement:            6.499ns  (MaxDelay Path 6.499ns)
  Data Path Delay:        0.838ns  (logic 0.341ns (40.692%)  route 0.497ns (59.308%))
  Logic Levels:           0  
  Timing Exception:       MaxDelay Path 6.499ns -datapath_only

    Location             Delay type                Incr(ns)  Path(ns)    Netlist Resource(s)
  -------------------------------------------------------------------    -------------------
    SLICE_X27Y3                                       0.000     0.000 r  design_1_i/v_axi4s_vid_out_0/inst/COUPLER_INST/generate_async_fifo.FIFO_INST/XPM_FIFO_ASYNC_INST/gnuram_async_fifo.xpm_fifo_base_inst/gen_cdc_pntr.wr_pntr_cdc_dc_inst/src_gray_ff_reg[6]/C
    SLICE_X27Y3          FDRE (Prop_fdre_C_Q)         0.341     0.341 r  design_1_i/v_axi4s_vid_out_0/inst/COUPLER_INST/generate_async_fifo.FIFO_INST/XPM_FIFO_ASYNC_INST/gnuram_async_fifo.xpm_fifo_base_inst/gen_cdc_pntr.wr_pntr_cdc_dc_inst/src_gray_ff_reg[6]/Q
                         net (fo=1, routed)           0.497     0.838    design_1_i/v_axi4s_vid_out_0/inst/COUPLER_INST/generate_async_fifo.FIFO_INST/XPM_FIFO_ASYNC_INST/gnuram_async_fifo.xpm_fifo_base_inst/gen_cdc_pntr.wr_pntr_cdc_dc_inst/async_path[6]
    SLICE_X32Y3          FDRE                                         r  design_1_i/v_axi4s_vid_out_0/inst/COUPLER_INST/generate_async_fifo.FIFO_INST/XPM_FIFO_ASYNC_INST/gnuram_async_fifo.xpm_fifo_base_inst/gen_cdc_pntr.wr_pntr_cdc_dc_inst/dest_graysync_ff_reg[0][6]/D
  -------------------------------------------------------------------    -------------------

                         max delay                    6.499     6.499    
    SLICE_X32Y3          FDRE (Setup_fdre_C_D)       -0.028     6.471    design_1_i/v_axi4s_vid_out_0/inst/COUPLER_INST/generate_async_fifo.FIFO_INST/XPM_FIFO_ASYNC_INST/gnuram_async_fifo.xpm_fifo_base_inst/gen_cdc_pntr.wr_pntr_cdc_dc_inst/dest_graysync_ff_reg[0][6]
  -------------------------------------------------------------------
                         required time                          6.471    
                         arrival time                          -0.838    
  -------------------------------------------------------------------
                         slack                                  5.633    

Slack (MET) :             5.636ns  (required time - arrival time)
  Source:                 design_1_i/v_tc_0/U0/U_VIDEO_CTRL/AXI4_LITE_INTERFACE.proc_sync1_reg[5]/C
                            (rising edge-triggered cell FDRE clocked by clk_fpga_3  {rise@0.000ns fall@3.250ns period=6.499ns})
  Destination:            design_1_i/v_tc_0/U0/U_VIDEO_CTRL/AXI4_LITE_INTERFACE.SYNC2VIDCLK_I/data_sync_reg[0][5]/D
                            (rising edge-triggered cell FDRE clocked by hdmi_pxlClk  {rise@0.000ns fall@3.367ns period=6.734ns})
  Path Group:             hdmi_pxlClk
  Path Type:              Setup (Max at Slow Process Corner)
  Requirement:            6.499ns  (MaxDelay Path 6.499ns)
  Data Path Delay:        0.798ns  (logic 0.341ns (42.731%)  route 0.457ns (57.269%))
  Logic Levels:           0  
  Timing Exception:       MaxDelay Path 6.499ns -datapath_only

    Location             Delay type                Incr(ns)  Path(ns)    Netlist Resource(s)
  -------------------------------------------------------------------    -------------------
    SLICE_X22Y24                                      0.000     0.000 r  design_1_i/v_tc_0/U0/U_VIDEO_CTRL/AXI4_LITE_INTERFACE.proc_sync1_reg[5]/C
    SLICE_X22Y24         FDRE (Prop_fdre_C_Q)         0.341     0.341 r  design_1_i/v_tc_0/U0/U_VIDEO_CTRL/AXI4_LITE_INTERFACE.proc_sync1_reg[5]/Q
                         net (fo=1, routed)           0.457     0.798    design_1_i/v_tc_0/U0/U_VIDEO_CTRL/AXI4_LITE_INTERFACE.SYNC2VIDCLK_I/data_sync_reg[0][44]_0[5]
    SLICE_X22Y16         FDRE                                         r  design_1_i/v_tc_0/U0/U_VIDEO_CTRL/AXI4_LITE_INTERFACE.SYNC2VIDCLK_I/data_sync_reg[0][5]/D
  -------------------------------------------------------------------    -------------------

                         max delay                    6.499     6.499    
    SLICE_X22Y16         FDRE (Setup_fdre_C_D)       -0.065     6.434    design_1_i/v_tc_0/U0/U_VIDEO_CTRL/AXI4_LITE_INTERFACE.SYNC2VIDCLK_I/data_sync_reg[0][5]
  -------------------------------------------------------------------
                         required time                          6.434    
                         arrival time                          -0.798    
  -------------------------------------------------------------------
                         slack                                  5.636    

Slack (MET) :             5.638ns  (required time - arrival time)
  Source:                 design_1_i/v_tc_0/U0/U_VIDEO_CTRL/AXI4_LITE_INTERFACE.proc_sync1_reg[43]/C
                            (rising edge-triggered cell FDRE clocked by clk_fpga_3  {rise@0.000ns fall@3.250ns period=6.499ns})
  Destination:            design_1_i/v_tc_0/U0/U_VIDEO_CTRL/AXI4_LITE_INTERFACE.SYNC2VIDCLK_I/data_sync_reg[0][43]/D
                            (rising edge-triggered cell FDRE clocked by hdmi_pxlClk  {rise@0.000ns fall@3.367ns period=6.734ns})
  Path Group:             hdmi_pxlClk
  Path Type:              Setup (Max at Slow Process Corner)
  Requirement:            6.499ns  (MaxDelay Path 6.499ns)
  Data Path Delay:        0.794ns  (logic 0.393ns (49.474%)  route 0.401ns (50.526%))
  Logic Levels:           0  
  Timing Exception:       MaxDelay Path 6.499ns -datapath_only

    Location             Delay type                Incr(ns)  Path(ns)    Netlist Resource(s)
  -------------------------------------------------------------------    -------------------
    SLICE_X20Y45                                      0.000     0.000 r  design_1_i/v_tc_0/U0/U_VIDEO_CTRL/AXI4_LITE_INTERFACE.proc_sync1_reg[43]/C
    SLICE_X20Y45         FDRE (Prop_fdre_C_Q)         0.393     0.393 r  design_1_i/v_tc_0/U0/U_VIDEO_CTRL/AXI4_LITE_INTERFACE.proc_sync1_reg[43]/Q
                         net (fo=1, routed)           0.401     0.794    design_1_i/v_tc_0/U0/U_VIDEO_CTRL/AXI4_LITE_INTERFACE.SYNC2VIDCLK_I/data_sync_reg[0][44]_0[43]
    SLICE_X22Y45         FDRE                                         r  design_1_i/v_tc_0/U0/U_VIDEO_CTRL/AXI4_LITE_INTERFACE.SYNC2VIDCLK_I/data_sync_reg[0][43]/D
  -------------------------------------------------------------------    -------------------

                         max delay                    6.499     6.499    
    SLICE_X22Y45         FDRE (Setup_fdre_C_D)       -0.067     6.432    design_1_i/v_tc_0/U0/U_VIDEO_CTRL/AXI4_LITE_INTERFACE.SYNC2VIDCLK_I/data_sync_reg[0][43]
  -------------------------------------------------------------------
                         required time                          6.432    
                         arrival time                          -0.794    
  -------------------------------------------------------------------
                         slack                                  5.638    





